Strain	Genotype	Genotype List Used, >=98.0%	Genotype Sample Title List	Genotype Percent Match List	Genotype Mismatch List	Genotype Average Depth of Coverage List	Date run
A/booby/Ecuador/Flu-0008/2023|NS|EPI_ISL_20450066	Not assigned: Only 1 segments >98.0% match found of total 1 segments in input file	NS:am1.1	am1.1:22-010085-001:NS	98.80%	10	Ran on FASTA - No Coverage Report	2026-05-29_14-48-39
A/chicken/Ecuador/Flu-0009/2023|NP|EPI_ISL_20450053	Not assigned: Only 1 segments >98.0% match found of total 1 segments in input file	NP:am1.4.1	am1.4.1:22-009329-001:NP	99.40%	9	Ran on FASTA - No Coverage Report	2026-05-29_14-48-39
A/chicken/Ecuador/Flu-0009/2023|NA|EPI_ISL_20450053	Not assigned: Only 1 segments >98.0% match found of total 1 segments in input file	NA:ea1	ea1:22-003707-003:NA	99.08%	13	Ran on FASTA - No Coverage Report	2026-05-29_14-48-39
A/chicken/Ecuador/Flu-0009/2023|MP|EPI_ISL_20450053	Not assigned: Only 1 segments >98.0% match found of total 1 segments in input file	MP:ea1	ea1:22-003707-003:MP	99.08%	9	Ran on FASTA - No Coverage Report	2026-05-29_14-48-39
A/chicken/Ecuador/Flu-0009/2023|NS|EPI_ISL_20450053	Not assigned: Only 1 segments >98.0% match found of total 1 segments in input file	NS:am1.1	am1.1:22-010085-001:NS	99.17%	7	Ran on FASTA - No Coverage Report	2026-05-29_14-48-40
A/chicken/Ecuador/Flu-0011/2023|MP|EPI_ISL_20450054	Not assigned: Only 1 segments >98.0% match found of total 1 segments in input file	MP:ea1	ea1:22-003707-003:MP	99.08%	9	Ran on FASTA - No Coverage Report	2026-05-29_14-48-40
A/chicken/Ecuador/Flu-0011/2023|NS|EPI_ISL_20450054	Not assigned: Only 1 segments >98.0% match found of total 1 segments in input file	NS:am1.1	am1.1:22-010085-001:NS	99.40%	5	Ran on FASTA - No Coverage Report	2026-05-29_14-48-40
A/chicken/Ecuador/Flu-0013/2023|HA|EPI_ISL_20450055	Not assigned: Only 1 segments >98.0% match found of total 1 segments in input file	HA:ea1	ea1:22-003707-003:HA	99.18%	14	Ran on FASTA - No Coverage Report	2026-05-29_14-48-40
A/chicken/Ecuador/Flu-0013/2023|NP|EPI_ISL_20450055	Not assigned: Only 1 segments >98.0% match found of total 1 segments in input file	NP:am1.4.1	am1.4.1:22-009329-001:NP	99.40%	9	Ran on FASTA - No Coverage Report	2026-05-29_14-48-40
A/chicken/Ecuador/Flu-0013/2023|NA|EPI_ISL_20450055	Not assigned: Only 1 segments >98.0% match found of total 1 segments in input file	NA:ea1	ea1:22-003707-003:NA	99.36%	9	Ran on FASTA - No Coverage Report	2026-05-29_14-48-40
A/chicken/Ecuador/Flu-0013/2023|MP|EPI_ISL_20450055	Not assigned: Only 1 segments >98.0% match found of total 1 segments in input file	MP:ea1	ea1:22-003707-003:MP	99.29%	7	Ran on FASTA - No Coverage Report	2026-05-29_14-48-41
A/chicken/Ecuador/Flu-0013/2023|NS|EPI_ISL_20450055	Not assigned: Only 1 segments >98.0% match found of total 1 segments in input file	NS:am1.1	am1.1:22-010085-001:NS	99.28%	6	Ran on FASTA - No Coverage Report	2026-05-29_14-48-41
A/booby/Ecuador/Flu-0014/2023|NS|EPI_ISL_20450067	Not assigned: Only 1 segments >98.0% match found of total 1 segments in input file	NS:am1.1	am1.1:22-010085-001:NS	98.93%	9	Ran on FASTA - No Coverage Report	2026-05-29_14-48-41
A/unknown/Ecuador/Flu-0018/2023|NS|EPI_ISL_20450056	Not assigned: Only 1 segments >98.0% match found of total 1 segments in input file	NS:am1.1	am1.1:22-010085-001:NS	98.93%	9	Ran on FASTA - No Coverage Report	2026-05-29_14-48-41
A/shearwater/Ecuador/Flu-0023/2023|HA|EPI_ISL_20450068	Not assigned: Only 1 segments >98.0% match found of total 1 segments in input file	HA:ea1	ea1:22-003707-003:HA	98.71%	19	Ran on FASTA - No Coverage Report	2026-05-29_14-48-41
A/shearwater/Ecuador/Flu-0023/2023|NP|EPI_ISL_20450068	Not assigned: Only 1 segments >98.0% match found of total 1 segments in input file	NP:am1.4.1	am1.4.1:22-009329-001:NP	99.06%	14	Ran on FASTA - No Coverage Report	2026-05-29_14-48-41
A/shearwater/Ecuador/Flu-0023/2023|NA|EPI_ISL_20450068	Not assigned: Only 1 segments >98.0% match found of total 1 segments in input file	NA:ea1	ea1:22-003707-003:NA	99.29%	10	Ran on FASTA - No Coverage Report	2026-05-29_14-48-41
A/shearwater/Ecuador/Flu-0023/2023|MP|EPI_ISL_20450068	Not assigned: Only 1 segments >98.0% match found of total 1 segments in input file	MP:ea1	ea1:22-003707-003:MP	99.29%	7	Ran on FASTA - No Coverage Report	2026-05-29_14-48-42
A/shearwater/Ecuador/Flu-0023/2023|NS|EPI_ISL_20450068	Not assigned: Only 1 segments >98.0% match found of total 1 segments in input file	NS:am1.1	am1.1:22-010085-001:NS	99.52%	4	Ran on FASTA - No Coverage Report	2026-05-29_14-48-42
A/shearwater/Ecuador/Flu-0027/2023|MP|EPI_ISL_20450069	Not assigned: Only 1 segments >98.0% match found of total 1 segments in input file	MP:ea1	ea1:22-003707-003:MP	99.29%	7	Ran on FASTA - No Coverage Report	2026-05-29_14-48-42
A/shearwater/Ecuador/Flu-0027/2023|NS|EPI_ISL_20450069	Not assigned: Only 1 segments >98.0% match found of total 1 segments in input file	NS:am1.1	am1.1:22-010085-001:NS	99.28%	6	Ran on FASTA - No Coverage Report	2026-05-29_14-48-42
A/tern/Ecuador/Flu-0035/2023|NP|EPI_ISL_20450070	Not assigned: Only 1 segments >98.0% match found of total 1 segments in input file	NP:am1.4.1	am1.4.1:22-009329-001:NP	99.53%	7	Ran on FASTA - No Coverage Report	2026-05-29_14-48-42
A/tern/Ecuador/Flu-0035/2023|MP|EPI_ISL_20450070	Not assigned: Only 1 segments >98.0% match found of total 1 segments in input file	MP:ea1	ea1:22-003707-003:MP	99.08%	9	Ran on FASTA - No Coverage Report	2026-05-29_14-48-42
A/tern/Ecuador/Flu-0035/2023|NS|EPI_ISL_20450070	Not assigned: Only 1 segments >98.0% match found of total 1 segments in input file	NS:am1.1	am1.1:22-010085-001:NS	99.17%	7	Ran on FASTA - No Coverage Report	2026-05-29_14-48-43
A/shearwater/Ecuador/Flu-0055/2023|MP|EPI_ISL_20450071	Not assigned: Only 1 segments >98.0% match found of total 1 segments in input file	MP:ea1	ea1:22-003707-003:MP	98.98%	10	Ran on FASTA - No Coverage Report	2026-05-29_14-48-43
A/shearwater/Ecuador/Flu-0205/2023|MP|EPI_ISL_20450072	Not assigned: Only 1 segments >98.0% match found of total 1 segments in input file	MP:ea1	ea1:22-003707-003:MP	98.97%	10	Ran on FASTA - No Coverage Report	2026-05-29_14-48-43
A/shearwater/Ecuador/Flu-0206/2023|MP|EPI_ISL_20450073	Not assigned: Only 1 segments >98.0% match found of total 1 segments in input file	MP:ea1	ea1:22-003707-003:MP	99.29%	7	Ran on FASTA - No Coverage Report	2026-05-29_14-48-43
A/shearwater/Ecuador/Flu-0206/2023|NS|EPI_ISL_20450073	Not assigned: Only 1 segments >98.0% match found of total 1 segments in input file	NS:am1.1	am1.1:22-010085-001:NS	98.68%	11	Ran on FASTA - No Coverage Report	2026-05-29_14-48-43
A/duck/Ecuador/Flu-0314/2023|NA|EPI_ISL_20450057	Not assigned: Only 1 segments >98.0% match found of total 1 segments in input file	NA:ea1	ea1:22-003707-003:NA	98.94%	15	Ran on FASTA - No Coverage Report	2026-05-29_14-48-43
A/duck/Ecuador/Flu-0314/2023|MP|EPI_ISL_20450057	Not assigned: Only 1 segments >98.0% match found of total 1 segments in input file	MP:ea1	ea1:22-003707-003:MP	98.98%	10	Ran on FASTA - No Coverage Report	2026-05-29_14-48-43
A/duck/Ecuador/Flu-0314/2023|NS|EPI_ISL_20450057	Not assigned: Only 1 segments >98.0% match found of total 1 segments in input file	NS:am1.1	am1.1:22-010085-001:NS	99.28%	6	Ran on FASTA - No Coverage Report	2026-05-29_14-48-39
A/chicken/Ecuador/Flu-0316/2023|PB2|EPI_ISL_20450058	Not assigned: Only 1 segments >98.0% match found of total 1 segments in input file	PB2:am2.1	am2.1:22-009329-001:PB2	99.17%	19	Ran on FASTA - No Coverage Report	2026-05-29_14-48-39
A/chicken/Ecuador/Flu-0316/2023|PB1|EPI_ISL_20450058	Not assigned: Only 1 segments >98.0% match found of total 1 segments in input file	PB1:am1.2	am1.2:22-010085-001:PB1	99.30%	16	Ran on FASTA - No Coverage Report	2026-05-29_14-48-39
A/chicken/Ecuador/Flu-0316/2023|PA|EPI_ISL_20450058	Not assigned: Only 1 segments >98.0% match found of total 1 segments in input file	PA:ea1	ea1:22-003707-003:PA	99.21%	17	Ran on FASTA - No Coverage Report	2026-05-29_14-48-39
A/chicken/Ecuador/Flu-0316/2023|HA|EPI_ISL_20450058	Not assigned: Only 1 segments >98.0% match found of total 1 segments in input file	HA:ea1	ea1:22-003707-003:HA	98.94%	18	Ran on FASTA - No Coverage Report	2026-05-29_14-48-40
A/chicken/Ecuador/Flu-0316/2023|NP|EPI_ISL_20450058	Not assigned: Only 1 segments >98.0% match found of total 1 segments in input file	NP:am1.4.1	am1.4.1:22-009329-001:NP	99.20%	12	Ran on FASTA - No Coverage Report	2026-05-29_14-48-40
A/chicken/Ecuador/Flu-0316/2023|NA|EPI_ISL_20450058	Not assigned: Only 1 segments >98.0% match found of total 1 segments in input file	NA:ea1	ea1:22-003707-003:NA	99.01%	14	Ran on FASTA - No Coverage Report	2026-05-29_14-48-40
A/chicken/Ecuador/Flu-0316/2023|MP|EPI_ISL_20450058	Not assigned: Only 1 segments >98.0% match found of total 1 segments in input file	MP:ea1	ea1:22-003707-003:MP	98.98%	10	Ran on FASTA - No Coverage Report	2026-05-29_14-48-40
A/chicken/Ecuador/Flu-0316/2023|NS|EPI_ISL_20450058	Not assigned: Only 1 segments >98.0% match found of total 1 segments in input file	NS:am1.1	am1.1:22-010085-001:NS	99.28%	6	Ran on FASTA - No Coverage Report	2026-05-29_14-48-40
A/chicken/Ecuador/Flu-0317/2023|PB2|EPI_ISL_20450059	Not assigned: Only 1 segments >98.0% match found of total 1 segments in input file	PB2:am2.1	am2.1:22-009329-001:PB2	99.17%	19	Ran on FASTA - No Coverage Report	2026-05-29_14-48-40
A/chicken/Ecuador/Flu-0317/2023|PB1|EPI_ISL_20450059	Not assigned: Only 1 segments >98.0% match found of total 1 segments in input file	PB1:am1.2	am1.2:22-010085-001:PB1	99.30%	16	Ran on FASTA - No Coverage Report	2026-05-29_14-48-41
A/chicken/Ecuador/Flu-0317/2023|PA|EPI_ISL_20450059	Not assigned: Only 1 segments >98.0% match found of total 1 segments in input file	PA:ea1	ea1:22-003707-003:PA	99.21%	17	Ran on FASTA - No Coverage Report	2026-05-29_14-48-41
A/chicken/Ecuador/Flu-0317/2023|HA|EPI_ISL_20450059	Not assigned: Only 1 segments >98.0% match found of total 1 segments in input file	HA:ea1	ea1:22-003707-003:HA	99.00%	17	Ran on FASTA - No Coverage Report	2026-05-29_14-48-41
A/chicken/Ecuador/Flu-0317/2023|NP|EPI_ISL_20450059	Not assigned: Only 1 segments >98.0% match found of total 1 segments in input file	NP:am1.4.1	am1.4.1:22-009329-001:NP	99.20%	12	Ran on FASTA - No Coverage Report	2026-05-29_14-48-41
A/chicken/Ecuador/Flu-0317/2023|NA|EPI_ISL_20450059	Not assigned: Only 1 segments >98.0% match found of total 1 segments in input file	NA:ea1	ea1:22-003707-003:NA	99.01%	14	Ran on FASTA - No Coverage Report	2026-05-29_14-48-41
A/chicken/Ecuador/Flu-0317/2023|MP|EPI_ISL_20450059	Not assigned: Only 1 segments >98.0% match found of total 1 segments in input file	MP:ea1	ea1:22-003707-003:MP	98.98%	10	Ran on FASTA - No Coverage Report	2026-05-29_14-48-41
A/chicken/Ecuador/Flu-0317/2023|NS|EPI_ISL_20450059	Not assigned: Only 1 segments >98.0% match found of total 1 segments in input file	NS:am1.1	am1.1:22-010085-001:NS	99.28%	6	Ran on FASTA - No Coverage Report	2026-05-29_14-48-41
A/chicken/Ecuador/Flu-0318/2023|PB2|EPI_ISL_20450060	Not assigned: Only 1 segments >98.0% match found of total 1 segments in input file	PB2:am2.1	am2.1:22-009329-001:PB2	99.08%	21	Ran on FASTA - No Coverage Report	2026-05-29_14-48-42
A/chicken/Ecuador/Flu-0318/2023|PB1|EPI_ISL_20450060	Not assigned: Only 1 segments >98.0% match found of total 1 segments in input file	PB1:am1.2	am1.2:22-010085-001:PB1	99.25%	17	Ran on FASTA - No Coverage Report	2026-05-29_14-48-42
A/chicken/Ecuador/Flu-0318/2023|PA|EPI_ISL_20450060	Not assigned: Only 1 segments >98.0% match found of total 1 segments in input file	PA:ea1	ea1:22-003707-003:PA	99.21%	17	Ran on FASTA - No Coverage Report	2026-05-29_14-48-42
A/chicken/Ecuador/Flu-0318/2023|NP|EPI_ISL_20450060	Not assigned: Only 1 segments >98.0% match found of total 1 segments in input file	NP:am1.4.1	am1.4.1:22-009329-001:NP	99.33%	10	Ran on FASTA - No Coverage Report	2026-05-29_14-48-42
A/chicken/Ecuador/Flu-0318/2023|NA|EPI_ISL_20450060	Not assigned: Only 1 segments >98.0% match found of total 1 segments in input file	NA:ea1	ea1:22-003707-003:NA	98.94%	15	Ran on FASTA - No Coverage Report	2026-05-29_14-48-42
A/chicken/Ecuador/Flu-0318/2023|MP|EPI_ISL_20450060	Not assigned: Only 1 segments >98.0% match found of total 1 segments in input file	MP:ea1	ea1:22-003707-003:MP	98.98%	10	Ran on FASTA - No Coverage Report	2026-05-29_14-48-42
A/chicken/Ecuador/Flu-0318/2023|NS|EPI_ISL_20450060	Not assigned: Only 1 segments >98.0% match found of total 1 segments in input file	NS:am1.1	am1.1:22-010085-001:NS	99.28%	6	Ran on FASTA - No Coverage Report	2026-05-29_14-48-42
A/chicken/Ecuador/Flu-0321/2023|NA|EPI_ISL_20450061	Not assigned: Only 1 segments >98.0% match found of total 1 segments in input file	NA:ea1	ea1:22-003707-003:NA	98.94%	15	Ran on FASTA - No Coverage Report	2026-05-29_14-48-43
A/chicken/Ecuador/Flu-0321/2023|MP|EPI_ISL_20450061	Not assigned: Only 1 segments >98.0% match found of total 1 segments in input file	MP:ea1	ea1:22-003707-003:MP	98.98%	10	Ran on FASTA - No Coverage Report	2026-05-29_14-48-43
A/chicken/Ecuador/Flu-0321/2023|NS|EPI_ISL_20450061	Not assigned: Only 1 segments >98.0% match found of total 1 segments in input file	NS:am1.1	am1.1:22-010085-001:NS	99.28%	6	Ran on FASTA - No Coverage Report	2026-05-29_14-48-43
A/chicken/Ecuador/Flu-0323/2023|MP|EPI_ISL_20450062	Not assigned: Only 1 segments >98.0% match found of total 1 segments in input file	MP:ea1	ea1:22-003707-003:MP	98.88%	11	Ran on FASTA - No Coverage Report	2026-05-29_14-48-43
A/chicken/Ecuador/Flu-0323/2023|NS|EPI_ISL_20450062	Not assigned: Only 1 segments >98.0% match found of total 1 segments in input file	NS:am1.1	am1.1:22-010085-001:NS	99.17%	7	Ran on FASTA - No Coverage Report	2026-05-29_14-48-43
A/chicken/Ecuador/Flu-0325/2023|NP|EPI_ISL_20450063	Not assigned: Only 0 segments >98.0% match found of total 1 segments in input file		am1.4.1:22-009329-001:NP	97.97%	18	Ran on FASTA - No Coverage Report	2026-05-29_14-48-43
A/chicken/Ecuador/Flu-0325/2023|MP|EPI_ISL_20450063	Not assigned: Only 1 segments >98.0% match found of total 1 segments in input file	MP:ea1	ea1:22-003707-003:MP	98.88%	11	Ran on FASTA - No Coverage Report	2026-05-29_14-48-39
A/chicken/Ecuador/Flu-0325/2023|NS|EPI_ISL_20450063	Not assigned: Only 1 segments >98.0% match found of total 1 segments in input file	NS:am1.1	am1.1:22-010085-001:NS	99.17%	7	Ran on FASTA - No Coverage Report	2026-05-29_14-48-39
A/chicken/Ecuador/Flu-0326/2023|NP|EPI_ISL_20450064	Not assigned: Only 1 segments >98.0% match found of total 1 segments in input file	NP:am1.4.1	am1.4.1:22-009329-001:NP	99.13%	13	Ran on FASTA - No Coverage Report	2026-05-29_14-48-39
A/chicken/Ecuador/Flu-0326/2023|MP|EPI_ISL_20450064	Not assigned: Only 1 segments >98.0% match found of total 1 segments in input file	MP:ea1	ea1:22-003707-003:MP	98.88%	11	Ran on FASTA - No Coverage Report	2026-05-29_14-48-39
A/chicken/Ecuador/Flu-0326/2023|NS|EPI_ISL_20450064	Not assigned: Only 1 segments >98.0% match found of total 1 segments in input file	NS:am1.1	am1.1:22-010085-001:NS	99.17%	7	Ran on FASTA - No Coverage Report	2026-05-29_14-48-40
A/chicken/Ecuador/Flu-0330/2023|NP|EPI_ISL_20450065	Not assigned: Only 1 segments >98.0% match found of total 1 segments in input file	NP:am1.4.1	am1.4.1:22-009329-001:NP	99.20%	12	Ran on FASTA - No Coverage Report	2026-05-29_14-48-40
A/chicken/Ecuador/Flu-0330/2023|MP|EPI_ISL_20450065	Not assigned: Only 1 segments >98.0% match found of total 1 segments in input file	MP:ea1	ea1:22-003707-003:MP	98.98%	10	Ran on FASTA - No Coverage Report	2026-05-29_14-48-40
A/chicken/Ecuador/Flu-0330/2023|NS|EPI_ISL_20450065	Not assigned: Only 1 segments >98.0% match found of total 1 segments in input file	NS:am1.1	am1.1:22-010085-001:NS	99.28%	6	Ran on FASTA - No Coverage Report	2026-05-29_14-48-40
A/frigatebird/Ecuador/Flu-0402/2023|PB2|EPI_ISL_20450074	Not assigned: Only 1 segments >98.0% match found of total 1 segments in input file	PB2:am2.1	am2.1:22-009329-001:PB2	98.95%	24	Ran on FASTA - No Coverage Report	2026-05-29_14-48-40
A/frigatebird/Ecuador/Flu-0402/2023|PB1|EPI_ISL_20450074	Not assigned: Only 1 segments >98.0% match found of total 1 segments in input file	PB1:am1.2	am1.2:22-010085-001:PB1	99.03%	22	Ran on FASTA - No Coverage Report	2026-05-29_14-48-40
A/frigatebird/Ecuador/Flu-0402/2023|PA|EPI_ISL_20450074	Not assigned: Only 1 segments >98.0% match found of total 1 segments in input file	PA:ea1	ea1:22-003707-003:PA	99.40%	13	Ran on FASTA - No Coverage Report	2026-05-29_14-48-41
A/frigatebird/Ecuador/Flu-0402/2023|HA|EPI_ISL_20450074	Not assigned: Only 1 segments >98.0% match found of total 1 segments in input file	HA:ea1	ea1:22-003707-003:HA	98.59%	24	Ran on FASTA - No Coverage Report	2026-05-29_14-48-41
A/frigatebird/Ecuador/Flu-0402/2023|NA|EPI_ISL_20450074	Not assigned: Only 1 segments >98.0% match found of total 1 segments in input file	NA:ea1	ea1:22-003707-003:NA	98.94%	15	Ran on FASTA - No Coverage Report	2026-05-29_14-48-41
A/frigatebird/Ecuador/Flu-0402/2023|MP|EPI_ISL_20450074	Not assigned: Only 1 segments >98.0% match found of total 1 segments in input file	MP:ea1	ea1:22-003707-003:MP	99.19%	8	Ran on FASTA - No Coverage Report	2026-05-29_14-48-41
A/frigatebird/Ecuador/Flu-0402/2023|NS|EPI_ISL_20450074	Not assigned: Only 1 segments >98.0% match found of total 1 segments in input file	NS:am1.1	am1.1:22-010085-001:NS	98.93%	9	Ran on FASTA - No Coverage Report	2026-05-29_14-48-41
A/frigatebird/Ecuador/Flu-0403/2023|MP|EPI_ISL_20450075	Not assigned: Only 1 segments >98.0% match found of total 1 segments in input file	MP:ea1	ea1:22-003707-003:MP	99.19%	8	Ran on FASTA - No Coverage Report	2026-05-29_14-48-41
A/frigatebird/Ecuador/Flu-0406/2023|PB2|EPI_ISL_20450076	Not assigned: Only 1 segments >98.0% match found of total 1 segments in input file	PB2:am2.1	am2.1:22-009329-001:PB2	98.82%	18	Ran on FASTA - No Coverage Report	2026-05-29_14-48-41
A/frigatebird/Ecuador/Flu-0406/2023|PB1|EPI_ISL_20450076	Not assigned: Only 1 segments >98.0% match found of total 1 segments in input file	PB1:am1.2	am1.2:22-010085-001:PB1	98.90%	25	Ran on FASTA - No Coverage Report	2026-05-29_14-48-42
A/frigatebird/Ecuador/Flu-0406/2023|PA|EPI_ISL_20450076	Not assigned: Only 1 segments >98.0% match found of total 1 segments in input file	PA:ea1	ea1:22-003707-003:PA	99.35%	14	Ran on FASTA - No Coverage Report	2026-05-29_14-48-42
A/frigatebird/Ecuador/Flu-0406/2023|HA|EPI_ISL_20450076	Not assigned: Only 1 segments >98.0% match found of total 1 segments in input file	HA:ea1	ea1:22-003707-003:HA	98.77%	21	Ran on FASTA - No Coverage Report	2026-05-29_14-48-42
A/frigatebird/Ecuador/Flu-0406/2023|NP|EPI_ISL_20450076	Not assigned: Only 1 segments >98.0% match found of total 1 segments in input file	NP:am1.4.1	am1.4.1:22-009329-001:NP	99.20%	12	Ran on FASTA - No Coverage Report	2026-05-29_14-48-42
A/frigatebird/Ecuador/Flu-0406/2023|NA|EPI_ISL_20450076	Not assigned: Only 1 segments >98.0% match found of total 1 segments in input file	NA:ea1	ea1:22-003707-003:NA	98.94%	15	Ran on FASTA - No Coverage Report	2026-05-29_14-48-42
A/frigatebird/Ecuador/Flu-0406/2023|MP|EPI_ISL_20450076	Not assigned: Only 1 segments >98.0% match found of total 1 segments in input file	MP:ea1	ea1:22-003707-003:MP	99.39%	6	Ran on FASTA - No Coverage Report	2026-05-29_14-48-42
A/frigatebird/Ecuador/Flu-0406/2023|NS|EPI_ISL_20450076	Not assigned: Only 1 segments >98.0% match found of total 1 segments in input file	NS:am1.1	am1.1:22-010085-001:NS	98.57%	12	Ran on FASTA - No Coverage Report	2026-05-29_14-48-43
A/frigatebird/Ecuador/Flu-0407/2023|PB2|EPI_ISL_20450096	Not assigned: Only 1 segments >98.0% match found of total 1 segments in input file	PB2:am2.1	am2.1:22-009329-001:PB2	98.90%	25	Ran on FASTA - No Coverage Report	2026-05-29_14-48-43
A/frigatebird/Ecuador/Flu-0407/2023|PB1|EPI_ISL_20450096	Not assigned: Only 1 segments >98.0% match found of total 1 segments in input file	PB1:am1.2	am1.2:22-010085-001:PB1	98.90%	25	Ran on FASTA - No Coverage Report	2026-05-29_14-48-43
A/frigatebird/Ecuador/Flu-0407/2023|HA|EPI_ISL_20450096	Not assigned: Only 1 segments >98.0% match found of total 1 segments in input file	HA:ea1	ea1:22-003707-003:HA	98.77%	21	Ran on FASTA - No Coverage Report	2026-05-29_14-48-43
A/frigatebird/Ecuador/Flu-0407/2023|NP|EPI_ISL_20450096	Not assigned: Only 1 segments >98.0% match found of total 1 segments in input file	NP:am1.4.1	am1.4.1:22-009329-001:NP	99.13%	13	Ran on FASTA - No Coverage Report	2026-05-29_14-48-43
A/frigatebird/Ecuador/Flu-0407/2023|NA|EPI_ISL_20450096	Not assigned: Only 1 segments >98.0% match found of total 1 segments in input file	NA:ea1	ea1:22-003707-003:NA	98.94%	15	Ran on FASTA - No Coverage Report	2026-05-29_14-48-43
A/frigatebird/Ecuador/Flu-0407/2023|MP|EPI_ISL_20450096	Not assigned: Only 1 segments >98.0% match found of total 1 segments in input file	MP:ea1	ea1:22-003707-003:MP	99.39%	6	Ran on FASTA - No Coverage Report	2026-05-29_14-48-43
A/frigatebird/Ecuador/Flu-0407/2023|NS|EPI_ISL_20450096	Not assigned: Only 1 segments >98.0% match found of total 1 segments in input file	NS:am1.1	am1.1:22-010085-001:NS	98.69%	11	Ran on FASTA - No Coverage Report	2026-05-29_14-48-39
A/frigatebird/Ecuador/Flu-0410/2023|NS|EPI_ISL_20450097	Not assigned: Only 1 segments >98.0% match found of total 1 segments in input file	NS:am1.1	am1.1:22-010085-001:NS	98.20%	15	Ran on FASTA - No Coverage Report	2026-05-29_14-48-39
A/chicken/Ecuador/Flu-0413/2022|MP|EPI_ISL_20450077	Not assigned: Only 1 segments >98.0% match found of total 1 segments in input file	MP:ea1	ea1:22-003707-003:MP	99.29%	7	Ran on FASTA - No Coverage Report	2026-05-29_14-48-39
A/chicken/Ecuador/Flu-0418/2022|MP|EPI_ISL_20450078	Not assigned: Only 1 segments >98.0% match found of total 1 segments in input file	MP:ea1	ea1:22-003707-003:MP	98.88%	11	Ran on FASTA - No Coverage Report	2026-05-29_14-48-39
A/chicken/Ecuador/Flu-0423/2022|NS|EPI_ISL_20450079	Not assigned: Only 1 segments >98.0% match found of total 1 segments in input file	NS:am1.1	am1.1:22-010085-001:NS	98.20%	15	Ran on FASTA - No Coverage Report	2026-05-29_14-48-40
A/chicken/Ecuador/Flu-0440/2022|NA|EPI_ISL_20450080	Not assigned: Only 1 segments >98.0% match found of total 1 segments in input file	NA:ea1	ea1:22-003707-003:NA	98.86%	16	Ran on FASTA - No Coverage Report	2026-05-29_14-48-40
A/chicken/Ecuador/Flu-0450/2023|HA|EPI_ISL_20450081	Not assigned: Only 1 segments >98.0% match found of total 1 segments in input file	HA:ea1	ea1:22-003707-003:HA	98.48%	17	Ran on FASTA - No Coverage Report	2026-05-29_14-48-40
A/chicken/Ecuador/Flu-0450/2023|NA|EPI_ISL_20450081	Not assigned: Only 1 segments >98.0% match found of total 1 segments in input file	NA:ea1	ea1:22-003707-003:NA	98.72%	18	Ran on FASTA - No Coverage Report	2026-05-29_14-48-40
A/duck/Ecuador/Flu-0451/2023|NS|EPI_ISL_20450098	Not assigned: Only 1 segments >98.0% match found of total 1 segments in input file	NS:am1.1	am1.1:22-010085-001:NS	98.45%	13	Ran on FASTA - No Coverage Report	2026-05-29_14-48-40
A/chicken/Ecuador/Flu-0456/2023|NA|EPI_ISL_20450082	Not assigned: Only 1 segments >98.0% match found of total 1 segments in input file	NA:ea1	ea1:22-003707-003:NA	98.86%	16	Ran on FASTA - No Coverage Report	2026-05-29_14-48-40
A/chicken/Ecuador/Flu-0457/2023|MP|EPI_ISL_20450083	Not assigned: Only 1 segments >98.0% match found of total 1 segments in input file	MP:ea1	ea1:22-003707-003:MP	99.19%	8	Ran on FASTA - No Coverage Report	2026-05-29_14-48-41
A/chicken/Ecuador/Flu-0465/2023|HA|EPI_ISL_20450084	Not assigned: Only 0 segments >98.0% match found of total 1 segments in input file		ea1:22-003707-003:HA	93.38%	60	Ran on FASTA - No Coverage Report	2026-05-29_14-48-41
A/chicken/Ecuador/Flu-0472/2023|HA|EPI_ISL_20450085	Not assigned: Only 1 segments >98.0% match found of total 1 segments in input file	HA:ea1	ea1:22-003707-003:HA	98.59%	24	Ran on FASTA - No Coverage Report	2026-05-29_14-48-41
A/chicken/Ecuador/Flu-0472/2023|NA|EPI_ISL_20450085	Not assigned: Only 1 segments >98.0% match found of total 1 segments in input file	NA:ea1	ea1:22-003707-003:NA	98.26%	24	Ran on FASTA - No Coverage Report	2026-05-29_14-48-41
A/frigatebird/Ecuador/Flu-0578/2023|PB1|EPI_ISL_20450099	Not assigned: Only 1 segments >98.0% match found of total 1 segments in input file	PB1:am1.2	am1.2:22-010085-001:PB1	99.08%	21	Ran on FASTA - No Coverage Report	2026-05-29_14-48-41
A/frigatebird/Ecuador/Flu-0578/2023|HA|EPI_ISL_20450099	Not assigned: Only 1 segments >98.0% match found of total 1 segments in input file	HA:ea1	ea1:22-003707-003:HA	98.53%	25	Ran on FASTA - No Coverage Report	2026-05-29_14-48-41
A/frigatebird/Ecuador/Flu-0578/2023|NA|EPI_ISL_20450099	Not assigned: Only 1 segments >98.0% match found of total 1 segments in input file	NA:ea1	ea1:22-003707-003:NA	99.15%	12	Ran on FASTA - No Coverage Report	2026-05-29_14-48-42
A/frigatebird/Ecuador/Flu-0578/2023|MP|EPI_ISL_20450099	Not assigned: Only 1 segments >98.0% match found of total 1 segments in input file	MP:ea1	ea1:22-003707-003:MP	99.39%	6	Ran on FASTA - No Coverage Report	2026-05-29_14-48-42
A/frigatebird/Ecuador/Flu-0578/2023|NS|EPI_ISL_20450099	Not assigned: Only 1 segments >98.0% match found of total 1 segments in input file	NS:am1.1	am1.1:22-010085-001:NS	98.57%	12	Ran on FASTA - No Coverage Report	2026-05-29_14-48-42
A/chicken/Ecuador/Flu-0580/2022|PB2|EPI_ISL_20450086	Not assigned: Only 1 segments >98.0% match found of total 1 segments in input file	PB2:am2.1	am2.1:22-009329-001:PB2	99.21%	18	Ran on FASTA - No Coverage Report	2026-05-29_14-48-42
A/chicken/Ecuador/Flu-0580/2022|PB1|EPI_ISL_20450086	Not assigned: Only 1 segments >98.0% match found of total 1 segments in input file	PB1:am1.2	am1.2:22-010085-001:PB1	99.34%	15	Ran on FASTA - No Coverage Report	2026-05-29_14-48-42
A/chicken/Ecuador/Flu-0580/2022|PA|EPI_ISL_20450086	Not assigned: Only 1 segments >98.0% match found of total 1 segments in input file	PA:ea1	ea1:22-003707-003:PA	99.35%	14	Ran on FASTA - No Coverage Report	2026-05-29_14-48-42
A/chicken/Ecuador/Flu-0580/2022|HA|EPI_ISL_20450086	Not assigned: Only 1 segments >98.0% match found of total 1 segments in input file	HA:ea1	ea1:22-003707-003:HA	99.12%	15	Ran on FASTA - No Coverage Report	2026-05-29_14-48-42
A/chicken/Ecuador/Flu-0580/2022|NP|EPI_ISL_20450086	Not assigned: Only 1 segments >98.0% match found of total 1 segments in input file	NP:am1.4.1	am1.4.1:22-009329-001:NP	99.53%	7	Ran on FASTA - No Coverage Report	2026-05-29_14-48-43
A/chicken/Ecuador/Flu-0580/2022|NA|EPI_ISL_20450086	Not assigned: Only 1 segments >98.0% match found of total 1 segments in input file	NA:ea1	ea1:22-003707-003:NA	99.01%	14	Ran on FASTA - No Coverage Report	2026-05-29_14-48-43
A/chicken/Ecuador/Flu-0580/2022|MP|EPI_ISL_20450086	Not assigned: Only 1 segments >98.0% match found of total 1 segments in input file	MP:ea1	ea1:22-003707-003:MP	99.19%	8	Ran on FASTA - No Coverage Report	2026-05-29_14-48-43
A/chicken/Ecuador/Flu-0580/2022|NS|EPI_ISL_20450086	Not assigned: Only 1 segments >98.0% match found of total 1 segments in input file	NS:am1.1	am1.1:22-010085-001:NS	99.28%	6	Ran on FASTA - No Coverage Report	2026-05-29_14-48-43
A/chicken/Ecuador/Flu-0582/2022|PB2|EPI_ISL_20450087	Not assigned: Only 1 segments >98.0% match found of total 1 segments in input file	PB2:am2.1	am2.1:22-009329-001:PB2	99.25%	17	Ran on FASTA - No Coverage Report	2026-05-29_14-48-43
A/chicken/Ecuador/Flu-0582/2022|PB1|EPI_ISL_20450087	Not assigned: Only 1 segments >98.0% match found of total 1 segments in input file	PB1:am1.2	am1.2:22-010085-001:PB1	99.38%	14	Ran on FASTA - No Coverage Report	2026-05-29_14-48-43
A/chicken/Ecuador/Flu-0582/2022|PA|EPI_ISL_20450087	Not assigned: Only 1 segments >98.0% match found of total 1 segments in input file	PA:ea1	ea1:22-003707-003:PA	99.44%	12	Ran on FASTA - No Coverage Report	2026-05-29_14-48-43
A/chicken/Ecuador/Flu-0582/2022|HA|EPI_ISL_20450087	Not assigned: Only 1 segments >98.0% match found of total 1 segments in input file	HA:ea1	ea1:22-003707-003:HA	99.24%	13	Ran on FASTA - No Coverage Report	2026-05-29_14-48-39
A/chicken/Ecuador/Flu-0582/2022|NP|EPI_ISL_20450087	Not assigned: Only 1 segments >98.0% match found of total 1 segments in input file	NP:am1.4.1	am1.4.1:22-009329-001:NP	99.47%	8	Ran on FASTA - No Coverage Report	2026-05-29_14-48-39
A/chicken/Ecuador/Flu-0582/2022|NA|EPI_ISL_20450087	Not assigned: Only 1 segments >98.0% match found of total 1 segments in input file	NA:ea1	ea1:22-003707-003:NA	99.29%	10	Ran on FASTA - No Coverage Report	2026-05-29_14-48-39
A/chicken/Ecuador/Flu-0582/2022|MP|EPI_ISL_20450087	Not assigned: Only 1 segments >98.0% match found of total 1 segments in input file	MP:ea1	ea1:22-003707-003:MP	99.19%	8	Ran on FASTA - No Coverage Report	2026-05-29_14-48-39
A/chicken/Ecuador/Flu-0582/2022|NS|EPI_ISL_20450087	Not assigned: Only 1 segments >98.0% match found of total 1 segments in input file	NS:am1.1	am1.1:22-010085-001:NS	99.40%	5	Ran on FASTA - No Coverage Report	2026-05-29_14-48-40
A/chicken/Ecuador/Flu-0583/2022|PB2|EPI_ISL_20387860	Not assigned: Only 1 segments >98.0% match found of total 1 segments in input file	PB2:am2.1	am2.1:22-009329-001:PB2	99.30%	16	Ran on FASTA - No Coverage Report	2026-05-29_14-48-40
A/chicken/Ecuador/Flu-0583/2022|PB1|EPI_ISL_20387860	Not assigned: Only 1 segments >98.0% match found of total 1 segments in input file	PB1:am1.2	am1.2:22-010085-001:PB1	99.38%	14	Ran on FASTA - No Coverage Report	2026-05-29_14-48-40
A/chicken/Ecuador/Flu-0583/2022|PA|EPI_ISL_20387860	Not assigned: Only 1 segments >98.0% match found of total 1 segments in input file	PA:ea1	ea1:22-003707-003:PA	99.40%	13	Ran on FASTA - No Coverage Report	2026-05-29_14-48-40
A/chicken/Ecuador/Flu-0583/2022|HA|EPI_ISL_20387860	Not assigned: Only 1 segments >98.0% match found of total 1 segments in input file	HA:ea1	ea1:22-003707-003:HA	99.24%	13	Ran on FASTA - No Coverage Report	2026-05-29_14-48-40
A/chicken/Ecuador/Flu-0583/2022|NP|EPI_ISL_20387860	Not assigned: Only 1 segments >98.0% match found of total 1 segments in input file	NP:am1.4.1	am1.4.1:22-009329-001:NP	99.53%	7	Ran on FASTA - No Coverage Report	2026-05-29_14-48-40
A/chicken/Ecuador/Flu-0583/2022|NA|EPI_ISL_20387860	Not assigned: Only 1 segments >98.0% match found of total 1 segments in input file	NA:ea1	ea1:22-003707-003:NA	99.29%	10	Ran on FASTA - No Coverage Report	2026-05-29_14-48-41
A/chicken/Ecuador/Flu-0583/2022|MP|EPI_ISL_20387860	Not assigned: Only 1 segments >98.0% match found of total 1 segments in input file	MP:ea1	ea1:22-003707-003:MP	99.19%	8	Ran on FASTA - No Coverage Report	2026-05-29_14-48-41
A/chicken/Ecuador/Flu-0583/2022|NS|EPI_ISL_20387860	Not assigned: Only 1 segments >98.0% match found of total 1 segments in input file	NS:am1.1	am1.1:22-010085-001:NS	99.40%	5	Ran on FASTA - No Coverage Report	2026-05-29_14-48-41
A/chicken/Ecuador/Flu-0584/2022|PB2|EPI_ISL_20387861	Not assigned: Only 1 segments >98.0% match found of total 1 segments in input file	PB2:am2.1	am2.1:22-009329-001:PB2	99.34%	15	Ran on FASTA - No Coverage Report	2026-05-29_14-48-41
A/chicken/Ecuador/Flu-0584/2022|PB1|EPI_ISL_20387861	Not assigned: Only 1 segments >98.0% match found of total 1 segments in input file	PB1:am1.2	am1.2:22-010085-001:PB1	99.43%	13	Ran on FASTA - No Coverage Report	2026-05-29_14-48-41
A/chicken/Ecuador/Flu-0584/2022|PA|EPI_ISL_20387861	Not assigned: Only 1 segments >98.0% match found of total 1 segments in input file	PA:ea1	ea1:22-003707-003:PA	99.44%	12	Ran on FASTA - No Coverage Report	2026-05-29_14-48-41
A/chicken/Ecuador/Flu-0584/2022|HA|EPI_ISL_20387861	Not assigned: Only 1 segments >98.0% match found of total 1 segments in input file	HA:ea1	ea1:22-003707-003:HA	99.24%	13	Ran on FASTA - No Coverage Report	2026-05-29_14-48-42
A/chicken/Ecuador/Flu-0584/2022|NP|EPI_ISL_20387861	Not assigned: Only 1 segments >98.0% match found of total 1 segments in input file	NP:am1.4.1	am1.4.1:22-009329-001:NP	99.60%	6	Ran on FASTA - No Coverage Report	2026-05-29_14-48-42
A/chicken/Ecuador/Flu-0584/2022|NA|EPI_ISL_20387861	Not assigned: Only 1 segments >98.0% match found of total 1 segments in input file	NA:ea1	ea1:22-003707-003:NA	99.43%	8	Ran on FASTA - No Coverage Report	2026-05-29_14-48-42
A/chicken/Ecuador/Flu-0584/2022|MP|EPI_ISL_20387861	Not assigned: Only 1 segments >98.0% match found of total 1 segments in input file	MP:ea1	ea1:22-003707-003:MP	99.19%	8	Ran on FASTA - No Coverage Report	2026-05-29_14-48-42
A/chicken/Ecuador/Flu-0584/2022|NS|EPI_ISL_20387861	Not assigned: Only 1 segments >98.0% match found of total 1 segments in input file	NS:am1.1	am1.1:22-010085-001:NS	99.40%	5	Ran on FASTA - No Coverage Report	2026-05-29_14-48-42
A/chicken/Ecuador/Flu-0585/2022|PB2|EPI_ISL_20450088	Not assigned: Only 1 segments >98.0% match found of total 1 segments in input file	PB2:am2.1	am2.1:22-009329-001:PB2	98.64%	31	Ran on FASTA - No Coverage Report	2026-05-29_14-48-42
A/chicken/Ecuador/Flu-0585/2022|PA|EPI_ISL_20450088	Not assigned: Only 1 segments >98.0% match found of total 1 segments in input file	PA:ea1	ea1:22-003707-003:PA	99.44%	12	Ran on FASTA - No Coverage Report	2026-05-29_14-48-43
A/chicken/Ecuador/Flu-0585/2022|HA|EPI_ISL_20450088	Not assigned: Only 0 segments >98.0% match found of total 1 segments in input file		ea1:22-003707-003:HA	97.53%	39	Ran on FASTA - No Coverage Report	2026-05-29_14-48-43
A/chicken/Ecuador/Flu-0585/2022|NP|EPI_ISL_20450088	Not assigned: Only 1 segments >98.0% match found of total 1 segments in input file	NP:am1.4.1	am1.4.1:22-009329-001:NP	99.60%	6	Ran on FASTA - No Coverage Report	2026-05-29_14-48-43
A/chicken/Ecuador/Flu-0585/2022|NA|EPI_ISL_20450088	Not assigned: Only 1 segments >98.0% match found of total 1 segments in input file	NA:ea1	ea1:22-003707-003:NA	99.08%	13	Ran on FASTA - No Coverage Report	2026-05-29_14-48-43
A/chicken/Ecuador/Flu-0585/2022|MP|EPI_ISL_20450088	Not assigned: Only 1 segments >98.0% match found of total 1 segments in input file	MP:ea1	ea1:22-003707-003:MP	99.08%	9	Ran on FASTA - No Coverage Report	2026-05-29_14-48-43
A/chicken/Ecuador/Flu-0585/2022|NS|EPI_ISL_20450088	Not assigned: Only 1 segments >98.0% match found of total 1 segments in input file	NS:am1.1	am1.1:22-010085-001:NS	99.40%	5	Ran on FASTA - No Coverage Report	2026-05-29_14-48-43
A/chicken/Ecuador/Flu-0586/2022|PB2|EPI_ISL_20387862	Not assigned: Only 1 segments >98.0% match found of total 1 segments in input file	PB2:am2.1	am2.1:22-009329-001:PB2	99.34%	15	Ran on FASTA - No Coverage Report	2026-05-29_14-48-43
A/chicken/Ecuador/Flu-0586/2022|PB1|EPI_ISL_20387862	Not assigned: Only 1 segments >98.0% match found of total 1 segments in input file	PB1:am1.2	am1.2:22-010085-001:PB1	99.34%	15	Ran on FASTA - No Coverage Report	2026-05-29_14-48-43
A/chicken/Ecuador/Flu-0586/2022|PA|EPI_ISL_20387862	Not assigned: Only 1 segments >98.0% match found of total 1 segments in input file	PA:ea1	ea1:22-003707-003:PA	99.44%	12	Ran on FASTA - No Coverage Report	2026-05-29_14-48-39
A/chicken/Ecuador/Flu-0586/2022|HA|EPI_ISL_20387862	Not assigned: Only 1 segments >98.0% match found of total 1 segments in input file	HA:ea1	ea1:22-003707-003:HA	99.24%	13	Ran on FASTA - No Coverage Report	2026-05-29_14-48-39
A/chicken/Ecuador/Flu-0586/2022|NP|EPI_ISL_20387862	Not assigned: Only 1 segments >98.0% match found of total 1 segments in input file	NP:am1.4.1	am1.4.1:22-009329-001:NP	99.60%	6	Ran on FASTA - No Coverage Report	2026-05-29_14-48-39
A/chicken/Ecuador/Flu-0586/2022|NA|EPI_ISL_20387862	Not assigned: Only 1 segments >98.0% match found of total 1 segments in input file	NA:ea1	ea1:22-003707-003:NA	99.43%	8	Ran on FASTA - No Coverage Report	2026-05-29_14-48-39
A/chicken/Ecuador/Flu-0586/2022|MP|EPI_ISL_20387862	Not assigned: Only 1 segments >98.0% match found of total 1 segments in input file	MP:ea1	ea1:22-003707-003:MP	99.08%	9	Ran on FASTA - No Coverage Report	2026-05-29_14-48-40
A/chicken/Ecuador/Flu-0586/2022|NS|EPI_ISL_20387862	Not assigned: Only 1 segments >98.0% match found of total 1 segments in input file	NS:am1.1	am1.1:22-010085-001:NS	99.28%	6	Ran on FASTA - No Coverage Report	2026-05-29_14-48-40
A/chicken/Ecuador/Flu-0587/2022|PB1|EPI_ISL_20450089	Not assigned: Only 1 segments >98.0% match found of total 1 segments in input file	PB1:am1.2	am1.2:22-010085-001:PB1	99.43%	13	Ran on FASTA - No Coverage Report	2026-05-29_14-48-40
A/chicken/Ecuador/Flu-0587/2022|PA|EPI_ISL_20450089	Not assigned: Only 1 segments >98.0% match found of total 1 segments in input file	PA:ea1	ea1:22-003707-003:PA	99.40%	13	Ran on FASTA - No Coverage Report	2026-05-29_14-48-40
A/chicken/Ecuador/Flu-0587/2022|HA|EPI_ISL_20450089	Not assigned: Only 1 segments >98.0% match found of total 1 segments in input file	HA:ea1	ea1:22-003707-003:HA	99.24%	13	Ran on FASTA - No Coverage Report	2026-05-29_14-48-40
A/chicken/Ecuador/Flu-0587/2022|NP|EPI_ISL_20450089	Not assigned: Only 1 segments >98.0% match found of total 1 segments in input file	NP:am1.4.1	am1.4.1:22-009329-001:NP	99.60%	6	Ran on FASTA - No Coverage Report	2026-05-29_14-48-40
A/chicken/Ecuador/Flu-0587/2022|NA|EPI_ISL_20450089	Not assigned: Only 1 segments >98.0% match found of total 1 segments in input file	NA:ea1	ea1:22-003707-003:NA	99.29%	10	Ran on FASTA - No Coverage Report	2026-05-29_14-48-41
A/chicken/Ecuador/Flu-0587/2022|MP|EPI_ISL_20450089	Not assigned: Only 1 segments >98.0% match found of total 1 segments in input file	MP:ea1	ea1:22-003707-003:MP	99.08%	9	Ran on FASTA - No Coverage Report	2026-05-29_14-48-41
A/chicken/Ecuador/Flu-0587/2022|NS|EPI_ISL_20450089	Not assigned: Only 1 segments >98.0% match found of total 1 segments in input file	NS:am1.1	am1.1:22-010085-001:NS	99.28%	6	Ran on FASTA - No Coverage Report	2026-05-29_14-48-41
A/chicken/Ecuador/Flu-0589/2022|PB2|EPI_ISL_20387863	Not assigned: Only 1 segments >98.0% match found of total 1 segments in input file	PB2:am2.1	am2.1:22-009329-001:PB2	99.34%	15	Ran on FASTA - No Coverage Report	2026-05-29_14-48-41
A/chicken/Ecuador/Flu-0589/2022|PB1|EPI_ISL_20387863	Not assigned: Only 1 segments >98.0% match found of total 1 segments in input file	PB1:am1.2	am1.2:22-010085-001:PB1	99.43%	13	Ran on FASTA - No Coverage Report	2026-05-29_14-48-41
A/chicken/Ecuador/Flu-0589/2022|PA|EPI_ISL_20387863	Not assigned: Only 1 segments >98.0% match found of total 1 segments in input file	PA:ea1	ea1:22-003707-003:PA	99.40%	13	Ran on FASTA - No Coverage Report	2026-05-29_14-48-41
A/chicken/Ecuador/Flu-0589/2022|HA|EPI_ISL_20387863	Not assigned: Only 1 segments >98.0% match found of total 1 segments in input file	HA:ea1	ea1:22-003707-003:HA	99.24%	13	Ran on FASTA - No Coverage Report	2026-05-29_14-48-41
A/chicken/Ecuador/Flu-0589/2022|NP|EPI_ISL_20387863	Not assigned: Only 1 segments >98.0% match found of total 1 segments in input file	NP:am1.4.1	am1.4.1:22-009329-001:NP	99.60%	6	Ran on FASTA - No Coverage Report	2026-05-29_14-48-42
A/chicken/Ecuador/Flu-0589/2022|NA|EPI_ISL_20387863	Not assigned: Only 1 segments >98.0% match found of total 1 segments in input file	NA:ea1	ea1:22-003707-003:NA	99.36%	9	Ran on FASTA - No Coverage Report	2026-05-29_14-48-42
A/chicken/Ecuador/Flu-0589/2022|MP|EPI_ISL_20387863	Not assigned: Only 1 segments >98.0% match found of total 1 segments in input file	MP:ea1	ea1:22-003707-003:MP	99.08%	9	Ran on FASTA - No Coverage Report	2026-05-29_14-48-42
A/chicken/Ecuador/Flu-0589/2022|NS|EPI_ISL_20387863	Not assigned: Only 1 segments >98.0% match found of total 1 segments in input file	NS:am1.1	am1.1:22-010085-001:NS	99.40%	5	Ran on FASTA - No Coverage Report	2026-05-29_14-48-42
A/chicken/Ecuador/Flu-0590/2022|PB2|EPI_ISL_20450090	Not assigned: Only 1 segments >98.0% match found of total 1 segments in input file	PB2:am2.1	am2.1:22-009329-001:PB2	99.25%	17	Ran on FASTA - No Coverage Report	2026-05-29_14-48-42
A/chicken/Ecuador/Flu-0590/2022|PB1|EPI_ISL_20450090	Not assigned: Only 1 segments >98.0% match found of total 1 segments in input file	PB1:am1.2	am1.2:22-010085-001:PB1	99.34%	15	Ran on FASTA - No Coverage Report	2026-05-29_14-48-42
A/chicken/Ecuador/Flu-0590/2022|PA|EPI_ISL_20450090	Not assigned: Only 1 segments >98.0% match found of total 1 segments in input file	PA:ea1	ea1:22-003707-003:PA	99.35%	14	Ran on FASTA - No Coverage Report	2026-05-29_14-48-42
A/chicken/Ecuador/Flu-0590/2022|HA|EPI_ISL_20450090	Not assigned: Only 1 segments >98.0% match found of total 1 segments in input file	HA:ea1	ea1:22-003707-003:HA	99.06%	16	Ran on FASTA - No Coverage Report	2026-05-29_14-48-43
A/chicken/Ecuador/Flu-0590/2022|NP|EPI_ISL_20450090	Not assigned: Only 1 segments >98.0% match found of total 1 segments in input file	NP:am1.4.1	am1.4.1:22-009329-001:NP	99.53%	7	Ran on FASTA - No Coverage Report	2026-05-29_14-48-43
A/chicken/Ecuador/Flu-0590/2022|MP|EPI_ISL_20450090	Not assigned: Only 1 segments >98.0% match found of total 1 segments in input file	MP:ea1	ea1:22-003707-003:MP	99.08%	9	Ran on FASTA - No Coverage Report	2026-05-29_14-48-43
A/chicken/Ecuador/Flu-0590/2022|NS|EPI_ISL_20450090	Not assigned: Only 1 segments >98.0% match found of total 1 segments in input file	NS:am1.1	am1.1:22-010085-001:NS	99.40%	5	Ran on FASTA - No Coverage Report	2026-05-29_14-48-43
A/chicken/Ecuador/Flu-0592/2022|PB2|EPI_ISL_20387864	Not assigned: Only 1 segments >98.0% match found of total 1 segments in input file	PB2:am2.1	am2.1:22-009329-001:PB2	99.34%	15	Ran on FASTA - No Coverage Report	2026-05-29_14-48-43
A/chicken/Ecuador/Flu-0592/2022|PB1|EPI_ISL_20387864	Not assigned: Only 1 segments >98.0% match found of total 1 segments in input file	PB1:am1.2	am1.2:22-010085-001:PB1	99.38%	14	Ran on FASTA - No Coverage Report	2026-05-29_14-48-43
A/chicken/Ecuador/Flu-0592/2022|PA|EPI_ISL_20387864	Not assigned: Only 1 segments >98.0% match found of total 1 segments in input file	PA:ea1	ea1:22-003707-003:PA	99.40%	13	Ran on FASTA - No Coverage Report	2026-05-29_14-48-39
A/chicken/Ecuador/Flu-0592/2022|HA|EPI_ISL_20387864	Not assigned: Only 1 segments >98.0% match found of total 1 segments in input file	HA:ea1	ea1:22-003707-003:HA	99.18%	14	Ran on FASTA - No Coverage Report	2026-05-29_14-48-39
A/chicken/Ecuador/Flu-0592/2022|NP|EPI_ISL_20387864	Not assigned: Only 1 segments >98.0% match found of total 1 segments in input file	NP:am1.4.1	am1.4.1:22-009329-001:NP	99.60%	6	Ran on FASTA - No Coverage Report	2026-05-29_14-48-39
A/chicken/Ecuador/Flu-0592/2022|NA|EPI_ISL_20387864	Not assigned: Only 1 segments >98.0% match found of total 1 segments in input file	NA:ea1	ea1:22-003707-003:NA	99.36%	9	Ran on FASTA - No Coverage Report	2026-05-29_14-48-39
A/chicken/Ecuador/Flu-0592/2022|MP|EPI_ISL_20387864	Not assigned: Only 1 segments >98.0% match found of total 1 segments in input file	MP:ea1	ea1:22-003707-003:MP	99.19%	8	Ran on FASTA - No Coverage Report	2026-05-29_14-48-40
A/chicken/Ecuador/Flu-0592/2022|NS|EPI_ISL_20387864	Not assigned: Only 1 segments >98.0% match found of total 1 segments in input file	NS:am1.1	am1.1:22-010085-001:NS	99.28%	6	Ran on FASTA - No Coverage Report	2026-05-29_14-48-40
A/chicken/Ecuador/Flu-0593/2022|PB2|EPI_ISL_20387865	Not assigned: Only 1 segments >98.0% match found of total 1 segments in input file	PB2:am2.1	am2.1:22-009329-001:PB2	99.34%	15	Ran on FASTA - No Coverage Report	2026-05-29_14-48-40
A/chicken/Ecuador/Flu-0593/2022|PB1|EPI_ISL_20387865	Not assigned: Only 1 segments >98.0% match found of total 1 segments in input file	PB1:am1.2	am1.2:22-010085-001:PB1	99.38%	14	Ran on FASTA - No Coverage Report	2026-05-29_14-48-40
A/chicken/Ecuador/Flu-0593/2022|PA|EPI_ISL_20387865	Not assigned: Only 1 segments >98.0% match found of total 1 segments in input file	PA:ea1	ea1:22-003707-003:PA	99.40%	13	Ran on FASTA - No Coverage Report	2026-05-29_14-48-40
A/chicken/Ecuador/Flu-0593/2022|HA|EPI_ISL_20387865	Not assigned: Only 1 segments >98.0% match found of total 1 segments in input file	HA:ea1	ea1:22-003707-003:HA	99.24%	13	Ran on FASTA - No Coverage Report	2026-05-29_14-48-40
A/chicken/Ecuador/Flu-0593/2022|NP|EPI_ISL_20387865	Not assigned: Only 1 segments >98.0% match found of total 1 segments in input file	NP:am1.4.1	am1.4.1:22-009329-001:NP	99.60%	6	Ran on FASTA - No Coverage Report	2026-05-29_14-48-41
A/chicken/Ecuador/Flu-0593/2022|NA|EPI_ISL_20387865	Not assigned: Only 1 segments >98.0% match found of total 1 segments in input file	NA:ea1	ea1:22-003707-003:NA	99.36%	9	Ran on FASTA - No Coverage Report	2026-05-29_14-48-41
A/chicken/Ecuador/Flu-0593/2022|MP|EPI_ISL_20387865	Not assigned: Only 1 segments >98.0% match found of total 1 segments in input file	MP:ea1	ea1:22-003707-003:MP	99.19%	8	Ran on FASTA - No Coverage Report	2026-05-29_14-48-41
A/chicken/Ecuador/Flu-0593/2022|NS|EPI_ISL_20387865	Not assigned: Only 1 segments >98.0% match found of total 1 segments in input file	NS:am1.1	am1.1:22-010085-001:NS	99.28%	6	Ran on FASTA - No Coverage Report	2026-05-29_14-48-41
A/chicken/Ecuador/Flu-0594/2023|NP|EPI_ISL_20450091	Not assigned: Only 0 segments >98.0% match found of total 1 segments in input file		am1.4.1:22-009329-001:NP	96.69%	49	Ran on FASTA - No Coverage Report	2026-05-29_14-48-41
A/chicken/Ecuador/Flu-0594/2023|MP|EPI_ISL_20450091	Not assigned: Only 1 segments >98.0% match found of total 1 segments in input file	MP:ea1	ea1:22-003707-003:MP	99.19%	8	Ran on FASTA - No Coverage Report	2026-05-29_14-48-41
A/chicken/Ecuador/Flu-0594/2023|NS|EPI_ISL_20450091	Not assigned: Only 1 segments >98.0% match found of total 1 segments in input file	NS:am1.1	am1.1:22-010085-001:NS	99.17%	7	Ran on FASTA - No Coverage Report	2026-05-29_14-48-41
A/chicken/Ecuador/Flu-0595/2023|PB2|EPI_ISL_20450092	Not assigned: Only 1 segments >98.0% match found of total 1 segments in input file	PB2:am2.1	am2.1:22-009329-001:PB2	99.30%	16	Ran on FASTA - No Coverage Report	2026-05-29_14-48-42
A/chicken/Ecuador/Flu-0595/2023|PB1|EPI_ISL_20450092	Not assigned: Only 1 segments >98.0% match found of total 1 segments in input file	PB1:am1.2	am1.2:22-010085-001:PB1	99.43%	13	Ran on FASTA - No Coverage Report	2026-05-29_14-48-42
A/chicken/Ecuador/Flu-0595/2023|PA|EPI_ISL_20450092	Not assigned: Only 1 segments >98.0% match found of total 1 segments in input file	PA:ea1	ea1:22-003707-003:PA	99.44%	12	Ran on FASTA - No Coverage Report	2026-05-29_14-48-42
A/chicken/Ecuador/Flu-0595/2023|NP|EPI_ISL_20450092	Not assigned: Only 1 segments >98.0% match found of total 1 segments in input file	NP:am1.4.1	am1.4.1:22-009329-001:NP	99.53%	7	Ran on FASTA - No Coverage Report	2026-05-29_14-48-42
A/chicken/Ecuador/Flu-0595/2023|NA|EPI_ISL_20450092	Not assigned: Only 1 segments >98.0% match found of total 1 segments in input file	NA:ea1	ea1:22-003707-003:NA	99.43%	8	Ran on FASTA - No Coverage Report	2026-05-29_14-48-42
A/chicken/Ecuador/Flu-0595/2023|MP|EPI_ISL_20450092	Not assigned: Only 1 segments >98.0% match found of total 1 segments in input file	MP:ea1	ea1:22-003707-003:MP	99.19%	8	Ran on FASTA - No Coverage Report	2026-05-29_14-48-42
A/chicken/Ecuador/Flu-0595/2023|NS|EPI_ISL_20450092	Not assigned: Only 1 segments >98.0% match found of total 1 segments in input file	NS:am1.1	am1.1:22-010085-001:NS	99.40%	5	Ran on FASTA - No Coverage Report	2026-05-29_14-48-42
A/chicken/Ecuador/Flu-0596/2023|PB2|EPI_ISL_20387866	Not assigned: Only 1 segments >98.0% match found of total 1 segments in input file	PB2:am2.1	am2.1:22-009329-001:PB2	99.25%	17	Ran on FASTA - No Coverage Report	2026-05-29_14-48-43
A/chicken/Ecuador/Flu-0596/2023|PB1|EPI_ISL_20387866	Not assigned: Only 1 segments >98.0% match found of total 1 segments in input file	PB1:am1.2	am1.2:22-010085-001:PB1	99.43%	13	Ran on FASTA - No Coverage Report	2026-05-29_14-48-43
A/chicken/Ecuador/Flu-0596/2023|PA|EPI_ISL_20387866	Not assigned: Only 1 segments >98.0% match found of total 1 segments in input file	PA:ea1	ea1:22-003707-003:PA	99.35%	14	Ran on FASTA - No Coverage Report	2026-05-29_14-48-43
A/chicken/Ecuador/Flu-0596/2023|HA|EPI_ISL_20387866	Not assigned: Only 1 segments >98.0% match found of total 1 segments in input file	HA:ea1	ea1:22-003707-003:HA	99.06%	16	Ran on FASTA - No Coverage Report	2026-05-29_14-48-43
A/chicken/Ecuador/Flu-0596/2023|NP|EPI_ISL_20387866	Not assigned: Only 1 segments >98.0% match found of total 1 segments in input file	NP:am1.4.1	am1.4.1:22-009329-001:NP	99.47%	8	Ran on FASTA - No Coverage Report	2026-05-29_14-48-43
A/chicken/Ecuador/Flu-0596/2023|NA|EPI_ISL_20387866	Not assigned: Only 1 segments >98.0% match found of total 1 segments in input file	NA:ea1	ea1:22-003707-003:NA	99.29%	10	Ran on FASTA - No Coverage Report	2026-05-29_14-48-43
A/chicken/Ecuador/Flu-0596/2023|MP|EPI_ISL_20387866	Not assigned: Only 1 segments >98.0% match found of total 1 segments in input file	MP:ea1	ea1:22-003707-003:MP	99.19%	8	Ran on FASTA - No Coverage Report	2026-05-29_14-48-39
A/chicken/Ecuador/Flu-0596/2023|NS|EPI_ISL_20387866	Not assigned: Only 1 segments >98.0% match found of total 1 segments in input file	NS:am1.1	am1.1:22-010085-001:NS	99.40%	5	Ran on FASTA - No Coverage Report	2026-05-29_14-48-39
A/chicken/Ecuador/Flu-0597/2023|NP|EPI_ISL_20450093	Not assigned: Only 1 segments >98.0% match found of total 1 segments in input file	NP:am1.4.1	am1.4.1:22-009329-001:NP	99.53%	7	Ran on FASTA - No Coverage Report	2026-05-29_14-48-39
A/chicken/Ecuador/Flu-0597/2023|NA|EPI_ISL_20450093	Not assigned: Only 1 segments >98.0% match found of total 1 segments in input file	NA:ea1	ea1:22-003707-003:NA	99.29%	10	Ran on FASTA - No Coverage Report	2026-05-29_14-48-40
A/chicken/Ecuador/Flu-0597/2023|MP|EPI_ISL_20450093	Not assigned: Only 1 segments >98.0% match found of total 1 segments in input file	MP:ea1	ea1:22-003707-003:MP	99.19%	8	Ran on FASTA - No Coverage Report	2026-05-29_14-48-40
A/chicken/Ecuador/Flu-0597/2023|NS|EPI_ISL_20450093	Not assigned: Only 1 segments >98.0% match found of total 1 segments in input file	NS:am1.1	am1.1:22-010085-001:NS	99.17%	7	Ran on FASTA - No Coverage Report	2026-05-29_14-48-40
A/chicken/Ecuador/Flu-0598/2023|PB2|EPI_ISL_20450094	Not assigned: Only 1 segments >98.0% match found of total 1 segments in input file	PB2:am2.1	am2.1:22-009329-001:PB2	99.30%	16	Ran on FASTA - No Coverage Report	2026-05-29_14-48-40
A/chicken/Ecuador/Flu-0598/2023|PB1|EPI_ISL_20450094	Not assigned: Only 1 segments >98.0% match found of total 1 segments in input file	PB1:am1.2	am1.2:22-010085-001:PB1	99.34%	15	Ran on FASTA - No Coverage Report	2026-05-29_14-48-40
A/chicken/Ecuador/Flu-0598/2023|PA|EPI_ISL_20450094	Not assigned: Only 1 segments >98.0% match found of total 1 segments in input file	PA:ea1	ea1:22-003707-003:PA	99.40%	13	Ran on FASTA - No Coverage Report	2026-05-29_14-48-40
A/chicken/Ecuador/Flu-0598/2023|NP|EPI_ISL_20450094	Not assigned: Only 1 segments >98.0% match found of total 1 segments in input file	NP:am1.4.1	am1.4.1:22-009329-001:NP	99.60%	6	Ran on FASTA - No Coverage Report	2026-05-29_14-48-41
A/chicken/Ecuador/Flu-0598/2023|NA|EPI_ISL_20450094	Not assigned: Only 1 segments >98.0% match found of total 1 segments in input file	NA:ea1	ea1:22-003707-003:NA	99.08%	13	Ran on FASTA - No Coverage Report	2026-05-29_14-48-41
A/chicken/Ecuador/Flu-0598/2023|MP|EPI_ISL_20450094	Not assigned: Only 1 segments >98.0% match found of total 1 segments in input file	MP:ea1	ea1:22-003707-003:MP	99.08%	9	Ran on FASTA - No Coverage Report	2026-05-29_14-48-41
A/chicken/Ecuador/Flu-0598/2023|NS|EPI_ISL_20450094	Not assigned: Only 1 segments >98.0% match found of total 1 segments in input file	NS:am1.1	am1.1:22-010085-001:NS	99.40%	5	Ran on FASTA - No Coverage Report	2026-05-29_14-48-41
A/chicken/Ecuador/Flu-0599/2023|PB2|EPI_ISL_20387867	Not assigned: Only 1 segments >98.0% match found of total 1 segments in input file	PB2:am2.1	am2.1:22-009329-001:PB2	99.25%	17	Ran on FASTA - No Coverage Report	2026-05-29_14-48-41
A/chicken/Ecuador/Flu-0599/2023|PB1|EPI_ISL_20387867	Not assigned: Only 1 segments >98.0% match found of total 1 segments in input file	PB1:am1.2	am1.2:22-010085-001:PB1	99.38%	14	Ran on FASTA - No Coverage Report	2026-05-29_14-48-41
A/chicken/Ecuador/Flu-0599/2023|PA|EPI_ISL_20387867	Not assigned: Only 1 segments >98.0% match found of total 1 segments in input file	PA:ea1	ea1:22-003707-003:PA	99.40%	13	Ran on FASTA - No Coverage Report	2026-05-29_14-48-41
A/chicken/Ecuador/Flu-0599/2023|HA|EPI_ISL_20387867	Not assigned: Only 1 segments >98.0% match found of total 1 segments in input file	HA:ea1	ea1:22-003707-003:HA	99.18%	14	Ran on FASTA - No Coverage Report	2026-05-29_14-48-42
A/chicken/Ecuador/Flu-0599/2023|NP|EPI_ISL_20387867	Not assigned: Only 1 segments >98.0% match found of total 1 segments in input file	NP:am1.4.1	am1.4.1:22-009329-001:NP	99.47%	8	Ran on FASTA - No Coverage Report	2026-05-29_14-48-42
A/chicken/Ecuador/Flu-0599/2023|NA|EPI_ISL_20387867	Not assigned: Only 1 segments >98.0% match found of total 1 segments in input file	NA:ea1	ea1:22-003707-003:NA	99.43%	8	Ran on FASTA - No Coverage Report	2026-05-29_14-48-42
A/chicken/Ecuador/Flu-0599/2023|MP|EPI_ISL_20387867	Not assigned: Only 1 segments >98.0% match found of total 1 segments in input file	MP:ea1	ea1:22-003707-003:MP	99.19%	8	Ran on FASTA - No Coverage Report	2026-05-29_14-48-42
A/chicken/Ecuador/Flu-0599/2023|NS|EPI_ISL_20387867	Not assigned: Only 1 segments >98.0% match found of total 1 segments in input file	NS:am1.1	am1.1:22-010085-001:NS	99.28%	6	Ran on FASTA - No Coverage Report	2026-05-29_14-48-42
A/chicken/Ecuador/Flu-0600/2023|PB2|EPI_ISL_20450095	Not assigned: Only 1 segments >98.0% match found of total 1 segments in input file	PB2:am2.1	am2.1:22-009329-001:PB2	99.30%	16	Ran on FASTA - No Coverage Report	2026-05-29_14-48-42
A/chicken/Ecuador/Flu-0600/2023|PB1|EPI_ISL_20450095	Not assigned: Only 1 segments >98.0% match found of total 1 segments in input file	PB1:am1.2	am1.2:22-010085-001:PB1	99.43%	13	Ran on FASTA - No Coverage Report	2026-05-29_14-48-43
A/chicken/Ecuador/Flu-0600/2023|PA|EPI_ISL_20450095	Not assigned: Only 1 segments >98.0% match found of total 1 segments in input file	PA:ea1	ea1:22-003707-003:PA	99.44%	12	Ran on FASTA - No Coverage Report	2026-05-29_14-48-43
A/chicken/Ecuador/Flu-0600/2023|HA|EPI_ISL_20450095	Not assigned: Only 1 segments >98.0% match found of total 1 segments in input file	HA:ea1	ea1:22-003707-003:HA	99.12%	15	Ran on FASTA - No Coverage Report	2026-05-29_14-48-43
A/chicken/Ecuador/Flu-0600/2023|NP|EPI_ISL_20450095	Not assigned: Only 1 segments >98.0% match found of total 1 segments in input file	NP:am1.4.1	am1.4.1:22-009329-001:NP	99.53%	7	Ran on FASTA - No Coverage Report	2026-05-29_14-48-43
A/chicken/Ecuador/Flu-0600/2023|NA|EPI_ISL_20450095	Not assigned: Only 1 segments >98.0% match found of total 1 segments in input file	NA:ea1	ea1:22-003707-003:NA	99.22%	11	Ran on FASTA - No Coverage Report	2026-05-29_14-48-43
A/chicken/Ecuador/Flu-0600/2023|MP|EPI_ISL_20450095	Not assigned: Only 1 segments >98.0% match found of total 1 segments in input file	MP:ea1	ea1:22-003707-003:MP	99.19%	8	Ran on FASTA - No Coverage Report	2026-05-29_14-48-43
A/chicken/Ecuador/Flu-0600/2023|NS|EPI_ISL_20450095	Not assigned: Only 1 segments >98.0% match found of total 1 segments in input file	NS:am1.1	am1.1:22-010085-001:NS	99.17%	7	Ran on FASTA - No Coverage Report	2026-05-29_14-48-43
A/chicken/Ecuador/Flu-0603/2023|PB2|EPI_ISL_20450100	Not assigned: Only 1 segments >98.0% match found of total 1 segments in input file	PB2:am2.1	am2.1:22-009329-001:PB2	99.03%	22	Ran on FASTA - No Coverage Report	2026-05-29_14-48-43
A/chicken/Ecuador/Flu-0603/2023|PB1|EPI_ISL_20450100	Not assigned: Only 1 segments >98.0% match found of total 1 segments in input file	PB1:am1.2	am1.2:22-010085-001:PB1	99.43%	13	Ran on FASTA - No Coverage Report	2026-05-29_14-48-39
A/chicken/Ecuador/Flu-0603/2023|PA|EPI_ISL_20450100	Not assigned: Only 1 segments >98.0% match found of total 1 segments in input file	PA:ea1	ea1:22-003707-003:PA	99.40%	13	Ran on FASTA - No Coverage Report	2026-05-29_14-48-39
A/chicken/Ecuador/Flu-0603/2023|NP|EPI_ISL_20450100	Not assigned: Only 1 segments >98.0% match found of total 1 segments in input file	NP:am1.4.1	am1.4.1:22-009329-001:NP	99.60%	6	Ran on FASTA - No Coverage Report	2026-05-29_14-48-39
A/chicken/Ecuador/Flu-0603/2023|MP|EPI_ISL_20450100	Not assigned: Only 1 segments >98.0% match found of total 1 segments in input file	MP:ea1	ea1:22-003707-003:MP	99.08%	9	Ran on FASTA - No Coverage Report	2026-05-29_14-48-39
A/chicken/Ecuador/Flu-0603/2023|NS|EPI_ISL_20450100	Not assigned: Only 1 segments >98.0% match found of total 1 segments in input file	NS:am1.1	am1.1:22-010085-001:NS	99.28%	6	Ran on FASTA - No Coverage Report	2026-05-29_14-48-40
A/chicken/Ecuador/Flu-0604/2023|PB2|EPI_ISL_20450101	Not assigned: Only 1 segments >98.0% match found of total 1 segments in input file	PB2:am2.1	am2.1:22-009329-001:PB2	99.21%	18	Ran on FASTA - No Coverage Report	2026-05-29_14-48-40
A/chicken/Ecuador/Flu-0604/2023|PB1|EPI_ISL_20450101	Not assigned: Only 1 segments >98.0% match found of total 1 segments in input file	PB1:am1.2	am1.2:22-010085-001:PB1	99.38%	14	Ran on FASTA - No Coverage Report	2026-05-29_14-48-40
A/chicken/Ecuador/Flu-0604/2023|PA|EPI_ISL_20450101	Not assigned: Only 1 segments >98.0% match found of total 1 segments in input file	PA:ea1	ea1:22-003707-003:PA	99.30%	15	Ran on FASTA - No Coverage Report	2026-05-29_14-48-40
A/chicken/Ecuador/Flu-0604/2023|HA|EPI_ISL_20450101	Not assigned: Only 1 segments >98.0% match found of total 1 segments in input file	HA:ea1	ea1:22-003707-003:HA	99.12%	15	Ran on FASTA - No Coverage Report	2026-05-29_14-48-40
A/chicken/Ecuador/Flu-0604/2023|NP|EPI_ISL_20450101	Not assigned: Only 1 segments >98.0% match found of total 1 segments in input file	NP:am1.4.1	am1.4.1:22-009329-001:NP	99.53%	7	Ran on FASTA - No Coverage Report	2026-05-29_14-48-40
A/chicken/Ecuador/Flu-0604/2023|NA|EPI_ISL_20450101	Not assigned: Only 1 segments >98.0% match found of total 1 segments in input file	NA:ea1	ea1:22-003707-003:NA	99.08%	13	Ran on FASTA - No Coverage Report	2026-05-29_14-48-41
A/chicken/Ecuador/Flu-0604/2023|MP|EPI_ISL_20450101	Not assigned: Only 1 segments >98.0% match found of total 1 segments in input file	MP:ea1	ea1:22-003707-003:MP	99.19%	8	Ran on FASTA - No Coverage Report	2026-05-29_14-48-41
A/chicken/Ecuador/Flu-0604/2023|NS|EPI_ISL_20450101	Not assigned: Only 1 segments >98.0% match found of total 1 segments in input file	NS:am1.1	am1.1:22-010085-001:NS	99.28%	6	Ran on FASTA - No Coverage Report	2026-05-29_14-48-41
A/chicken/Ecuador/Flu-0605/2023|NP|EPI_ISL_20450102	Not assigned: Only 1 segments >98.0% match found of total 1 segments in input file	NP:am1.4.1	am1.4.1:22-009329-001:NP	99.53%	7	Ran on FASTA - No Coverage Report	2026-05-29_14-48-41
A/chicken/Ecuador/Flu-0605/2023|MP|EPI_ISL_20450102	Not assigned: Only 0 segments >98.0% match found of total 1 segments in input file		ea1:22-003707-003:MP	95.84%	38	Ran on FASTA - No Coverage Report	2026-05-29_14-48-41
A/chicken/Ecuador/Flu-0605/2023|NS|EPI_ISL_20450102	Not assigned: Only 1 segments >98.0% match found of total 1 segments in input file	NS:am1.1	am1.1:22-010085-001:NS	99.28%	6	Ran on FASTA - No Coverage Report	2026-05-29_14-48-41
A/chicken/Ecuador/Flu-0608/2023|PB2|EPI_ISL_20387868	Not assigned: Only 1 segments >98.0% match found of total 1 segments in input file	PB2:am2.1	am2.1:22-009329-001:PB2	99.25%	17	Ran on FASTA - No Coverage Report	2026-05-29_14-48-41
A/chicken/Ecuador/Flu-0608/2023|PB1|EPI_ISL_20387868	Not assigned: Only 1 segments >98.0% match found of total 1 segments in input file	PB1:am1.2	am1.2:22-010085-001:PB1	99.43%	13	Ran on FASTA - No Coverage Report	2026-05-29_14-48-41
A/chicken/Ecuador/Flu-0608/2023|PA|EPI_ISL_20387868	Not assigned: Only 1 segments >98.0% match found of total 1 segments in input file	PA:ea1	ea1:22-003707-003:PA	99.26%	16	Ran on FASTA - No Coverage Report	2026-05-29_14-48-42
A/chicken/Ecuador/Flu-0608/2023|HA|EPI_ISL_20387868	Not assigned: Only 1 segments >98.0% match found of total 1 segments in input file	HA:ea1	ea1:22-003707-003:HA	99.12%	15	Ran on FASTA - No Coverage Report	2026-05-29_14-48-42
A/chicken/Ecuador/Flu-0608/2023|NP|EPI_ISL_20387868	Not assigned: Only 1 segments >98.0% match found of total 1 segments in input file	NP:am1.4.1	am1.4.1:22-009329-001:NP	99.53%	7	Ran on FASTA - No Coverage Report	2026-05-29_14-48-42
A/chicken/Ecuador/Flu-0608/2023|NA|EPI_ISL_20387868	Not assigned: Only 1 segments >98.0% match found of total 1 segments in input file	NA:ea1	ea1:22-003707-003:NA	99.08%	13	Ran on FASTA - No Coverage Report	2026-05-29_14-48-42
A/chicken/Ecuador/Flu-0608/2023|MP|EPI_ISL_20387868	Not assigned: Only 1 segments >98.0% match found of total 1 segments in input file	MP:ea1	ea1:22-003707-003:MP	99.19%	8	Ran on FASTA - No Coverage Report	2026-05-29_14-48-42
A/chicken/Ecuador/Flu-0608/2023|NS|EPI_ISL_20387868	Not assigned: Only 1 segments >98.0% match found of total 1 segments in input file	NS:am1.1	am1.1:22-010085-001:NS	99.40%	5	Ran on FASTA - No Coverage Report	2026-05-29_14-48-42
A/chicken/Ecuador/Flu-0609/2023|PB2|EPI_ISL_20450103	Not assigned: Only 1 segments >98.0% match found of total 1 segments in input file	PB2:am2.1	am2.1:22-009329-001:PB2	99.25%	17	Ran on FASTA - No Coverage Report	2026-05-29_14-48-43
A/chicken/Ecuador/Flu-0609/2023|PB1|EPI_ISL_20450103	Not assigned: Only 1 segments >98.0% match found of total 1 segments in input file	PB1:am1.2	am1.2:22-010085-001:PB1	99.38%	14	Ran on FASTA - No Coverage Report	2026-05-29_14-48-43
A/chicken/Ecuador/Flu-0609/2023|PA|EPI_ISL_20450103	Not assigned: Only 1 segments >98.0% match found of total 1 segments in input file	PA:ea1	ea1:22-003707-003:PA	99.30%	15	Ran on FASTA - No Coverage Report	2026-05-29_14-48-43
A/chicken/Ecuador/Flu-0609/2023|NP|EPI_ISL_20450103	Not assigned: Only 1 segments >98.0% match found of total 1 segments in input file	NP:am1.4.1	am1.4.1:22-009329-001:NP	99.53%	7	Ran on FASTA - No Coverage Report	2026-05-29_14-48-43
A/chicken/Ecuador/Flu-0609/2023|NA|EPI_ISL_20450103	Not assigned: Only 1 segments >98.0% match found of total 1 segments in input file	NA:ea1	ea1:22-003707-003:NA	98.94%	15	Ran on FASTA - No Coverage Report	2026-05-29_14-48-43
A/chicken/Ecuador/Flu-0609/2023|MP|EPI_ISL_20450103	Not assigned: Only 1 segments >98.0% match found of total 1 segments in input file	MP:ea1	ea1:22-003707-003:MP	99.19%	8	Ran on FASTA - No Coverage Report	2026-05-29_14-48-43
A/chicken/Ecuador/Flu-0609/2023|NS|EPI_ISL_20450103	Not assigned: Only 1 segments >98.0% match found of total 1 segments in input file	NS:am1.1	am1.1:22-010085-001:NS	99.40%	5	Ran on FASTA - No Coverage Report	2026-05-29_14-48-39
A/chicken/Ecuador/Flu-0610/2023|PB2|EPI_ISL_20450104	Not assigned: Only 1 segments >98.0% match found of total 1 segments in input file	PB2:am2.1	am2.1:22-009329-001:PB2	99.25%	17	Ran on FASTA - No Coverage Report	2026-05-29_14-48-39
A/chicken/Ecuador/Flu-0610/2023|PB1|EPI_ISL_20450104	Not assigned: Only 1 segments >98.0% match found of total 1 segments in input file	PB1:am1.2	am1.2:22-010085-001:PB1	99.25%	17	Ran on FASTA - No Coverage Report	2026-05-29_14-48-39
A/chicken/Ecuador/Flu-0610/2023|PA|EPI_ISL_20450104	Not assigned: Only 1 segments >98.0% match found of total 1 segments in input file	PA:ea1	ea1:22-003707-003:PA	99.40%	13	Ran on FASTA - No Coverage Report	2026-05-29_14-48-39
A/chicken/Ecuador/Flu-0610/2023|HA|EPI_ISL_20450104	Not assigned: Only 1 segments >98.0% match found of total 1 segments in input file	HA:ea1	ea1:22-003707-003:HA	99.06%	16	Ran on FASTA - No Coverage Report	2026-05-29_14-48-40
A/chicken/Ecuador/Flu-0610/2023|NP|EPI_ISL_20450104	Not assigned: Only 1 segments >98.0% match found of total 1 segments in input file	NP:am1.4.1	am1.4.1:22-009329-001:NP	99.47%	8	Ran on FASTA - No Coverage Report	2026-05-29_14-48-40
A/chicken/Ecuador/Flu-0610/2023|NA|EPI_ISL_20450104	Not assigned: Only 1 segments >98.0% match found of total 1 segments in input file	NA:ea1	ea1:22-003707-003:NA	99.29%	10	Ran on FASTA - No Coverage Report	2026-05-29_14-48-40
A/chicken/Ecuador/Flu-0610/2023|MP|EPI_ISL_20450104	Not assigned: Only 1 segments >98.0% match found of total 1 segments in input file	MP:ea1	ea1:22-003707-003:MP	99.29%	7	Ran on FASTA - No Coverage Report	2026-05-29_14-48-40
A/chicken/Ecuador/Flu-0610/2023|NS|EPI_ISL_20450104	Not assigned: Only 1 segments >98.0% match found of total 1 segments in input file	NS:am1.1	am1.1:22-010085-001:NS	98.93%	9	Ran on FASTA - No Coverage Report	2026-05-29_14-48-40
A/chicken/Ecuador/Flu-0611/2023|PB2|EPI_ISL_20387869	Not assigned: Only 1 segments >98.0% match found of total 1 segments in input file	PB2:am2.1	am2.1:22-009329-001:PB2	99.25%	17	Ran on FASTA - No Coverage Report	2026-05-29_14-48-40
A/chicken/Ecuador/Flu-0611/2023|PB1|EPI_ISL_20387869	Not assigned: Only 1 segments >98.0% match found of total 1 segments in input file	PB1:am1.2	am1.2:22-010085-001:PB1	99.30%	16	Ran on FASTA - No Coverage Report	2026-05-29_14-48-41
A/chicken/Ecuador/Flu-0611/2023|PA|EPI_ISL_20387869	Not assigned: Only 1 segments >98.0% match found of total 1 segments in input file	PA:ea1	ea1:22-003707-003:PA	99.40%	13	Ran on FASTA - No Coverage Report	2026-05-29_14-48-41
A/chicken/Ecuador/Flu-0611/2023|HA|EPI_ISL_20387869	Not assigned: Only 1 segments >98.0% match found of total 1 segments in input file	HA:ea1	ea1:22-003707-003:HA	99.06%	16	Ran on FASTA - No Coverage Report	2026-05-29_14-48-41
A/chicken/Ecuador/Flu-0611/2023|NP|EPI_ISL_20387869	Not assigned: Only 1 segments >98.0% match found of total 1 segments in input file	NP:am1.4.1	am1.4.1:22-009329-001:NP	99.53%	7	Ran on FASTA - No Coverage Report	2026-05-29_14-48-41
A/chicken/Ecuador/Flu-0611/2023|NA|EPI_ISL_20387869	Not assigned: Only 1 segments >98.0% match found of total 1 segments in input file	NA:ea1	ea1:22-003707-003:NA	99.36%	9	Ran on FASTA - No Coverage Report	2026-05-29_14-48-41
A/chicken/Ecuador/Flu-0611/2023|MP|EPI_ISL_20387869	Not assigned: Only 1 segments >98.0% match found of total 1 segments in input file	MP:ea1	ea1:22-003707-003:MP	99.29%	7	Ran on FASTA - No Coverage Report	2026-05-29_14-48-41
A/chicken/Ecuador/Flu-0611/2023|NS|EPI_ISL_20387869	Not assigned: Only 1 segments >98.0% match found of total 1 segments in input file	NS:am1.1	am1.1:22-010085-001:NS	99.05%	8	Ran on FASTA - No Coverage Report	2026-05-29_14-48-41
A/chicken/Ecuador/Flu-0613/2023|PB2|EPI_ISL_20387870	Not assigned: Only 1 segments >98.0% match found of total 1 segments in input file	PB2:am2.1	am2.1:22-009329-001:PB2	99.25%	17	Ran on FASTA - No Coverage Report	2026-05-29_14-48-42
A/chicken/Ecuador/Flu-0613/2023|PB1|EPI_ISL_20387870	Not assigned: Only 1 segments >98.0% match found of total 1 segments in input file	PB1:am1.2	am1.2:22-010085-001:PB1	99.30%	16	Ran on FASTA - No Coverage Report	2026-05-29_14-48-42
A/chicken/Ecuador/Flu-0613/2023|PA|EPI_ISL_20387870	Not assigned: Only 1 segments >98.0% match found of total 1 segments in input file	PA:ea1	ea1:22-003707-003:PA	99.44%	12	Ran on FASTA - No Coverage Report	2026-05-29_14-48-42
A/chicken/Ecuador/Flu-0613/2023|HA|EPI_ISL_20387870	Not assigned: Only 1 segments >98.0% match found of total 1 segments in input file	HA:ea1	ea1:22-003707-003:HA	99.00%	17	Ran on FASTA - No Coverage Report	2026-05-29_14-48-42
A/chicken/Ecuador/Flu-0613/2023|NP|EPI_ISL_20387870	Not assigned: Only 1 segments >98.0% match found of total 1 segments in input file	NP:am1.4.1	am1.4.1:22-009329-001:NP	99.53%	7	Ran on FASTA - No Coverage Report	2026-05-29_14-48-42
A/chicken/Ecuador/Flu-0613/2023|NA|EPI_ISL_20387870	Not assigned: Only 1 segments >98.0% match found of total 1 segments in input file	NA:ea1	ea1:22-003707-003:NA	99.36%	9	Ran on FASTA - No Coverage Report	2026-05-29_14-48-42
A/chicken/Ecuador/Flu-0613/2023|MP|EPI_ISL_20387870	Not assigned: Only 1 segments >98.0% match found of total 1 segments in input file	MP:ea1	ea1:22-003707-003:MP	99.29%	7	Ran on FASTA - No Coverage Report	2026-05-29_14-48-42
A/chicken/Ecuador/Flu-0613/2023|NS|EPI_ISL_20387870	Not assigned: Only 1 segments >98.0% match found of total 1 segments in input file	NS:am1.1	am1.1:22-010085-001:NS	99.17%	7	Ran on FASTA - No Coverage Report	2026-05-29_14-48-43
A/chicken/Ecuador/Flu-0614/2023|PB2|EPI_ISL_20387871	Not assigned: Only 1 segments >98.0% match found of total 1 segments in input file	PB2:am2.1	am2.1:22-009329-001:PB2	99.21%	18	Ran on FASTA - No Coverage Report	2026-05-29_14-48-43
A/chicken/Ecuador/Flu-0614/2023|PB1|EPI_ISL_20387871	Not assigned: Only 1 segments >98.0% match found of total 1 segments in input file	PB1:am1.2	am1.2:22-010085-001:PB1	99.30%	16	Ran on FASTA - No Coverage Report	2026-05-29_14-48-43
A/chicken/Ecuador/Flu-0614/2023|PA|EPI_ISL_20387871	Not assigned: Only 1 segments >98.0% match found of total 1 segments in input file	PA:ea1	ea1:22-003707-003:PA	99.40%	13	Ran on FASTA - No Coverage Report	2026-05-29_14-48-43
A/chicken/Ecuador/Flu-0614/2023|HA|EPI_ISL_20387871	Not assigned: Only 1 segments >98.0% match found of total 1 segments in input file	HA:ea1	ea1:22-003707-003:HA	99.00%	17	Ran on FASTA - No Coverage Report	2026-05-29_14-48-43
A/chicken/Ecuador/Flu-0614/2023|NP|EPI_ISL_20387871	Not assigned: Only 1 segments >98.0% match found of total 1 segments in input file	NP:am1.4.1	am1.4.1:22-009329-001:NP	99.47%	8	Ran on FASTA - No Coverage Report	2026-05-29_14-48-39
A/chicken/Ecuador/Flu-0614/2023|NA|EPI_ISL_20387871	Not assigned: Only 1 segments >98.0% match found of total 1 segments in input file	NA:ea1	ea1:22-003707-003:NA	99.36%	9	Ran on FASTA - No Coverage Report	2026-05-29_14-48-39
A/chicken/Ecuador/Flu-0614/2023|MP|EPI_ISL_20387871	Not assigned: Only 1 segments >98.0% match found of total 1 segments in input file	MP:ea1	ea1:22-003707-003:MP	99.19%	8	Ran on FASTA - No Coverage Report	2026-05-29_14-48-39
A/chicken/Ecuador/Flu-0614/2023|NS|EPI_ISL_20387871	Not assigned: Only 1 segments >98.0% match found of total 1 segments in input file	NS:am1.1	am1.1:22-010085-001:NS	99.17%	7	Ran on FASTA - No Coverage Report	2026-05-29_14-48-39
A/chicken/Ecuador/Flu-0615/2023|PB2|EPI_ISL_20387872	Not assigned: Only 1 segments >98.0% match found of total 1 segments in input file	PB2:am2.1	am2.1:22-009329-001:PB2	99.17%	19	Ran on FASTA - No Coverage Report	2026-05-29_14-48-40
A/chicken/Ecuador/Flu-0615/2023|PB1|EPI_ISL_20387872	Not assigned: Only 1 segments >98.0% match found of total 1 segments in input file	PB1:am1.2	am1.2:22-010085-001:PB1	99.34%	15	Ran on FASTA - No Coverage Report	2026-05-29_14-48-40
A/chicken/Ecuador/Flu-0615/2023|PA|EPI_ISL_20387872	Not assigned: Only 1 segments >98.0% match found of total 1 segments in input file	PA:ea1	ea1:22-003707-003:PA	99.35%	14	Ran on FASTA - No Coverage Report	2026-05-29_14-48-40
A/chicken/Ecuador/Flu-0615/2023|NP|EPI_ISL_20387872	Not assigned: Only 1 segments >98.0% match found of total 1 segments in input file	NP:am1.4.1	am1.4.1:22-009329-001:NP	99.53%	7	Ran on FASTA - No Coverage Report	2026-05-29_14-48-40
A/chicken/Ecuador/Flu-0615/2023|MP|EPI_ISL_20387872	Not assigned: Only 1 segments >98.0% match found of total 1 segments in input file	MP:ea1	ea1:22-003707-003:MP	99.19%	8	Ran on FASTA - No Coverage Report	2026-05-29_14-48-40
A/chicken/Ecuador/Flu-0615/2023|NS|EPI_ISL_20387872	Not assigned: Only 1 segments >98.0% match found of total 1 segments in input file	NS:am1.1	am1.1:22-010085-001:NS	99.17%	7	Ran on FASTA - No Coverage Report	2026-05-29_14-48-40
A/chicken/Ecuador/Flu-0619/2023|PB2|EPI_ISL_20387873	Not assigned: Only 1 segments >98.0% match found of total 1 segments in input file	PB2:am2.1	am2.1:22-009329-001:PB2	99.25%	17	Ran on FASTA - No Coverage Report	2026-05-29_14-48-41
A/chicken/Ecuador/Flu-0619/2023|PB1|EPI_ISL_20387873	Not assigned: Only 1 segments >98.0% match found of total 1 segments in input file	PB1:am1.2	am1.2:22-010085-001:PB1	99.34%	15	Ran on FASTA - No Coverage Report	2026-05-29_14-48-41
A/chicken/Ecuador/Flu-0619/2023|PA|EPI_ISL_20387873	Not assigned: Only 1 segments >98.0% match found of total 1 segments in input file	PA:ea1	ea1:22-003707-003:PA	99.44%	12	Ran on FASTA - No Coverage Report	2026-05-29_14-48-41
A/chicken/Ecuador/Flu-0619/2023|HA|EPI_ISL_20387873	Not assigned: Only 1 segments >98.0% match found of total 1 segments in input file	HA:ea1	ea1:22-003707-003:HA	99.18%	14	Ran on FASTA - No Coverage Report	2026-05-29_14-48-41
A/chicken/Ecuador/Flu-0619/2023|NP|EPI_ISL_20387873	Not assigned: Only 1 segments >98.0% match found of total 1 segments in input file	NP:am1.4.1	am1.4.1:22-009329-001:NP	99.60%	6	Ran on FASTA - No Coverage Report	2026-05-29_14-48-41
A/chicken/Ecuador/Flu-0619/2023|NA|EPI_ISL_20387873	Not assigned: Only 1 segments >98.0% match found of total 1 segments in input file	NA:ea1	ea1:22-003707-003:NA	99.29%	10	Ran on FASTA - No Coverage Report	2026-05-29_14-48-41
A/chicken/Ecuador/Flu-0619/2023|MP|EPI_ISL_20387873	Not assigned: Only 1 segments >98.0% match found of total 1 segments in input file	MP:ea1	ea1:22-003707-003:MP	99.08%	9	Ran on FASTA - No Coverage Report	2026-05-29_14-48-41
A/chicken/Ecuador/Flu-0619/2023|NS|EPI_ISL_20387873	Not assigned: Only 1 segments >98.0% match found of total 1 segments in input file	NS:am1.1	am1.1:22-010085-001:NS	99.40%	5	Ran on FASTA - No Coverage Report	2026-05-29_14-48-42
A/chicken/Ecuador/Flu-0621/2023|PB2|EPI_ISL_20387874	Not assigned: Only 1 segments >98.0% match found of total 1 segments in input file	PB2:am2.1	am2.1:22-009329-001:PB2	99.25%	17	Ran on FASTA - No Coverage Report	2026-05-29_14-48-42
A/chicken/Ecuador/Flu-0621/2023|PB1|EPI_ISL_20387874	Not assigned: Only 1 segments >98.0% match found of total 1 segments in input file	PB1:am1.2	am1.2:22-010085-001:PB1	99.34%	15	Ran on FASTA - No Coverage Report	2026-05-29_14-48-42
A/chicken/Ecuador/Flu-0621/2023|PA|EPI_ISL_20387874	Not assigned: Only 1 segments >98.0% match found of total 1 segments in input file	PA:ea1	ea1:22-003707-003:PA	99.35%	14	Ran on FASTA - No Coverage Report	2026-05-29_14-48-42
A/chicken/Ecuador/Flu-0621/2023|HA|EPI_ISL_20387874	Not assigned: Only 1 segments >98.0% match found of total 1 segments in input file	HA:ea1	ea1:22-003707-003:HA	99.24%	13	Ran on FASTA - No Coverage Report	2026-05-29_14-48-42
A/chicken/Ecuador/Flu-0621/2023|NP|EPI_ISL_20387874	Not assigned: Only 1 segments >98.0% match found of total 1 segments in input file	NP:am1.4.1	am1.4.1:22-009329-001:NP	99.53%	7	Ran on FASTA - No Coverage Report	2026-05-29_14-48-42
A/chicken/Ecuador/Flu-0621/2023|NA|EPI_ISL_20387874	Not assigned: Only 1 segments >98.0% match found of total 1 segments in input file	NA:ea1	ea1:22-003707-003:NA	99.22%	11	Ran on FASTA - No Coverage Report	2026-05-29_14-48-42
A/chicken/Ecuador/Flu-0621/2023|MP|EPI_ISL_20387874	Not assigned: Only 1 segments >98.0% match found of total 1 segments in input file	MP:ea1	ea1:22-003707-003:MP	99.08%	9	Ran on FASTA - No Coverage Report	2026-05-29_14-48-43
A/chicken/Ecuador/Flu-0621/2023|NS|EPI_ISL_20387874	Not assigned: Only 1 segments >98.0% match found of total 1 segments in input file	NS:am1.1	am1.1:22-010085-001:NS	99.40%	5	Ran on FASTA - No Coverage Report	2026-05-29_14-48-43
A/chicken/Ecuador/Flu-0622/2023|PB2|EPI_ISL_20387875	Not assigned: Only 1 segments >98.0% match found of total 1 segments in input file	PB2:am2.1	am2.1:22-009329-001:PB2	99.21%	18	Ran on FASTA - No Coverage Report	2026-05-29_14-48-43
A/chicken/Ecuador/Flu-0622/2023|PB1|EPI_ISL_20387875	Not assigned: Only 1 segments >98.0% match found of total 1 segments in input file	PB1:am1.2	am1.2:22-010085-001:PB1	99.38%	14	Ran on FASTA - No Coverage Report	2026-05-29_14-48-43
A/chicken/Ecuador/Flu-0622/2023|PA|EPI_ISL_20387875	Not assigned: Only 1 segments >98.0% match found of total 1 segments in input file	PA:ea1	ea1:22-003707-003:PA	99.35%	14	Ran on FASTA - No Coverage Report	2026-05-29_14-48-43
A/chicken/Ecuador/Flu-0622/2023|HA|EPI_ISL_20387875	Not assigned: Only 1 segments >98.0% match found of total 1 segments in input file	HA:ea1	ea1:22-003707-003:HA	99.24%	13	Ran on FASTA - No Coverage Report	2026-05-29_14-48-39
A/chicken/Ecuador/Flu-0622/2023|NP|EPI_ISL_20387875	Not assigned: Only 1 segments >98.0% match found of total 1 segments in input file	NP:am1.4.1	am1.4.1:22-009329-001:NP	99.60%	6	Ran on FASTA - No Coverage Report	2026-05-29_14-48-39
A/chicken/Ecuador/Flu-0622/2023|NA|EPI_ISL_20387875	Not assigned: Only 1 segments >98.0% match found of total 1 segments in input file	NA:ea1	ea1:22-003707-003:NA	99.08%	13	Ran on FASTA - No Coverage Report	2026-05-29_14-48-39
A/chicken/Ecuador/Flu-0622/2023|MP|EPI_ISL_20387875	Not assigned: Only 1 segments >98.0% match found of total 1 segments in input file	MP:ea1	ea1:22-003707-003:MP	99.19%	8	Ran on FASTA - No Coverage Report	2026-05-29_14-48-39
A/chicken/Ecuador/Flu-0622/2023|NS|EPI_ISL_20387875	Not assigned: Only 1 segments >98.0% match found of total 1 segments in input file	NS:am1.1	am1.1:22-010085-001:NS	99.28%	6	Ran on FASTA - No Coverage Report	2026-05-29_14-48-40
A/chicken/Ecuador/Flu-0623/2023|PB2|EPI_ISL_20387876	Not assigned: Only 1 segments >98.0% match found of total 1 segments in input file	PB2:am2.1	am2.1:22-009329-001:PB2	99.25%	17	Ran on FASTA - No Coverage Report	2026-05-29_14-48-40
A/chicken/Ecuador/Flu-0623/2023|PB1|EPI_ISL_20387876	Not assigned: Only 1 segments >98.0% match found of total 1 segments in input file	PB1:am1.2	am1.2:22-010085-001:PB1	99.38%	14	Ran on FASTA - No Coverage Report	2026-05-29_14-48-40
A/chicken/Ecuador/Flu-0623/2023|PA|EPI_ISL_20387876	Not assigned: Only 1 segments >98.0% match found of total 1 segments in input file	PA:ea1	ea1:22-003707-003:PA	99.35%	14	Ran on FASTA - No Coverage Report	2026-05-29_14-48-40
A/chicken/Ecuador/Flu-0623/2023|HA|EPI_ISL_20387876	Not assigned: Only 1 segments >98.0% match found of total 1 segments in input file	HA:ea1	ea1:22-003707-003:HA	99.06%	16	Ran on FASTA - No Coverage Report	2026-05-29_14-48-40
A/chicken/Ecuador/Flu-0623/2023|NP|EPI_ISL_20387876	Not assigned: Only 1 segments >98.0% match found of total 1 segments in input file	NP:am1.4.1	am1.4.1:22-009329-001:NP	99.60%	6	Ran on FASTA - No Coverage Report	2026-05-29_14-48-40
A/chicken/Ecuador/Flu-0623/2023|NA|EPI_ISL_20387876	Not assigned: Only 1 segments >98.0% match found of total 1 segments in input file	NA:ea1	ea1:22-003707-003:NA	99.29%	10	Ran on FASTA - No Coverage Report	2026-05-29_14-48-41
A/chicken/Ecuador/Flu-0623/2023|MP|EPI_ISL_20387876	Not assigned: Only 1 segments >98.0% match found of total 1 segments in input file	MP:ea1	ea1:22-003707-003:MP	99.19%	8	Ran on FASTA - No Coverage Report	2026-05-29_14-48-41
A/chicken/Ecuador/Flu-0623/2023|NS|EPI_ISL_20387876	Not assigned: Only 1 segments >98.0% match found of total 1 segments in input file	NS:am1.1	am1.1:22-010085-001:NS	99.17%	7	Ran on FASTA - No Coverage Report	2026-05-29_14-48-41
A/chicken/Ecuador/Flu-0629/2024|NP|EPI_ISL_20450105	Not assigned: Only 1 segments >98.0% match found of total 1 segments in input file	NP:am1.4.1	am1.4.1:22-009329-001:NP	99.06%	14	Ran on FASTA - No Coverage Report	2026-05-29_14-48-41
A/chicken/Ecuador/Flu-0629/2024|MP|EPI_ISL_20450105	Not assigned: Only 1 segments >98.0% match found of total 1 segments in input file	MP:ea1	ea1:22-003707-003:MP	98.47%	15	Ran on FASTA - No Coverage Report	2026-05-29_14-48-41
A/chicken/Ecuador/Flu-0629/2024|NS|EPI_ISL_20450105	Not assigned: Only 1 segments >98.0% match found of total 1 segments in input file	NS:am1.1	am1.1:22-010085-001:NS	98.81%	10	Ran on FASTA - No Coverage Report	2026-05-29_14-48-41
A/chicken/Ecuador/Flu-0630/2023|PB2|EPI_ISL_20450106	Not assigned: Only 0 segments >98.0% match found of total 1 segments in input file		am2.1:22-009329-001:PB2	94.73%	120	Ran on FASTA - No Coverage Report	2026-05-29_14-48-42
A/chicken/Ecuador/Flu-0630/2023|PB1|EPI_ISL_20450106	Not assigned: Only 1 segments >98.0% match found of total 1 segments in input file	PB1:am1.2	am1.2:22-010085-001:PB1	99.34%	15	Ran on FASTA - No Coverage Report	2026-05-29_14-48-42
A/chicken/Ecuador/Flu-0630/2023|PA|EPI_ISL_20450106	Not assigned: Only 1 segments >98.0% match found of total 1 segments in input file	PA:ea1	ea1:22-003707-003:PA	99.30%	15	Ran on FASTA - No Coverage Report	2026-05-29_14-48-42
A/chicken/Ecuador/Flu-0630/2023|HA|EPI_ISL_20450106	Not assigned: Only 1 segments >98.0% match found of total 1 segments in input file	HA:ea1	ea1:22-003707-003:HA	98.88%	19	Ran on FASTA - No Coverage Report	2026-05-29_14-48-42
A/chicken/Ecuador/Flu-0630/2023|NP|EPI_ISL_20450106	Not assigned: Only 1 segments >98.0% match found of total 1 segments in input file	NP:am1.4.1	am1.4.1:22-009329-001:NP	99.60%	6	Ran on FASTA - No Coverage Report	2026-05-29_14-48-42
A/chicken/Ecuador/Flu-0630/2023|NA|EPI_ISL_20450106	Not assigned: Only 1 segments >98.0% match found of total 1 segments in input file	NA:ea1	ea1:22-003707-003:NA	99.22%	11	Ran on FASTA - No Coverage Report	2026-05-29_14-48-42
A/chicken/Ecuador/Flu-0630/2023|MP|EPI_ISL_20450106	Not assigned: Only 1 segments >98.0% match found of total 1 segments in input file	MP:ea1	ea1:22-003707-003:MP	99.19%	8	Ran on FASTA - No Coverage Report	2026-05-29_14-48-42
A/chicken/Ecuador/Flu-0630/2023|NS|EPI_ISL_20450106	Not assigned: Only 1 segments >98.0% match found of total 1 segments in input file	NS:am1.1	am1.1:22-010085-001:NS	99.17%	7	Ran on FASTA - No Coverage Report	2026-05-29_14-48-43
A/chicken/Ecuador/Flu-0631/2023|NP|EPI_ISL_20450107	Not assigned: Only 1 segments >98.0% match found of total 1 segments in input file	NP:am1.4.1	am1.4.1:22-009329-001:NP	99.53%	7	Ran on FASTA - No Coverage Report	2026-05-29_14-48-43
A/chicken/Ecuador/Flu-0631/2023|MP|EPI_ISL_20450107	Not assigned: Only 1 segments >98.0% match found of total 1 segments in input file	MP:ea1	ea1:22-003707-003:MP	99.19%	8	Ran on FASTA - No Coverage Report	2026-05-29_14-48-43
A/chicken/Ecuador/Flu-0631/2023|NS|EPI_ISL_20450107	Not assigned: Only 1 segments >98.0% match found of total 1 segments in input file	NS:am1.1	am1.1:22-010085-001:NS	99.05%	8	Ran on FASTA - No Coverage Report	2026-05-29_14-48-43
A/chicken/Ecuador/Flu-0632/2023|NP|EPI_ISL_20450108	Not assigned: Only 1 segments >98.0% match found of total 1 segments in input file	NP:am1.4.1	am1.4.1:22-009329-001:NP	99.60%	6	Ran on FASTA - No Coverage Report	2026-05-29_14-48-43
A/chicken/Ecuador/Flu-0632/2023|NA|EPI_ISL_20450108	Not assigned: Only 1 segments >98.0% match found of total 1 segments in input file	NA:ea1	ea1:22-003707-003:NA	99.08%	13	Ran on FASTA - No Coverage Report	2026-05-29_14-48-43
A/chicken/Ecuador/Flu-0632/2023|MP|EPI_ISL_20450108	Not assigned: Only 1 segments >98.0% match found of total 1 segments in input file	MP:ea1	ea1:22-003707-003:MP	99.19%	8	Ran on FASTA - No Coverage Report	2026-05-29_14-48-39
A/chicken/Ecuador/Flu-0632/2023|NS|EPI_ISL_20450108	Not assigned: Only 1 segments >98.0% match found of total 1 segments in input file	NS:am1.1	am1.1:22-010085-001:NS	99.28%	6	Ran on FASTA - No Coverage Report	2026-05-29_14-48-39
A/chicken/Ecuador/Flu-0633/2023|PB2|EPI_ISL_20450109	Not assigned: Only 1 segments >98.0% match found of total 1 segments in input file	PB2:am2.1	am2.1:22-009329-001:PB2	99.25%	17	Ran on FASTA - No Coverage Report	2026-05-29_14-48-39
A/chicken/Ecuador/Flu-0633/2023|PB1|EPI_ISL_20450109	Not assigned: Only 1 segments >98.0% match found of total 1 segments in input file	PB1:am1.2	am1.2:22-010085-001:PB1	99.30%	16	Ran on FASTA - No Coverage Report	2026-05-29_14-48-39
A/chicken/Ecuador/Flu-0633/2023|PA|EPI_ISL_20450109	Not assigned: Only 1 segments >98.0% match found of total 1 segments in input file	PA:ea1	ea1:22-003707-003:PA	99.35%	14	Ran on FASTA - No Coverage Report	2026-05-29_14-48-40
A/chicken/Ecuador/Flu-0633/2023|NP|EPI_ISL_20450109	Not assigned: Only 1 segments >98.0% match found of total 1 segments in input file	NP:am1.4.1	am1.4.1:22-009329-001:NP	99.60%	6	Ran on FASTA - No Coverage Report	2026-05-29_14-48-40
A/chicken/Ecuador/Flu-0633/2023|NA|EPI_ISL_20450109	Not assigned: Only 1 segments >98.0% match found of total 1 segments in input file	NA:ea1	ea1:22-003707-003:NA	99.22%	11	Ran on FASTA - No Coverage Report	2026-05-29_14-48-40
A/chicken/Ecuador/Flu-0633/2023|MP|EPI_ISL_20450109	Not assigned: Only 1 segments >98.0% match found of total 1 segments in input file	MP:ea1	ea1:22-003707-003:MP	99.19%	8	Ran on FASTA - No Coverage Report	2026-05-29_14-48-40
A/chicken/Ecuador/Flu-0633/2023|NS|EPI_ISL_20450109	Not assigned: Only 1 segments >98.0% match found of total 1 segments in input file	NS:am1.1	am1.1:22-010085-001:NS	99.28%	6	Ran on FASTA - No Coverage Report	2026-05-29_14-48-40
A/chicken/Ecuador/Flu-0635/2023|NP|EPI_ISL_20450110	Not assigned: Only 1 segments >98.0% match found of total 1 segments in input file	NP:am1.4.1	am1.4.1:22-009329-001:NP	99.60%	6	Ran on FASTA - No Coverage Report	2026-05-29_14-48-40
A/chicken/Ecuador/Flu-0635/2023|MP|EPI_ISL_20450110	Not assigned: Only 1 segments >98.0% match found of total 1 segments in input file	MP:ea1	ea1:22-003707-003:MP	98.97%	10	Ran on FASTA - No Coverage Report	2026-05-29_14-48-41
A/chicken/Ecuador/Flu-0635/2023|NS|EPI_ISL_20450110	Not assigned: Only 1 segments >98.0% match found of total 1 segments in input file	NS:am1.1	am1.1:22-010085-001:NS	99.05%	8	Ran on FASTA - No Coverage Report	2026-05-29_14-48-41
A/chicken/Ecuador/Flu-0636/2023|NP|EPI_ISL_20450111	Not assigned: Only 1 segments >98.0% match found of total 1 segments in input file	NP:am1.4.1	am1.4.1:22-009329-001:NP	99.53%	7	Ran on FASTA - No Coverage Report	2026-05-29_14-48-41
A/chicken/Ecuador/Flu-0636/2023|MP|EPI_ISL_20450111	Not assigned: Only 1 segments >98.0% match found of total 1 segments in input file	MP:ea1	ea1:22-003707-003:MP	99.19%	8	Ran on FASTA - No Coverage Report	2026-05-29_14-48-41
A/chicken/Ecuador/Flu-0636/2023|NS|EPI_ISL_20450111	Not assigned: Only 1 segments >98.0% match found of total 1 segments in input file	NS:am1.1	am1.1:22-010085-001:NS	99.05%	8	Ran on FASTA - No Coverage Report	2026-05-29_14-48-41
A/chicken/Ecuador/Flu-0638/2023|HA|EPI_ISL_20450112	Not assigned: Only 0 segments >98.0% match found of total 1 segments in input file		ea1:22-003707-003:HA	93.93%	103	Ran on FASTA - No Coverage Report	2026-05-29_14-48-41
A/chicken/Ecuador/Flu-0638/2023|NP|EPI_ISL_20450112	Not assigned: Only 1 segments >98.0% match found of total 1 segments in input file	NP:am1.4.1	am1.4.1:22-009329-001:NP	99.47%	8	Ran on FASTA - No Coverage Report	2026-05-29_14-48-41
A/chicken/Ecuador/Flu-0638/2023|NA|EPI_ISL_20450112	Not assigned: Only 1 segments >98.0% match found of total 1 segments in input file	NA:ea1	ea1:22-003707-003:NA	99.36%	9	Ran on FASTA - No Coverage Report	2026-05-29_14-48-42
A/chicken/Ecuador/Flu-0638/2023|MP|EPI_ISL_20450112	Not assigned: Only 1 segments >98.0% match found of total 1 segments in input file	MP:ea1	ea1:22-003707-003:MP	99.29%	7	Ran on FASTA - No Coverage Report	2026-05-29_14-48-42
A/chicken/Ecuador/Flu-0638/2023|NS|EPI_ISL_20450112	Not assigned: Only 1 segments >98.0% match found of total 1 segments in input file	NS:am1.1	am1.1:22-010085-001:NS	99.28%	6	Ran on FASTA - No Coverage Report	2026-05-29_14-48-42
A/chicken/Ecuador/Flu-0639/2023|PB2|EPI_ISL_20450113	Not assigned: Only 1 segments >98.0% match found of total 1 segments in input file	PB2:am2.1	am2.1:22-009329-001:PB2	99.12%	20	Ran on FASTA - No Coverage Report	2026-05-29_14-48-42
A/chicken/Ecuador/Flu-0639/2023|PB1|EPI_ISL_20450113	Not assigned: Only 1 segments >98.0% match found of total 1 segments in input file	PB1:am1.2	am1.2:22-010085-001:PB1	99.38%	14	Ran on FASTA - No Coverage Report	2026-05-29_14-48-42
A/chicken/Ecuador/Flu-0639/2023|HA|EPI_ISL_20450113	Not assigned: Only 1 segments >98.0% match found of total 1 segments in input file	HA:ea1	ea1:22-003707-003:HA	99.12%	15	Ran on FASTA - No Coverage Report	2026-05-29_14-48-42
A/chicken/Ecuador/Flu-0639/2023|NP|EPI_ISL_20450113	Not assigned: Only 1 segments >98.0% match found of total 1 segments in input file	NP:am1.4.1	am1.4.1:22-009329-001:NP	99.47%	8	Ran on FASTA - No Coverage Report	2026-05-29_14-48-43
A/chicken/Ecuador/Flu-0639/2023|MP|EPI_ISL_20450113	Not assigned: Only 1 segments >98.0% match found of total 1 segments in input file	MP:ea1	ea1:22-003707-003:MP	99.19%	8	Ran on FASTA - No Coverage Report	2026-05-29_14-48-43
A/chicken/Ecuador/Flu-0639/2023|NS|EPI_ISL_20450113	Not assigned: Only 1 segments >98.0% match found of total 1 segments in input file	NS:am1.1	am1.1:22-010085-001:NS	99.28%	6	Ran on FASTA - No Coverage Report	2026-05-29_14-48-43
A/chicken/Ecuador/Flu-0640/2023|MP|EPI_ISL_20450114	Not assigned: Only 1 segments >98.0% match found of total 1 segments in input file	MP:ea1	ea1:22-003707-003:MP	99.19%	8	Ran on FASTA - No Coverage Report	2026-05-29_14-48-43
A/chicken/Ecuador/Flu-0640/2023|NS|EPI_ISL_20450114	Not assigned: Only 1 segments >98.0% match found of total 1 segments in input file	NS:am1.1	am1.1:22-010085-001:NS	99.28%	6	Ran on FASTA - No Coverage Report	2026-05-29_14-48-43
A/chicken/Ecuador/Flu-0641/2023|PB2|EPI_ISL_20386477	Not assigned: Only 1 segments >98.0% match found of total 1 segments in input file	PB2:am2.1	am2.1:22-009329-001:PB2	99.12%	20	Ran on FASTA - No Coverage Report	2026-05-29_14-48-43
A/chicken/Ecuador/Flu-0641/2023|PB1|EPI_ISL_20386477	Not assigned: Only 1 segments >98.0% match found of total 1 segments in input file	PB1:am1.2	am1.2:22-010085-001:PB1	99.38%	14	Ran on FASTA - No Coverage Report	2026-05-29_14-48-39
A/chicken/Ecuador/Flu-0641/2023|PA|EPI_ISL_20386477	Not assigned: Only 1 segments >98.0% match found of total 1 segments in input file	PA:ea1	ea1:22-003707-003:PA	99.30%	15	Ran on FASTA - No Coverage Report	2026-05-29_14-48-39
A/chicken/Ecuador/Flu-0641/2023|HA|EPI_ISL_20386477	Not assigned: Only 1 segments >98.0% match found of total 1 segments in input file	HA:ea1	ea1:22-003707-003:HA	99.18%	14	Ran on FASTA - No Coverage Report	2026-05-29_14-48-39
A/chicken/Ecuador/Flu-0641/2023|NP|EPI_ISL_20386477	Not assigned: Only 1 segments >98.0% match found of total 1 segments in input file	NP:am1.4.1	am1.4.1:22-009329-001:NP	99.47%	8	Ran on FASTA - No Coverage Report	2026-05-29_14-48-40
A/chicken/Ecuador/Flu-0641/2023|NA|EPI_ISL_20386477	Not assigned: Only 1 segments >98.0% match found of total 1 segments in input file	NA:ea1	ea1:22-003707-003:NA	99.36%	9	Ran on FASTA - No Coverage Report	2026-05-29_14-48-40
A/chicken/Ecuador/Flu-0641/2023|MP|EPI_ISL_20386477	Not assigned: Only 1 segments >98.0% match found of total 1 segments in input file	MP:ea1	ea1:22-003707-003:MP	99.29%	7	Ran on FASTA - No Coverage Report	2026-05-29_14-48-40
A/chicken/Ecuador/Flu-0641/2023|NS|EPI_ISL_20386477	Not assigned: Only 1 segments >98.0% match found of total 1 segments in input file	NS:am1.1	am1.1:22-010085-001:NS	99.28%	6	Ran on FASTA - No Coverage Report	2026-05-29_14-48-40
A/chicken/Ecuador/Flu-0642/2023|NP|EPI_ISL_20450115	Not assigned: Only 1 segments >98.0% match found of total 1 segments in input file	NP:am1.4.1	am1.4.1:22-009329-001:NP	99.53%	7	Ran on FASTA - No Coverage Report	2026-05-29_14-48-40
A/chicken/Ecuador/Flu-0642/2023|MP|EPI_ISL_20450115	Not assigned: Only 1 segments >98.0% match found of total 1 segments in input file	MP:ea1	ea1:22-003707-003:MP	99.19%	8	Ran on FASTA - No Coverage Report	2026-05-29_14-48-40
A/chicken/Ecuador/Flu-0642/2023|NS|EPI_ISL_20450115	Not assigned: Only 1 segments >98.0% match found of total 1 segments in input file	NS:am1.1	am1.1:22-010085-001:NS	99.05%	8	Ran on FASTA - No Coverage Report	2026-05-29_14-48-41
A/chicken/Ecuador/Flu-0643/2023|NP|EPI_ISL_20450116	Not assigned: Only 1 segments >98.0% match found of total 1 segments in input file	NP:am1.4.1	am1.4.1:22-009329-001:NP	99.53%	7	Ran on FASTA - No Coverage Report	2026-05-29_14-48-41
A/chicken/Ecuador/Flu-0643/2023|MP|EPI_ISL_20450116	Not assigned: Only 1 segments >98.0% match found of total 1 segments in input file	MP:ea1	ea1:22-003707-003:MP	99.19%	8	Ran on FASTA - No Coverage Report	2026-05-29_14-48-41
A/chicken/Ecuador/Flu-0643/2023|NS|EPI_ISL_20450116	Not assigned: Only 1 segments >98.0% match found of total 1 segments in input file	NS:am1.1	am1.1:22-010085-001:NS	99.05%	8	Ran on FASTA - No Coverage Report	2026-05-29_14-48-41
A/chicken/Ecuador/Flu-0652/2023|PB2|EPI_ISL_20387877	Not assigned: Only 1 segments >98.0% match found of total 1 segments in input file	PB2:am2.1	am2.1:22-009329-001:PB2	99.21%	18	Ran on FASTA - No Coverage Report	2026-05-29_14-48-41
A/chicken/Ecuador/Flu-0652/2023|PB1|EPI_ISL_20387877	Not assigned: Only 1 segments >98.0% match found of total 1 segments in input file	PB1:am1.2	am1.2:22-010085-001:PB1	99.21%	18	Ran on FASTA - No Coverage Report	2026-05-29_14-48-41
A/chicken/Ecuador/Flu-0652/2023|PA|EPI_ISL_20387877	Not assigned: Only 1 segments >98.0% match found of total 1 segments in input file	PA:ea1	ea1:22-003707-003:PA	99.40%	13	Ran on FASTA - No Coverage Report	2026-05-29_14-48-41
A/chicken/Ecuador/Flu-0652/2023|HA|EPI_ISL_20387877	Not assigned: Only 1 segments >98.0% match found of total 1 segments in input file	HA:ea1	ea1:22-003707-003:HA	99.00%	17	Ran on FASTA - No Coverage Report	2026-05-29_14-48-42
A/chicken/Ecuador/Flu-0652/2023|NP|EPI_ISL_20387877	Not assigned: Only 1 segments >98.0% match found of total 1 segments in input file	NP:am1.4.1	am1.4.1:22-009329-001:NP	99.47%	8	Ran on FASTA - No Coverage Report	2026-05-29_14-48-42
A/chicken/Ecuador/Flu-0652/2023|NA|EPI_ISL_20387877	Not assigned: Only 1 segments >98.0% match found of total 1 segments in input file	NA:ea1	ea1:22-003707-003:NA	99.15%	12	Ran on FASTA - No Coverage Report	2026-05-29_14-48-42
A/chicken/Ecuador/Flu-0652/2023|MP|EPI_ISL_20387877	Not assigned: Only 1 segments >98.0% match found of total 1 segments in input file	MP:ea1	ea1:22-003707-003:MP	99.08%	9	Ran on FASTA - No Coverage Report	2026-05-29_14-48-42
A/chicken/Ecuador/Flu-0652/2023|NS|EPI_ISL_20387877	Not assigned: Only 1 segments >98.0% match found of total 1 segments in input file	NS:am1.1	am1.1:22-010085-001:NS	98.93%	9	Ran on FASTA - No Coverage Report	2026-05-29_14-48-42
A/chicken/Ecuador/Flu-0653/2023|PB2|EPI_ISL_20450117	Not assigned: Only 1 segments >98.0% match found of total 1 segments in input file	PB2:am2.1	am2.1:22-009329-001:PB2	99.25%	17	Ran on FASTA - No Coverage Report	2026-05-29_14-48-42
A/chicken/Ecuador/Flu-0653/2023|PB1|EPI_ISL_20450117	Not assigned: Only 1 segments >98.0% match found of total 1 segments in input file	PB1:am1.2	am1.2:22-010085-001:PB1	99.25%	17	Ran on FASTA - No Coverage Report	2026-05-29_14-48-42
A/chicken/Ecuador/Flu-0653/2023|PA|EPI_ISL_20450117	Not assigned: Only 1 segments >98.0% match found of total 1 segments in input file	PA:ea1	ea1:22-003707-003:PA	99.40%	13	Ran on FASTA - No Coverage Report	2026-05-29_14-48-43
A/chicken/Ecuador/Flu-0653/2023|HA|EPI_ISL_20450117	Not assigned: Only 1 segments >98.0% match found of total 1 segments in input file	HA:ea1	ea1:22-003707-003:HA	99.00%	17	Ran on FASTA - No Coverage Report	2026-05-29_14-48-43
A/chicken/Ecuador/Flu-0653/2023|NP|EPI_ISL_20450117	Not assigned: Only 1 segments >98.0% match found of total 1 segments in input file	NP:am1.4.1	am1.4.1:22-009329-001:NP	99.47%	8	Ran on FASTA - No Coverage Report	2026-05-29_14-48-43
A/chicken/Ecuador/Flu-0653/2023|NA|EPI_ISL_20450117	Not assigned: Only 1 segments >98.0% match found of total 1 segments in input file	NA:ea1	ea1:22-003707-003:NA	99.22%	11	Ran on FASTA - No Coverage Report	2026-05-29_14-48-43
A/chicken/Ecuador/Flu-0653/2023|MP|EPI_ISL_20450117	Not assigned: Only 1 segments >98.0% match found of total 1 segments in input file	MP:ea1	ea1:22-003707-003:MP	99.19%	8	Ran on FASTA - No Coverage Report	2026-05-29_14-48-43
A/chicken/Ecuador/Flu-0653/2023|NS|EPI_ISL_20450117	Not assigned: Only 1 segments >98.0% match found of total 1 segments in input file	NS:am1.1	am1.1:22-010085-001:NS	99.05%	8	Ran on FASTA - No Coverage Report	2026-05-29_14-48-43
A/chicken/Ecuador/Flu-0654/2023|PB2|EPI_ISL_20387878	Not assigned: Only 1 segments >98.0% match found of total 1 segments in input file	PB2:am2.1	am2.1:22-009329-001:PB2	99.17%	19	Ran on FASTA - No Coverage Report	2026-05-29_14-48-39
A/chicken/Ecuador/Flu-0654/2023|PB1|EPI_ISL_20387878	Not assigned: Only 1 segments >98.0% match found of total 1 segments in input file	PB1:am1.2	am1.2:22-010085-001:PB1	99.25%	17	Ran on FASTA - No Coverage Report	2026-05-29_14-48-39
A/chicken/Ecuador/Flu-0654/2023|PA|EPI_ISL_20387878	Not assigned: Only 1 segments >98.0% match found of total 1 segments in input file	PA:ea1	ea1:22-003707-003:PA	99.35%	14	Ran on FASTA - No Coverage Report	2026-05-29_14-48-39
A/chicken/Ecuador/Flu-0654/2023|HA|EPI_ISL_20387878	Not assigned: Only 1 segments >98.0% match found of total 1 segments in input file	HA:ea1	ea1:22-003707-003:HA	98.94%	18	Ran on FASTA - No Coverage Report	2026-05-29_14-48-39
A/chicken/Ecuador/Flu-0654/2023|NP|EPI_ISL_20387878	Not assigned: Only 1 segments >98.0% match found of total 1 segments in input file	NP:am1.4.1	am1.4.1:22-009329-001:NP	99.47%	8	Ran on FASTA - No Coverage Report	2026-05-29_14-48-40
A/chicken/Ecuador/Flu-0654/2023|NA|EPI_ISL_20387878	Not assigned: Only 1 segments >98.0% match found of total 1 segments in input file	NA:ea1	ea1:22-003707-003:NA	99.08%	13	Ran on FASTA - No Coverage Report	2026-05-29_14-48-40
A/chicken/Ecuador/Flu-0654/2023|MP|EPI_ISL_20387878	Not assigned: Only 1 segments >98.0% match found of total 1 segments in input file	MP:ea1	ea1:22-003707-003:MP	98.98%	10	Ran on FASTA - No Coverage Report	2026-05-29_14-48-40
A/chicken/Ecuador/Flu-0654/2023|NS|EPI_ISL_20387878	Not assigned: Only 1 segments >98.0% match found of total 1 segments in input file	NS:am1.1	am1.1:22-010085-001:NS	98.93%	9	Ran on FASTA - No Coverage Report	2026-05-29_14-48-40
A/chicken/Ecuador/Flu-0655/2023|NP|EPI_ISL_20450118	Not assigned: Only 1 segments >98.0% match found of total 1 segments in input file	NP:am1.4.1	am1.4.1:22-009329-001:NP	99.40%	9	Ran on FASTA - No Coverage Report	2026-05-29_14-48-40
A/chicken/Ecuador/Flu-0655/2023|MP|EPI_ISL_20450118	Not assigned: Only 1 segments >98.0% match found of total 1 segments in input file	MP:ea1	ea1:22-003707-003:MP	99.08%	9	Ran on FASTA - No Coverage Report	2026-05-29_14-48-40
A/chicken/Ecuador/Flu-0655/2023|NS|EPI_ISL_20450118	Not assigned: Only 1 segments >98.0% match found of total 1 segments in input file	NS:am1.1	am1.1:22-010085-001:NS	99.05%	8	Ran on FASTA - No Coverage Report	2026-05-29_14-48-41
A/chicken/Ecuador/Flu-0656/2023|NP|EPI_ISL_20450119	Not assigned: Only 1 segments >98.0% match found of total 1 segments in input file	NP:am1.4.1	am1.4.1:22-009329-001:NP	99.53%	7	Ran on FASTA - No Coverage Report	2026-05-29_14-48-41
A/chicken/Ecuador/Flu-0656/2023|MP|EPI_ISL_20450119	Not assigned: Only 1 segments >98.0% match found of total 1 segments in input file	MP:ea1	ea1:22-003707-003:MP	99.19%	8	Ran on FASTA - No Coverage Report	2026-05-29_14-48-41
A/chicken/Ecuador/Flu-0656/2023|NS|EPI_ISL_20450119	Not assigned: Only 1 segments >98.0% match found of total 1 segments in input file	NS:am1.1	am1.1:22-010085-001:NS	99.05%	8	Ran on FASTA - No Coverage Report	2026-05-29_14-48-41
A/chicken/Ecuador/Flu-0658/2023|PB2|EPI_ISL_20387879	Not assigned: Only 1 segments >98.0% match found of total 1 segments in input file	PB2:am2.1	am2.1:22-009329-001:PB2	98.99%	23	Ran on FASTA - No Coverage Report	2026-05-29_14-48-41
A/chicken/Ecuador/Flu-0658/2023|PB1|EPI_ISL_20387879	Not assigned: Only 1 segments >98.0% match found of total 1 segments in input file	PB1:am1.2	am1.2:22-010085-001:PB1	99.21%	18	Ran on FASTA - No Coverage Report	2026-05-29_14-48-41
A/chicken/Ecuador/Flu-0658/2023|PA|EPI_ISL_20387879	Not assigned: Only 1 segments >98.0% match found of total 1 segments in input file	PA:ea1	ea1:22-003707-003:PA	99.35%	14	Ran on FASTA - No Coverage Report	2026-05-29_14-48-42
A/chicken/Ecuador/Flu-0658/2023|NP|EPI_ISL_20387879	Not assigned: Only 1 segments >98.0% match found of total 1 segments in input file	NP:am1.4.1	am1.4.1:22-009329-001:NP	99.53%	7	Ran on FASTA - No Coverage Report	2026-05-29_14-48-42
A/chicken/Ecuador/Flu-0658/2023|NA|EPI_ISL_20387879	Not assigned: Only 1 segments >98.0% match found of total 1 segments in input file	NA:ea1	ea1:22-003707-003:NA	98.94%	15	Ran on FASTA - No Coverage Report	2026-05-29_14-48-42
A/chicken/Ecuador/Flu-0658/2023|MP|EPI_ISL_20387879	Not assigned: Only 1 segments >98.0% match found of total 1 segments in input file	MP:ea1	ea1:22-003707-003:MP	99.08%	9	Ran on FASTA - No Coverage Report	2026-05-29_14-48-42
A/chicken/Ecuador/Flu-0658/2023|NS|EPI_ISL_20387879	Not assigned: Only 1 segments >98.0% match found of total 1 segments in input file	NS:am1.1	am1.1:22-010085-001:NS	99.28%	6	Ran on FASTA - No Coverage Report	2026-05-29_14-48-42
A/chicken/Ecuador/Flu-0663/2023|NP|EPI_ISL_20450120	Not assigned: Only 1 segments >98.0% match found of total 1 segments in input file	NP:am1.4.1	am1.4.1:22-009329-001:NP	99.53%	7	Ran on FASTA - No Coverage Report	2026-05-29_14-48-42
A/chicken/Ecuador/Flu-0663/2023|MP|EPI_ISL_20450120	Not assigned: Only 1 segments >98.0% match found of total 1 segments in input file	MP:ea1	ea1:22-003707-003:MP	99.19%	8	Ran on FASTA - No Coverage Report	2026-05-29_14-48-42
A/chicken/Ecuador/Flu-0663/2023|NS|EPI_ISL_20450120	Not assigned: Only 1 segments >98.0% match found of total 1 segments in input file	NS:am1.1	am1.1:22-010085-001:NS	99.05%	8	Ran on FASTA - No Coverage Report	2026-05-29_14-48-43
A/condor/Ecuador/Flu-0679/2025|MP|EPI_ISL_20450121	Not assigned: Only 0 segments >98.0% match found of total 1 segments in input file		ea6:23-004612-001:MP	89.61%	102	Ran on FASTA - No Coverage Report	2026-05-29_14-48-43
A/condor/Ecuador/Flu-0679/2025|NS|EPI_ISL_20450121	Not assigned: Only 1 segments >98.0% match found of total 1 segments in input file	NS:am1.1	am1.1:22-010085-001:NS	99.28%	6	Ran on FASTA - No Coverage Report	2026-05-29_14-48-43
A/condor/Ecuador/Flu-0680/2025|MP|EPI_ISL_20450122	Not assigned: Only 0 segments >98.0% match found of total 1 segments in input file		ea6:23-004612-001:MP	89.62%	101	Ran on FASTA - No Coverage Report	2026-05-29_14-48-43
A/condor/Ecuador/Flu-0680/2025|NS|EPI_ISL_20450122	Not assigned: Only 1 segments >98.0% match found of total 1 segments in input file	NS:am1.1	am1.1:22-010085-001:NS	99.28%	6	Ran on FASTA - No Coverage Report	2026-05-29_14-48-43
A/condor/Ecuador/Flu-0688/2025|MP|EPI_ISL_20450123	Not assigned: Only 0 segments >98.0% match found of total 1 segments in input file		ea6:23-004612-001:MP	89.60%	102	Ran on FASTA - No Coverage Report	2026-05-29_14-48-43
A/condor/Ecuador/Flu-0688/2025|NS|EPI_ISL_20450123	Not assigned: Only 1 segments >98.0% match found of total 1 segments in input file	NS:am1.1	am1.1:22-010085-001:NS	99.28%	6	Ran on FASTA - No Coverage Report	2026-05-29_14-48-39
A/vulture/Ecuador/Flu-0711/2025|NP|EPI_ISL_20450124	Not assigned: Only 0 segments >98.0% match found of total 1 segments in input file		mx1:EPI-ISL-20215425:NP	83.51%	242	Ran on FASTA - No Coverage Report	2026-05-29_14-48-39
A/vulture/Ecuador/Flu-0711/2025|NA|EPI_ISL_20450124	Not assigned: Only 0 segments >98.0% match found of total 1 segments in input file		ea4b:24-000758-001:NA	82.71%	235	Ran on FASTA - No Coverage Report	2026-05-29_14-48-39
A/vulture/Ecuador/Flu-0711/2025|MP|EPI_ISL_20450124	Not assigned: Only 0 segments >98.0% match found of total 1 segments in input file		ea6:23-004612-001:MP	89.61%	102	Ran on FASTA - No Coverage Report	2026-05-29_14-48-40
A/vulture/Ecuador/Flu-0711/2025|NS|EPI_ISL_20450124	Not assigned: Only 0 segments >98.0% match found of total 1 segments in input file		am1.3:22-008760-007:NS	84.13%	129	Ran on FASTA - No Coverage Report	2026-05-29_14-48-40
A/condor/Ecuador/Flu-0713/2025|MP|EPI_ISL_20450128	Not assigned: Only 0 segments >98.0% match found of total 1 segments in input file		ea6:23-004612-001:MP	89.62%	101	Ran on FASTA - No Coverage Report	2026-05-29_14-48-40
A/condor/Ecuador/Flu-0714/2025|MP|EPI_ISL_20450130	Not assigned: Only 0 segments >98.0% match found of total 1 segments in input file		ea6:23-004612-001:MP	89.65%	100	Ran on FASTA - No Coverage Report	2026-05-29_14-48-40
A/condor/Ecuador/Flu-0714/2025|NS|EPI_ISL_20450130	Not assigned: Only 0 segments >98.0% match found of total 1 segments in input file		am1.3:22-008760-007:NS	84.02%	128	Ran on FASTA - No Coverage Report	2026-05-29_14-48-40
A/condor/Ecuador/Flu-0715/2025|MP|EPI_ISL_20450131	Not assigned: Only 0 segments >98.0% match found of total 1 segments in input file		ea6:23-004612-001:MP	89.65%	100	Ran on FASTA - No Coverage Report	2026-05-29_14-48-40
A/condor/Ecuador/Flu-0716/2025|MP|EPI_ISL_20450132	Not assigned: Only 0 segments >98.0% match found of total 1 segments in input file		ea6:23-004612-001:MP	89.61%	100	Ran on FASTA - No Coverage Report	2026-05-29_14-48-40
A/condor/Ecuador/Flu-0717/2025|MP|EPI_ISL_20450133	Not assigned: Only 0 segments >98.0% match found of total 1 segments in input file		ea6:23-004612-001:MP	89.66%	100	Ran on FASTA - No Coverage Report	2026-05-29_14-48-41
A/chicken/Ecuador/Flu-0735/2023|NS|EPI_ISL_20450139	Not assigned: Only 1 segments >98.0% match found of total 1 segments in input file	NS:am1.1	am1.1:22-010085-001:NS	99.28%	6	Ran on FASTA - No Coverage Report	2026-05-29_14-48-41
A/chicken/Ecuador/Flu-0736/2023|NP|EPI_ISL_20450135	Not assigned: Only 1 segments >98.0% match found of total 1 segments in input file	NP:am1.4.1	am1.4.1:22-009329-001:NP	99.20%	12	Ran on FASTA - No Coverage Report	2026-05-29_14-48-41
A/chicken/Ecuador/Flu-0736/2023|MP|EPI_ISL_20450135	Not assigned: Only 1 segments >98.0% match found of total 1 segments in input file	MP:ea1	ea1:22-003707-003:MP	98.98%	10	Ran on FASTA - No Coverage Report	2026-05-29_14-48-41
A/chicken/Ecuador/Flu-0736/2023|NS|EPI_ISL_20450135	Not assigned: Only 1 segments >98.0% match found of total 1 segments in input file	NS:am1.1	am1.1:22-010085-001:NS	99.28%	6	Ran on FASTA - No Coverage Report	2026-05-29_14-48-41
A/chicken/Ecuador/Flu-0737/2023|NP|EPI_ISL_20450140	Not assigned: Only 1 segments >98.0% match found of total 1 segments in input file	NP:am1.4.1	am1.4.1:22-009329-001:NP	99.20%	12	Ran on FASTA - No Coverage Report	2026-05-29_14-48-41
A/chicken/Ecuador/Flu-0737/2023|MP|EPI_ISL_20450140	Not assigned: Only 1 segments >98.0% match found of total 1 segments in input file	MP:ea1	ea1:22-003707-003:MP	98.98%	10	Ran on FASTA - No Coverage Report	2026-05-29_14-48-41
A/chicken/Ecuador/Flu-0737/2023|NS|EPI_ISL_20450140	Not assigned: Only 1 segments >98.0% match found of total 1 segments in input file	NS:am1.1	am1.1:22-010085-001:NS	99.28%	6	Ran on FASTA - No Coverage Report	2026-05-29_14-48-42
A/chicken/Ecuador/Flu-0738/2023|MP|EPI_ISL_20450136	Not assigned: Only 1 segments >98.0% match found of total 1 segments in input file	MP:ea1	ea1:22-003707-003:MP	98.98%	10	Ran on FASTA - No Coverage Report	2026-05-29_14-48-42
A/chicken/Ecuador/Flu-0738/2023|NS|EPI_ISL_20450136	Not assigned: Only 1 segments >98.0% match found of total 1 segments in input file	NS:am1.1	am1.1:22-010085-001:NS	99.28%	6	Ran on FASTA - No Coverage Report	2026-05-29_14-48-42
A/chicken/Ecuador/Flu-0739/2023|NP|EPI_ISL_20450137	Not assigned: Only 1 segments >98.0% match found of total 1 segments in input file	NP:am1.4.1	am1.4.1:22-009329-001:NP	99.20%	12	Ran on FASTA - No Coverage Report	2026-05-29_14-48-42
A/chicken/Ecuador/Flu-0739/2023|MP|EPI_ISL_20450137	Not assigned: Only 1 segments >98.0% match found of total 1 segments in input file	MP:ea1	ea1:22-003707-003:MP	98.98%	10	Ran on FASTA - No Coverage Report	2026-05-29_14-48-42
A/chicken/Ecuador/Flu-0739/2023|NS|EPI_ISL_20450137	Not assigned: Only 1 segments >98.0% match found of total 1 segments in input file	NS:am1.1	am1.1:22-010085-001:NS	99.28%	6	Ran on FASTA - No Coverage Report	2026-05-29_14-48-42
A/chicken/Ecuador/Flu-0740/2024|MP|EPI_ISL_20450142	Not assigned: Only 1 segments >98.0% match found of total 1 segments in input file	MP:ea1	ea1:22-003707-003:MP	98.98%	10	Ran on FASTA - No Coverage Report	2026-05-29_14-48-43
A/chicken/Ecuador/Flu-0741/2024|MP|EPI_ISL_20450143	Not assigned: Only 1 segments >98.0% match found of total 1 segments in input file	MP:ea1	ea1:22-003707-003:MP	98.98%	10	Ran on FASTA - No Coverage Report	2026-05-29_14-48-43
A/chicken/Ecuador/Flu-0741/2024|NS|EPI_ISL_20450143	Not assigned: Only 1 segments >98.0% match found of total 1 segments in input file	NS:am1.1	am1.1:22-010085-001:NS	99.28%	6	Ran on FASTA - No Coverage Report	2026-05-29_14-48-43
A/chicken/Ecuador/Flu-0742/2024|NP|EPI_ISL_20450144	Not assigned: Only 1 segments >98.0% match found of total 1 segments in input file	NP:am1.4.1	am1.4.1:22-009329-001:NP	99.06%	14	Ran on FASTA - No Coverage Report	2026-05-29_14-48-43
A/chicken/Ecuador/Flu-0742/2024|MP|EPI_ISL_20450144	Not assigned: Only 1 segments >98.0% match found of total 1 segments in input file	MP:ea1	ea1:22-003707-003:MP	98.37%	16	Ran on FASTA - No Coverage Report	2026-05-29_14-48-43
A/chicken/Ecuador/Flu-0742/2024|NS|EPI_ISL_20450144	Not assigned: Only 1 segments >98.0% match found of total 1 segments in input file	NS:am1.1	am1.1:22-010085-001:NS	99.28%	6	Ran on FASTA - No Coverage Report	2026-05-29_14-48-43