Strain	Genotype	Genotype List Used, >=98.0%	Genotype Sample Title List	Genotype Percent Match List	Genotype Mismatch List	Genotype Average Depth of Coverage List	Date run
A/goose/Michigan/USDA-008506-004/2022	B1.2	PB2:am1.1, PB1:am1.1, NS:ea1, MP:ea1, HA:ea1, NP:am1.2, NA:ea1, PA:am1	am1.1:22-009287-001:PB2, am1.1:22-009287-001:PB1, ea1:22-003707-003:NS, ea1:22-003707-003:MP, ea1:22-003707-003:HA, am1.2:22-009287-001:NP, ea1:22-003707-003:NA, am1:22-008890-001:PA	99.74%, 99.87%, 99.76%, 99.90%, 99.77%, 99.87%, 99.93%, 99.91%	6, 3, 2, 1, 4, 2, 1, 2	Ran on FASTA - No Coverage Report	2026-05-29_14-48-49
A/pelican/Iowa/22-011101-009/2022	A1	PB2:ea1, PB1:ea1, NS:ea1, MP:ea1, HA:ea1, NP:ea1, NA:ea1, PA:ea1	ea1:22-003707-003:PB2, ea1:22-003707-003:PB1, ea1:22-003707-003:NS, ea1:22-003707-003:MP, ea1:22-003707-003:HA, ea1:22-003707-003:NP, ea1:22-003707-003:NA, ea1:22-003707-003:PA	99.65%, 99.96%, 99.88%, 99.80%, 99.59%, 99.80%, 99.86%, 99.77%	8, 1, 1, 2, 7, 3, 2, 5	Ran on FASTA - No Coverage Report	2026-05-29_14-48-49
A/Chicken/Argentina/2305-1/2023	B3.2	PB2:am2.1, PB1:am1.2, NS:am1.1, MP:ea1, HA:ea1, NP:am1.4.1, NA:ea1, PA:ea1	am2.1:22-009329-001:PB2, am1.2:22-010085-001:PB1, am1.1:22-010085-001:NS, ea1:22-003707-003:MP, ea1:22-003707-003:HA, am1.4.1:22-009329-001:NP, ea1:22-003707-003:NA, ea1:22-003707-003:PA	99.21%, 99.03%, 99.05%, 99.29%, 99.00%, 99.13%, 99.22%, 99.63%	18, 22, 8, 7, 17, 13, 11, 8	Ran on FASTA - No Coverage Report	2026-05-29_14-48-49
A/turkey/Araucania/241892-3/2023	B3.2	PB2:am2.1, PB1:am1.2, NS:am1.1, MP:ea1, HA:ea1, NP:am1.4.1, NA:ea1, PA:ea1	am2.1:22-009329-001:PB2, am1.2:22-010085-001:PB1, am1.1:22-010085-001:NS, ea1:22-003707-003:MP, ea1:22-003707-003:HA, am1.4.1:22-009329-001:NP, ea1:22-003707-003:NA, ea1:22-003707-003:PA	99.39%, 99.21%, 99.28%, 99.19%, 99.06%, 99.13%, 99.22%, 99.63%	14, 18, 6, 8, 16, 13, 11, 8	Ran on FASTA - No Coverage Report	2026-05-29_14-48-49
A/wildbird-Fregata-magnificens/Ecuador/IC06-4590/2023	Not assigned: Only 7 segments >98.0% match found of total 8 segments in input file	PB2:am2.1, PB1:am1.2, NS:am1.1, MP:ea1, HA:ea1, NP:am1.4.1, PA:ea1	am2.1:22-009329-001:PB2, am1.2:22-010085-001:PB1, am1.1:22-010085-001:NS, ea1:22-003707-003:MP, ea1:24-009110-019:HA, am1.4.1:22-009329-001:NP, ea1:22-003707-003:NA, ea1:22-003707-003:PA	99.47%, 99.43%, 99.24%, 98.57%, 98.83%, 99.33%, 96.13%, 99.72%	12, 13, 6, 14, 8, 10, 28, 6	Ran on FASTA - No Coverage Report	2026-05-29_14-48-49
A/Lesser_scaup/MD/-LC-EESC-024/2022	A1	PB2:ea1, PB1:ea1, NS:ea1, MP:ea1, HA:ea1, NP:ea1, NA:ea1, PA:ea1	ea1:22-003707-003:PB2, ea1:22-003707-003:PB1, ea1:22-003707-003:NS, ea1:22-003707-003:MP, ea1:22-003707-003:HA, ea1:22-003707-003:NP, ea1:22-003707-003:NA, ea1:22-003707-003:PA	99.87%, 99.78%, 99.88%, 99.90%, 99.71%, 99.80%, 99.86%, 99.77%	3, 5, 1, 1, 5, 3, 2, 5	Ran on FASTA - No Coverage Report	2026-05-29_14-48-49
A/black_vulture/Florida/22-020386-001/2022	B1.1	PB2:am1.1, PB1:am1.1, NS:ea1, MP:ea1, HA:ea1, NP:am1.2, NA:ea1, PA:ea1	am1.1:22-009287-001:PB2, am1.1:22-009287-001:PB1, ea1:22-003707-003:NS, ea1:22-003707-003:MP, ea1:22-003707-003:HA, am1.2:22-009287-001:NP, ea1:22-003707-003:NA, ea1:22-003707-003:PA	99.65%, 99.60%, 99.76%, 99.69%, 99.65%, 99.73%, 99.79%, 99.86%	8, 9, 2, 3, 6, 4, 3, 3	Ran on FASTA - No Coverage Report	2026-05-29_14-48-49
A/Pelican/Venezuela/Pel4/2022	B2.2	PB2:am1.2, PB1:ea1, NS:am1.2, MP:ea1, HA:ea1, NP:am1.1, NA:ea1, PA:ea1	am1.2:22-007805-001:PB2, ea1:22-003707-003:PB1, am1.2:22-010668-001:NS, ea1:22-003707-003:MP, ea1:22-003707-003:HA, am1.1:22-007805-001:NP, ea1:22-003707-003:NA, ea1:22-003707-003:PA	99.56%, 99.34%, 99.52%, 99.69%, 99.41%, 99.60%, 99.57%, 99.30%	5, 6, 4, 3, 10, 6, 6, 15	Ran on FASTA - No Coverage Report	2026-05-29_14-48-49
A/caspian_tern/Wisconsin/22-017717-004/2022	B1.1	PB2:am1.1, PB1:am1.1, NS:ea1, MP:ea1, HA:ea1, NP:am1.2, NA:ea1, PA:ea1	am1.1:22-009287-001:PB2, am1.1:22-009287-001:PB1, ea1:22-003707-003:NS, ea1:22-003707-003:MP, ea1:22-003707-003:HA, am1.2:22-009287-001:NP, ea1:22-003707-003:NA, ea1:22-003707-003:PA	99.83%, 99.74%, 99.64%, 99.69%, 99.53%, 99.73%, 99.79%, 99.58%	4, 6, 3, 3, 8, 4, 3, 9	Ran on FASTA - No Coverage Report	2026-05-29_14-48-50
A/American_Wigeon/South_Carolina/USDA-001743-014/2022	A1	PB2:ea1, PB1:ea1, NS:ea1, MP:ea1, HA:ea1, NP:ea1, NA:ea1, PA:ea1	ea1:22-003707-003:PB2, ea1:22-003707-003:PB1, ea1:22-003707-003:NS, ea1:22-003707-003:MP, ea1:22-003707-003:HA, ea1:22-003707-003:NP, ea1:22-003707-003:NA, ea1:22-003707-003:PA	99.78%, 100.00%, 99.88%, 100.00%, 99.82%, 99.93%, 100.00%, 99.91%	5, 0, 1, 0, 3, 1, 0, 2	Ran on FASTA - No Coverage Report	2026-05-29_14-48-50
A/Owl/Wyoming/USDA-013181-001/2022	B2.1	PB2:am1.2, PB1:ea1, NS:ea1, MP:ea1, HA:ea1, NP:am1.1, NA:ea1, PA:ea1	am1.2:22-007805-001:PB2, ea1:22-003707-003:PB1, ea1:22-003707-003:NS, ea1:22-003707-003:MP, ea1:22-003707-003:HA, am1.1:22-007805-001:NP, ea1:22-003707-003:NA, ea1:22-003707-003:PA	99.83%, 99.96%, 99.88%, 100.00%, 99.77%, 100.00%, 99.86%, 99.91%	4, 1, 1, 0, 4, 0, 2, 2	Ran on FASTA - No Coverage Report	2026-05-29_14-48-50
A/bald_eagle/Alaska/22-016456-001/2022	B4.1	PB2:am2.2, PB1:ea1, NS:ea1, MP:ea1, HA:ea1, NP:am1.3, NA:ea1, PA:ea1	am2.2:22-010445-001:PB2, ea1:22-003707-003:PB1, ea1:22-003707-003:NS, ea1:22-003707-003:MP, ea1:22-003707-003:HA, am1.3:22-010445-001:NP, ea1:22-003707-003:NA, ea1:22-003707-003:PA	99.78%, 99.87%, 99.52%, 100.00%, 99.53%, 100.00%, 99.57%, 99.86%	5, 3, 4, 0, 8, 0, 6, 3	Ran on FASTA - No Coverage Report	2026-05-29_14-48-50
A/chicken/Chile/241252-3/2023	Not assigned: Only 7 segments >98.0% match found of total 8 segments in input file	PB2:am2.1, PB1:am1.2, NS:am1.1, MP:ea1, NP:am1.4.1, NA:ea1, PA:ea1	am2.1:22-009329-001:PB2, am1.2:22-010085-001:PB1, am1.1:22-010085-001:NS, ea1:22-003707-003:MP, ea1:EPI-ISL-20215425:HA, am1.4.1:22-009329-001:NP, ea1:22-003707-003:NA, ea1:22-003707-003:PA	99.39%, 99.21%, 99.40%, 99.39%, 97.97%, 99.13%, 99.29%, 99.58%	14, 18, 5, 6, 36, 13, 10, 9	Ran on FASTA - No Coverage Report	2026-05-29_14-48-50
A/Turkey/Chile/245558-3/2023	Not assigned: Only 7 segments >98.0% match found of total 8 segments in input file	PB2:am2.1, PB1:am1.2, NS:am1.1, MP:ea1, NP:am1.4.1, NA:ea1, PA:ea1	am2.1:22-009329-001:PB2, am1.2:22-010085-001:PB1, am1.1:22-010085-001:NS, ea1:22-003707-003:MP, ea1:EPI-ISL-20215425:HA, am1.4.1:22-009329-001:NP, ea1:22-003707-003:NA, ea1:22-003707-003:PA	99.17%, 99.30%, 99.40%, 99.39%, 97.86%, 98.93%, 99.36%, 99.44%	19, 16, 5, 6, 38, 16, 9, 12	Ran on FASTA - No Coverage Report	2026-05-29_14-48-50
A/Turkey/Chile/255558-4/2023	Not assigned: Only 7 segments >98.0% match found of total 8 segments in input file	PB2:am2.1, PB1:am1.2, NS:am1.1, MP:ea1, NP:am1.4.1, NA:ea1, PA:ea1	am2.1:22-009329-001:PB2, am1.2:22-010085-001:PB1, am1.1:22-010085-001:NS, ea1:22-003707-003:MP, ea1:EPI-ISL-20215425:HA, am1.4.1:22-009329-001:NP, ea1:22-003707-003:NA, ea1:22-003707-003:PA	99.12%, 99.30%, 99.40%, 99.39%, 97.86%, 98.93%, 99.36%, 99.44%	20, 16, 5, 6, 38, 16, 9, 12	Ran on FASTA - No Coverage Report	2026-05-29_14-48-50
A/eagle/Colorado/22-012393-001/2022	B2.2	PB2:am1.2, PB1:ea1, NS:am1.2, MP:ea1, HA:ea1, NP:am1.1, NA:ea1, PA:ea1	am1.2:22-007805-001:PB2, ea1:22-003707-003:PB1, am1.2:22-010668-001:NS, ea1:22-003707-003:MP, ea1:22-003707-003:HA, am1.1:22-007805-001:NP, ea1:22-003707-003:NA, ea1:22-003707-003:PA	99.78%, 99.82%, 99.64%, 99.80%, 99.88%, 99.73%, 99.64%, 99.91%	5, 4, 3, 2, 2, 4, 5, 2	Ran on FASTA - No Coverage Report	2026-05-29_14-48-50
A/red_tailed_hawk/Minnesota/22-013395-011/2022	B1.1	PB2:am1.1, PB1:am1.1, NS:ea1, MP:ea1, HA:ea1, NP:am1.2, NA:ea1, PA:ea1	am1.1:22-009287-001:PB2, am1.1:22-009287-001:PB1, ea1:22-003707-003:NS, ea1:22-003707-003:MP, ea1:22-003707-003:HA, am1.2:22-009287-001:NP, ea1:22-003707-003:NA, ea1:22-003707-003:PA	99.47%, 99.74%, 99.64%, 100.00%, 99.59%, 99.80%, 99.72%, 99.72%	12, 6, 3, 0, 7, 3, 4, 6	Ran on FASTA - No Coverage Report	2026-05-29_14-48-50
A/frigatebird/Rio_de_Janeiro/MAPA-1532N/2023	Not assigned: Only 7 segments >98.0% match found of total 8 segments in input file	PB2:am2.1, PB1:am1.2, NS:am1.1, MP:ea1, NP:am1.4.1, NA:ea1, PA:ea1	am2.1:22-009329-001:PB2, am1.2:22-010085-001:PB1, am1.1:22-010085-001:NS, ea1:22-003707-003:MP, ea1:EPI-ISL-20215425:HA, am1.4.1:22-009329-001:NP, ea1:22-003707-003:NA, ea1:22-003707-003:PA	99.25%, 99.16%, 99.17%, 99.34%, 97.69%, 98.93%, 99.27%, 99.49%	17, 19, 7, 6, 41, 16, 10, 11	Ran on FASTA - No Coverage Report	2026-05-29_14-48-51
A/snow_goose/Kansas/W22-177B/2022	B2.1	PB2:am1.2, PB1:ea1, NS:ea1, MP:ea1, HA:ea1, NP:am1.1, NA:ea1, PA:ea1	am1.2:22-007805-001:PB2, ea1:22-003707-003:PB1, ea1:22-003707-003:NS, ea1:22-003707-003:MP, ea1:22-003707-003:HA, am1.1:22-007805-001:NP, ea1:22-003707-003:NA, ea1:22-003707-003:PA	99.91%, 99.96%, 99.88%, 100.00%, 99.88%, 100.00%, 99.93%, 99.91%	2, 1, 1, 0, 2, 0, 1, 2	Ran on FASTA - No Coverage Report	2026-05-29_14-48-51
A/peruvian_booby/Peru/LIM-INS-005/2023	Not assigned: Only 7 segments >98.0% match found of total 8 segments in input file	PB2:am2.1, PB1:am1.2, NS:am1.1, MP:ea1, NP:am1.4.1, NA:ea1, PA:ea1	am2.1:22-009329-001:PB2, am1.2:22-010085-001:PB1, am1.1:22-010085-001:NS, ea1:22-003707-003:MP, ea1:EPI-ISL-20215425:HA, am1.4.1:22-009329-001:NP, ea1:22-003707-003:NA, ea1:EPI-ISL-20215425:PA	99.44%, 99.55%, 99.37%, 99.39%, 97.56%, 99.00%, 99.36%, 98.27%	4, 4, 5, 6, 17, 15, 9, 8	Ran on FASTA - No Coverage Report	2026-05-29_14-48-51
A/turkey/Missouri/22-009845-004/2022	B2.1	PB2:am1.2, PB1:ea1, NS:ea1, MP:ea1, HA:ea1, NP:am1.1, NA:ea1, PA:ea1	am1.2:22-007805-001:PB2, ea1:22-003707-003:PB1, ea1:22-003707-003:NS, ea1:22-003707-003:MP, ea1:22-003707-003:HA, am1.1:22-007805-001:NP, ea1:22-003707-003:NA, ea1:22-003707-003:PA	99.83%, 99.96%, 99.64%, 100.00%, 99.88%, 100.00%, 99.72%, 99.91%	4, 1, 3, 0, 2, 0, 4, 2	Ran on FASTA - No Coverage Report	2026-05-29_14-48-51
A/great_horned_owl/Massachusetts/22-016611-011/2022	A1	PB2:ea1, PB1:ea1, NS:ea1, MP:ea1, HA:ea1, NP:ea1, NA:ea1, PA:ea1	ea1:22-003707-003:PB2, ea1:22-003707-003:PB1, ea1:22-003707-003:NS, ea1:22-003707-003:MP, ea1:22-003707-003:HA, ea1:22-003707-003:NP, ea1:22-003707-003:NA, ea1:22-003707-003:PA	99.74%, 99.78%, 99.76%, 99.90%, 99.65%, 99.87%, 99.86%, 99.77%	6, 5, 2, 1, 6, 2, 2, 5	Ran on FASTA - No Coverage Report	2026-05-29_14-48-51
A/chicken/Iowa/USDA-009819-001/2022	B2.1	PB2:am1.2, PB1:ea1, NS:ea1, MP:ea1, HA:ea1, NP:am1.1, NA:ea1, PA:ea1	am1.2:22-007805-001:PB2, ea1:22-003707-003:PB1, ea1:22-003707-003:NS, ea1:22-003707-003:MP, ea1:22-003707-003:HA, am1.1:22-007805-001:NP, ea1:22-003707-003:NA, ea1:22-003707-003:PA	99.87%, 99.96%, 99.76%, 99.90%, 99.94%, 100.00%, 99.79%, 99.95%	3, 1, 2, 1, 1, 0, 3, 1	Ran on FASTA - No Coverage Report	2026-05-29_14-48-51
A/turkey/Washington/22-017048-003-original/2022	B4.1	PB2:am2.2, PB1:ea1, NS:ea1, MP:ea1, HA:ea1, NP:am1.3, NA:ea1, PA:ea1	am2.2:22-010445-001:PB2, ea1:22-003707-003:PB1, ea1:22-003707-003:NS, ea1:22-003707-003:MP, ea1:22-003707-003:HA, am1.3:22-010445-001:NP, ea1:22-003707-003:NA, ea1:22-003707-003:PA	99.83%, 99.91%, 99.76%, 99.90%, 99.71%, 100.00%, 99.57%, 99.91%	4, 2, 2, 1, 5, 0, 6, 2	Ran on FASTA - No Coverage Report	2026-05-29_14-48-51
A/turkey_vulture/Utah/22-016837-001/2022	B4.1	PB2:am2.2, PB1:ea1, NS:ea1, MP:ea1, HA:ea1, NP:am1.3, NA:ea1, PA:ea1	am2.2:22-010445-001:PB2, ea1:22-003707-003:PB1, ea1:22-003707-003:NS, ea1:22-003707-003:MP, ea1:22-003707-003:HA, am1.3:22-010445-001:NP, ea1:22-003707-003:NA, ea1:22-003707-003:PA	99.69%, 99.91%, 99.64%, 99.69%, 99.47%, 99.93%, 99.64%, 99.91%	7, 2, 3, 3, 9, 1, 5, 2	Ran on FASTA - No Coverage Report	2026-05-29_14-48-51
A/Gallus_gallus/Santo_Antonio_da_Barra/1611-N3/2025	Not assigned: Only 5 segments >98.0% match found of total 8 segments in input file	NS:am1.1, MP:ea1, HA:ea1, NA:ea1, PA:ea1	am2.1:22-009329-001:PB2, am1.2:22-010085-001:PB1, am1.1:22-010085-001:NS, ea1:22-003707-003:MP, ea1:24-009110-019:HA, am5:23-013078-002:NP, ea1:24-009110-019:NA, ea1:22-003707-003:PA	95.79%, 97.89%, 98.69%, 98.17%, 98.30%, 92.58%, 98.86%, 99.12%	96, 48, 11, 18, 29, 111, 16, 19	Ran on FASTA - No Coverage Report	2026-05-29_14-48-51
A/Chicken/Argentina/21891-2/2025	Not assigned: Only 1 segments >98.0% match found of total 8 segments in input file	MP:ea1	am23:24-010726-001:PB2, am2:22-031266-001:PB1, am1.3:22-008760-007:NS, ea1:22-003707-003:MP, ea1:22-003707-003:HA, am1.1:22-007805-001:NP, ea1:22-003707-003:NA, ea1b:23-002693-004:PA	83.12%, 89.10%, 91.29%, 98.57%, 97.89%, 97.86%, 97.73%, 85.91%	383, 246, 73, 14, 36, 32, 32, 303	Ran on FASTA - No Coverage Report	2026-05-29_14-48-52
A/Mallard/Connecticut/USDA-003935-001/2022	A1	PB2:ea1, PB1:ea1, NS:ea1, MP:ea1, HA:ea1, NP:ea1, NA:ea1, PA:ea1	ea1:22-003707-003:PB2, ea1:22-003707-003:PB1, ea1:22-003707-003:NS, ea1:22-003707-003:MP, ea1:22-003707-003:HA, ea1:22-003707-003:NP, ea1:22-003707-003:NA, ea1:22-003707-003:PA	99.78%, 99.78%, 99.76%, 100.00%, 99.59%, 99.80%, 99.86%, 99.77%	5, 5, 2, 0, 7, 3, 2, 5	Ran on FASTA - No Coverage Report	2026-05-29_14-48-52
A/mallard/Tennessee/22-024871-019/2022	A1	PB2:ea1, PB1:ea1, NS:ea1, MP:ea1, HA:ea1, NP:ea1, NA:ea1, PA:ea1	ea1:22-003707-003:PB2, ea1:22-003707-003:PB1, ea1:22-003707-003:NS, ea1:22-003707-003:MP, ea1:22-003707-003:HA, ea1:22-003707-003:NP, ea1:22-003707-003:NA, ea1:22-003707-003:PA	100.00%, 99.96%, 99.88%, 100.00%, 99.88%, 99.93%, 99.93%, 100.00%	0, 1, 1, 0, 2, 1, 1, 0	Ran on FASTA - No Coverage Report	2026-05-29_14-48-52
A/chicken/Chile/241252-6/2023	Not assigned: Only 7 segments >98.0% match found of total 8 segments in input file	PB2:am2.1, PB1:am1.2, NS:am1.1, MP:ea1, NP:am1.4.1, NA:ea1, PA:ea1	am2.1:22-009329-001:PB2, am1.2:22-010085-001:PB1, am1.1:22-010085-001:NS, ea1:22-003707-003:MP, ea1:EPI-ISL-20215425:HA, am1.4.1:22-009329-001:NP, ea1:22-003707-003:NA, ea1:22-003707-003:PA	99.39%, 99.21%, 99.40%, 99.39%, 97.97%, 99.13%, 99.29%, 99.49%	14, 18, 5, 6, 36, 13, 10, 11	Ran on FASTA - No Coverage Report	2026-05-29_14-48-52
A/double_crested_cormorant/Michigan/22-019205-001/2022	B1.1	PB2:am1.1, PB1:am1.1, NS:ea1, MP:ea1, HA:ea1, NP:am1.2, NA:ea1, PA:ea1	am1.1:22-009287-001:PB2, am1.1:22-009287-001:PB1, ea1:22-003707-003:NS, ea1:22-003707-003:MP, ea1:22-003707-003:HA, am1.2:22-009287-001:NP, ea1:22-003707-003:NA, ea1:22-003707-003:PA	99.82%, 99.96%, 99.76%, 99.59%, 99.35%, 99.73%, 99.72%, 99.72%	4, 1, 2, 4, 11, 4, 4, 6	Ran on FASTA - No Coverage Report	2026-05-29_14-48-52
A/Ring-necked_Duck/Missouri/USDA-012338-025/2022	B1.1	PB2:am1.1, PB1:am1.1, NS:ea1, MP:ea1, HA:ea1, NP:am1.2, NA:ea1, PA:ea1	am1.1:22-009287-001:PB2, am1.1:22-009287-001:PB1, ea1:22-003707-003:NS, ea1:22-003707-003:MP, ea1:22-003707-003:HA, am1.2:22-009287-001:NP, ea1:22-003707-003:NA, ea1:22-003707-003:PA	99.91%, 99.78%, 99.76%, 99.80%, 99.65%, 99.93%, 99.86%, 99.58%	2, 5, 2, 2, 6, 1, 2, 9	Ran on FASTA - No Coverage Report	2026-05-29_14-48-52
A/chicken/Cordoba/ICA-3499/2022	B3.2	PB2:am2.1, PB1:am1.2, NS:am1.1, MP:ea1, HA:ea1, NP:am1.4.1, NA:ea1, PA:ea1	am2.1:22-009329-001:PB2, am1.2:22-010085-001:PB1, am1.1:22-010085-001:NS, ea1:22-003707-003:MP, ea1:22-003707-003:HA, am1.4.1:22-009329-001:NP, ea1:22-003707-003:NA, ea1:22-003707-003:PA	99.52%, 99.52%, 99.28%, 99.39%, 99.30%, 99.73%, 99.28%, 99.77%	11, 11, 6, 6, 12, 4, 10, 5	Ran on FASTA - No Coverage Report	2026-05-29_14-48-52
A/bald_eagle/Michigan/22-015054-006/2022	A1	PB2:ea1, PB1:ea1, NS:ea1, MP:ea1, HA:ea1, NP:ea1, NA:ea1, PA:ea1	ea1:22-003707-003:PB2, ea1:22-003707-003:PB1, ea1:22-003707-003:NS, ea1:22-003707-003:MP, ea1:22-003707-003:HA, ea1:22-003707-003:NP, ea1:22-003707-003:NA, ea1:22-003707-003:PA	99.83%, 99.91%, 99.76%, 100.00%, 99.65%, 99.73%, 99.79%, 99.67%	4, 2, 2, 0, 6, 4, 3, 7	Ran on FASTA - No Coverage Report	2026-05-29_14-48-52
A/Blackish_oystercatcher/OHiggins/240628/2023	B3.2	PB2:am2.1, PB1:am1.2, NS:am1.1, MP:ea1, HA:ea1, NP:am1.4.1, NA:ea1, PA:ea1	am2.1:22-009329-001:PB2, am1.2:22-010085-001:PB1, am1.1:22-010085-001:NS, ea1:22-003707-003:MP, ea1:22-003707-003:HA, am1.4.1:22-009329-001:NP, ea1:22-003707-003:NA, ea1:22-003707-003:PA	99.39%, 99.30%, 99.05%, 99.29%, 99.24%, 99.06%, 99.43%, 99.67%	14, 16, 8, 7, 13, 14, 8, 7	Ran on FASTA - No Coverage Report	2026-05-29_14-48-52
A/Snow_Goose/North_Dakota/USDA-010037-002/2022	B2.1	PB2:am1.2, PB1:ea1, NS:ea1, MP:ea1, HA:ea1, NP:am1.1, NA:ea1, PA:ea1	am1.2:22-007805-001:PB2, ea1:22-003707-003:PB1, ea1:22-003707-003:NS, ea1:22-003707-003:MP, ea1:22-003707-003:HA, am1.1:22-007805-001:NP, ea1:22-003707-003:NA, ea1:22-003707-003:PA	99.96%, 99.82%, 99.88%, 100.00%, 99.59%, 100.00%, 99.79%, 99.86%	1, 4, 1, 0, 7, 0, 3, 3	Ran on FASTA - No Coverage Report	2026-05-29_14-48-52
A/turkey/South_Dakota/22-009534-001/2022	A1	PB2:ea1, PB1:ea1, NS:ea1, MP:ea1, HA:ea1, NP:ea1, NA:ea1, PA:ea1	ea1:22-003707-003:PB2, ea1:22-003707-003:PB1, ea1:22-003707-003:NS, ea1:22-003707-003:MP, ea1:22-003707-003:HA, ea1:22-003707-003:NP, ea1:22-003707-003:NA, ea1:22-003707-003:PA	99.74%, 99.78%, 99.88%, 99.80%, 99.47%, 99.60%, 99.86%, 99.77%	6, 5, 1, 2, 9, 6, 2, 5	Ran on FASTA - No Coverage Report	2026-05-29_14-48-53
A/South_polar_skua/Antarctica/INACH-UC-UCHILE-SKU5L/2024	Not assigned: Only 6 segments >98.0% match found of total 8 segments in input file	PB2:am2.1, PB1:am1.2, NS:am1.1, MP:ea1, NP:am1.4.1, NA:ea1	am2.1:22-009329-001:PB2, am1.2:22-010085-001:PB1, am1.1:22-010085-001:NS, ea1:22-003707-003:MP, ea1:EPI-ISL-20215425:HA, am1.4.1:22-009329-001:NP, ea1:22-003707-003:NA, ea1:EPI-ISL-20215425:PA	99.21%, 98.90%, 99.28%, 98.88%, 97.75%, 98.80%, 98.51%, 97.76%	18, 25, 6, 11, 40, 18, 21, 50	Ran on FASTA - No Coverage Report	2026-05-29_14-48-53
A/Nasua_nasua/Uruguay/145M2/2023	B3.2	PB2:am2.1, PB1:am1.2, NS:am1.1, MP:ea1, HA:ea1, NP:am1.4.1, NA:ea1, PA:ea1	am2.1:22-009329-001:PB2, am1.2:22-010085-001:PB1, am1.1:22-010085-001:NS, ea1:22-003707-003:MP, ea1:22-003707-003:HA, am1.4.1:22-009329-001:NP, ea1:22-003707-003:NA, ea1:22-003707-003:PA	99.25%, 99.16%, 99.28%, 99.29%, 99.12%, 99.00%, 99.15%, 99.53%	17, 19, 6, 7, 15, 15, 12, 10	Ran on FASTA - No Coverage Report	2026-05-29_14-48-53
A/Lesser_Scaup/Florida/USDA-004623-002/2022	B1.1	PB2:am1.1, PB1:am1.1, NS:ea1, MP:ea1, HA:ea1, NP:am1.2, NA:ea1, PA:ea1	am1.1:22-009287-001:PB2, am1.1:22-009287-001:PB1, ea1:22-003707-003:NS, ea1:22-003707-003:MP, ea1:22-003707-003:HA, am1.2:22-009287-001:NP, ea1:22-003707-003:NA, ea1:22-003707-003:PA	99.74%, 99.87%, 99.88%, 99.90%, 99.71%, 99.87%, 99.86%, 99.81%	6, 3, 1, 1, 5, 2, 2, 4	Ran on FASTA - No Coverage Report	2026-05-29_14-48-53
A/bald_eagle/Unknown/23-034211-002-original/2023	B1.2	PB2:am1.1, PB1:am1.1, NS:ea1, MP:ea1, HA:ea1, NP:am1.2, NA:ea1, PA:am1	am1.1:22-009287-001:PB2, am1.1:22-009287-001:PB1, ea1:22-003707-003:NS, ea1:22-003707-003:MP, ea1:22-003707-003:HA, am1.2:22-009287-001:NP, ea1:22-003707-003:NA, am1:22-008890-001:PA	99.65%, 99.65%, 99.76%, 99.90%, 99.65%, 99.87%, 99.86%, 99.95%	8, 8, 2, 1, 6, 2, 2, 1	Ran on FASTA - No Coverage Report	2026-05-29_14-48-53
A/Goose/Argentina/389-1/2023	B3.2	PB2:am2.1, PB1:am1.2, NS:am1.1, MP:ea1, HA:ea1, NP:am1.4.1, NA:ea1, PA:ea1	am2.1:22-009329-001:PB2, am1.2:22-010085-001:PB1, am1.1:22-010085-001:NS, ea1:22-003707-003:MP, ea1:22-003707-003:HA, am1.4.1:22-009329-001:NP, ea1:22-003707-003:NA, ea1:22-003707-003:PA	99.47%, 99.34%, 99.52%, 99.49%, 99.18%, 99.06%, 99.22%, 99.63%	12, 15, 4, 5, 14, 14, 11, 8	Ran on FASTA - No Coverage Report	2026-05-29_14-48-53
A/Green-winged_Teal/North_Carolina/USDA-003830-009/2022	A1	PB2:ea1, PB1:ea1, NS:ea1, MP:ea1, HA:ea1, NP:ea1, NA:ea1, PA:ea1	ea1:22-003707-003:PB2, ea1:22-003707-003:PB1, ea1:22-003707-003:NS, ea1:22-003707-003:MP, ea1:22-003707-003:HA, ea1:22-003707-003:NP, ea1:22-003707-003:NA, ea1:22-003707-003:PA	99.74%, 99.96%, 99.76%, 100.00%, 99.65%, 99.73%, 99.93%, 99.95%	6, 1, 2, 0, 6, 4, 1, 1	Ran on FASTA - No Coverage Report	2026-05-29_14-48-53
A/chicken/OHiggins/241252-6/2023	B3.2	PB2:am2.1, PB1:am1.2, NS:am1.1, MP:ea1, HA:ea1, NP:am1.4.1, NA:ea1, PA:ea1	am2.1:22-009329-001:PB2, am1.2:22-010085-001:PB1, am1.1:22-010085-001:NS, ea1:22-003707-003:MP, ea1:22-003707-003:HA, am1.4.1:22-009329-001:NP, ea1:22-003707-003:NA, ea1:22-003707-003:PA	99.34%, 99.21%, 99.40%, 99.39%, 99.30%, 99.13%, 99.15%, 99.49%	15, 18, 5, 6, 12, 13, 12, 11	Ran on FASTA - No Coverage Report	2026-05-29_14-48-53
A/Black_Vulture/Florida/USDA-009058-004/2022	B1.1	PB2:am1.1, PB1:am1.1, NS:ea1, MP:ea1, HA:ea1, NP:am1.2, NA:ea1, PA:ea1	am1.1:22-009287-001:PB2, am1.1:22-009287-001:PB1, ea1:22-003707-003:NS, ea1:22-003707-003:MP, ea1:22-003707-003:HA, am1.2:22-009287-001:NP, ea1:22-003707-003:NA, ea1:22-003707-003:PA	99.78%, 99.82%, 99.76%, 99.80%, 99.77%, 99.87%, 99.86%, 99.91%	5, 4, 2, 2, 4, 2, 2, 2	Ran on FASTA - No Coverage Report	2026-05-29_14-48-53
A/red_tailed_hawk/Minnesota/22-014517-001/2022	A1	PB2:ea1, PB1:ea1, NS:ea1, MP:ea1, HA:ea1, NP:ea1, NA:ea1, PA:ea1	ea1:22-003707-003:PB2, ea1:22-003707-003:PB1, ea1:22-003707-003:NS, ea1:22-003707-003:MP, ea1:22-003707-003:HA, ea1:22-003707-003:NP, ea1:22-003707-003:NA, ea1:22-003707-003:PA	99.74%, 99.96%, 99.64%, 99.90%, 99.65%, 99.93%, 99.72%, 99.91%	6, 1, 3, 1, 6, 1, 4, 2	Ran on FASTA - No Coverage Report	2026-05-29_14-48-53
A/turkey/North_Carolina/USDA-009981-004/2022	A1	PB2:ea1, PB1:ea1, NS:ea1, MP:ea1, HA:ea1, NP:ea1, NA:ea1, PA:ea1	ea1:22-003707-003:PB2, ea1:22-003707-003:PB1, ea1:22-003707-003:NS, ea1:22-003707-003:MP, ea1:22-003707-003:HA, ea1:22-003707-003:NP, ea1:22-003707-003:NA, ea1:22-003707-003:PA	99.91%, 99.69%, 99.64%, 100.00%, 99.71%, 99.87%, 99.57%, 99.53%	2, 7, 3, 0, 5, 2, 6, 10	Ran on FASTA - No Coverage Report	2026-05-29_14-48-54
A/goose/South_Dakota/USDA-008571-003/2022	A1	PB2:ea1, PB1:ea1, NS:ea1, MP:ea1, HA:ea1, NP:ea1, NA:ea1, PA:ea1	ea1:22-003707-003:PB2, ea1:22-003707-003:PB1, ea1:22-003707-003:NS, ea1:22-003707-003:MP, ea1:22-003707-003:HA, ea1:22-003707-003:NP, ea1:22-003707-003:NA, ea1:22-003707-003:PA	99.87%, 99.91%, 99.76%, 100.00%, 99.77%, 99.87%, 99.86%, 99.77%	3, 2, 2, 0, 4, 2, 2, 5	Ran on FASTA - No Coverage Report	2026-05-29_14-48-54
A/chicken/Colorado/22-017549-001-original/2022	A1	PB2:ea1, PB1:ea1, NS:ea1, MP:ea1, HA:ea1, NP:ea1, NA:ea1, PA:ea1	ea1:22-003707-003:PB2, ea1:22-003707-003:PB1, ea1:22-003707-003:NS, ea1:22-003707-003:MP, ea1:22-003707-003:HA, ea1:22-003707-003:NP, ea1:22-003707-003:NA, ea1:22-003707-003:PA	99.74%, 99.87%, 99.88%, 99.80%, 99.53%, 99.73%, 99.79%, 99.72%	6, 3, 1, 2, 8, 4, 3, 6	Ran on FASTA - No Coverage Report	2026-05-29_14-48-54
A/black_vulture/Virginia/22-021852-003/2022	B1.1	PB2:am1.1, PB1:am1.1, NS:ea1, MP:ea1, HA:ea1, NP:am1.2, NA:ea1, PA:ea1	am1.1:22-009287-001:PB2, am1.1:22-009287-001:PB1, ea1:22-003707-003:NS, ea1:22-003707-003:MP, ea1:22-003707-003:HA, am1.2:22-009287-001:NP, ea1:22-003707-003:NA, ea1:22-003707-003:PA	99.65%, 99.65%, 99.52%, 99.80%, 99.65%, 99.87%, 99.57%, 99.86%	8, 8, 4, 2, 6, 2, 6, 3	Ran on FASTA - No Coverage Report	2026-05-29_14-48-54
A/Pelican/Nuble/233947-2/2023	Not assigned: Only 7 segments >98.0% match found of total 8 segments in input file	PB2:am2.1, PB1:am1.2, NS:am1.1, MP:ea1, NP:am1.4.1, NA:ea1, PA:ea1	am2.1:22-009329-001:PB2, am1.2:22-010085-001:PB1, am1.1:22-010085-001:NS, ea1:22-003707-003:MP, ea1:EPI-ISL-20215425:HA, am1.4.1:22-009329-001:NP, ea1:22-003707-003:NA, ea1:22-003707-003:PA	99.47%, 99.38%, 99.28%, 99.49%, 97.97%, 99.13%, 99.43%, 99.58%	12, 14, 6, 5, 36, 13, 8, 9	Ran on FASTA - No Coverage Report	2026-05-29_14-48-54
A/avian/Chile/273573/2023	Not assigned: Only 7 segments >98.0% match found of total 8 segments in input file	PB2:am2.1, PB1:am1.2, NS:am1.1, MP:ea1, NP:am1.4.1, NA:ea1, PA:ea1	am2.1:22-009329-001:PB2, am1.2:22-010085-001:PB1, am1.1:22-010085-001:NS, ea1:22-003707-003:MP, ea1:EPI-ISL-20215425:HA, am1.4.1:22-009329-001:NP, ea1:22-003707-003:NA, ea1:22-003707-003:PA	99.52%, 99.03%, 98.45%, 99.39%, 97.69%, 98.93%, 99.29%, 99.30%	11, 22, 13, 6, 41, 16, 10, 15	Ran on FASTA - No Coverage Report	2026-05-29_14-48-54
A/brown_skua/Antartic/A329B/2025	Not assigned: Only 7 segments >98.0% match found of total 8 segments in input file	PB2:am2.1, PB1:am1.2, NS:am1.1, MP:ea1, NP:am1.4.1, NA:ea1, PA:ea1	am2.1:22-009329-001:PB2, am1.2:22-010085-001:PB1, am1.1:22-010085-001:NS, ea1:22-003707-003:MP, ea1:EPI-ISL-20215425:HA, am1.4.1:22-009329-001:NP, ea1:22-003707-003:NA, ea1:22-003707-003:PA	98.95%, 98.72%, 98.09%, 98.88%, 97.30%, 98.40%, 98.99%, 98.79%	24, 29, 16, 11, 48, 24, 12, 26	Ran on FASTA - No Coverage Report	2026-05-29_14-48-54
A/Chiloe_wigeon/OHiggins/240893-2/2023	B3.2	PB2:am2.1, PB1:am1.2, NS:am1.1, MP:ea1, HA:ea1, NP:am1.4.1, NA:ea1, PA:ea1	am2.1:22-009329-001:PB2, am1.2:22-010085-001:PB1, am1.1:22-010085-001:NS, ea1:22-003707-003:MP, ea1:22-003707-003:HA, am1.4.1:22-009329-001:NP, ea1:22-003707-003:NA, ea1:22-003707-003:PA	99.21%, 99.21%, 99.17%, 99.29%, 99.18%, 99.06%, 99.22%, 99.53%	18, 18, 7, 7, 14, 14, 11, 10	Ran on FASTA - No Coverage Report	2026-05-29_14-48-54
A/common_eider/Massachusetts/22-020416-015/2022	A2	PB2:ea1, PB1:ea2, NS:ea1, MP:ea1, HA:ea2, NP:ea1, NA:ea2, PA:ea1	ea1:22-003707-003:PB2, ea2:22-036180-006:PB1, ea1:22-003707-003:NS, ea1:22-003707-003:MP, ea2:22-008064-001:HA, ea1:22-003707-003:NP, ea2:22-008064-001:NA, ea1:22-003707-003:PA	99.52%, 99.82%, 99.52%, 99.80%, 99.71%, 99.47%, 99.64%, 99.67%	11, 4, 4, 2, 5, 8, 5, 7	Ran on FASTA - No Coverage Report	2026-05-29_14-48-54
A/great_grebe/Atacama/231482-2/2023	B3.2	PB2:am2.1, PB1:am1.2, NS:am1.1, MP:ea1, HA:ea1, NP:am1.4.1, NA:ea1, PA:ea1	am2.1:22-009329-001:PB2, am1.2:22-010085-001:PB1, am1.1:22-010085-001:NS, ea1:22-003707-003:MP, ea1:22-003707-003:HA, am1.4.1:22-009329-001:NP, ea1:22-003707-003:NA, ea1:22-003707-003:PA	99.56%, 99.16%, 99.17%, 99.49%, 99.24%, 99.27%, 99.50%, 99.58%	10, 19, 7, 5, 13, 11, 7, 9	Ran on FASTA - No Coverage Report	2026-05-29_14-48-55
A/chicken/Maine/22-007582-001/2022	A1	PB2:ea1, PB1:ea1, NS:ea1, MP:ea1, HA:ea1, NP:ea1, NA:ea1, PA:ea1	ea1:22-003707-003:PB2, ea1:22-003707-003:PB1, ea1:22-003707-003:NS, ea1:22-003707-003:MP, ea1:22-003707-003:HA, ea1:22-003707-003:NP, ea1:22-003707-003:NA, ea1:22-003707-003:PA	99.83%, 99.78%, 99.76%, 99.80%, 99.53%, 99.73%, 99.79%, 99.58%	4, 5, 2, 2, 8, 4, 3, 9	Ran on FASTA - No Coverage Report	2026-05-29_14-48-55
A/chicken/Chile/260690-3/2023	Not assigned: Only 7 segments >98.0% match found of total 8 segments in input file	PB2:am2.1, PB1:am1.2, NS:am1.1, MP:ea1, NP:am1.4.1, NA:ea1, PA:ea1	am2.1:22-009329-001:PB2, am1.2:22-010085-001:PB1, am1.1:22-010085-001:NS, ea1:22-003707-003:MP, ea1:EPI-ISL-20215425:HA, am1.4.1:22-009329-001:NP, ea1:22-003707-003:NA, ea1:22-003707-003:PA	99.34%, 99.12%, 98.69%, 99.39%, 97.75%, 99.13%, 99.43%, 99.40%	15, 20, 11, 6, 40, 13, 8, 13	Ran on FASTA - No Coverage Report	2026-05-29_14-48-55
A/Southern_fulmar/Falkland_Islands/133789/2023	B3.2	PB2:am2.1, PB1:am1.2, NS:am1.1, MP:ea1, HA:ea1, NP:am1.4.1, NA:ea1, PA:ea1	am2.1:22-009329-001:PB2, am1.2:22-010085-001:PB1, am1.1:22-010085-001:NS, ea1:22-003707-003:MP, ea1:22-003707-003:HA, am1.4.1:22-009329-001:NP, ea1:22-003707-003:NA, ea1:22-003707-003:PA	99.39%, 99.25%, 98.93%, 99.08%, 99.12%, 99.06%, 99.29%, 99.30%	14, 17, 9, 9, 15, 14, 10, 15	Ran on FASTA - No Coverage Report	2026-05-29_14-48-55
A/American_Wigeon/North_Carolina/USDA-001330-015/2022	A1	PB2:ea1, PB1:ea1, NS:ea1, MP:ea1, HA:ea1, NP:ea1, NA:ea1, PA:ea1	ea1:22-003707-003:PB2, ea1:22-003707-003:PB1, ea1:22-003707-003:NS, ea1:22-003707-003:MP, ea1:22-003707-003:HA, ea1:22-003707-003:NP, ea1:22-003707-003:NA, ea1:22-003707-003:PA	99.91%, 99.91%, 99.76%, 99.90%, 99.77%, 100.00%, 99.93%, 99.86%	2, 2, 2, 1, 4, 0, 1, 3	Ran on FASTA - No Coverage Report	2026-05-29_14-48-55
A/chicken/Bolivar/ICA-3500/2022	B3.2	PB2:am2.1, PB1:am1.2, NS:am1.1, MP:ea1, HA:ea1, NP:am1.4.1, NA:ea1, PA:ea1	am2.1:22-009329-001:PB2, am1.2:22-010085-001:PB1, am1.1:22-010085-001:NS, ea1:22-003707-003:MP, ea1:22-003707-003:HA, am1.4.1:22-009329-001:NP, ea1:22-003707-003:NA, ea1:22-003707-003:PA	99.25%, 99.43%, 99.64%, 99.08%, 99.30%, 99.73%, 99.42%, 99.77%	17, 13, 3, 9, 12, 4, 8, 5	Ran on FASTA - No Coverage Report	2026-05-29_14-48-55
A/Lesser_Scaup/Georgia/USDA-006543-001/2022	B1.2	PB2:am1.1, PB1:am1.1, NS:ea1, MP:ea1, HA:ea1, NP:am1.2, NA:ea1, PA:am1	am1.1:22-009287-001:PB2, am1.1:22-009287-001:PB1, ea1:22-003707-003:NS, ea1:22-003707-003:MP, ea1:22-003707-003:HA, am1.2:22-009287-001:NP, ea1:22-003707-003:NA, am1:22-008890-001:PA	99.87%, 99.74%, 99.88%, 99.80%, 99.77%, 99.87%, 99.93%, 99.86%	3, 6, 1, 2, 4, 2, 1, 3	Ran on FASTA - No Coverage Report	2026-05-29_14-48-55
A/Turkey/Chile/242908-1/2023	Not assigned: Only 7 segments >98.0% match found of total 8 segments in input file	PB2:am2.1, PB1:am1.2, NS:am1.1, MP:ea1, NP:am1.4.1, NA:ea1, PA:ea1	am2.1:22-009329-001:PB2, am1.2:22-010085-001:PB1, am1.1:22-010085-001:NS, ea1:22-003707-003:MP, ea1:EPI-ISL-20215425:HA, am1.4.1:22-009329-001:NP, ea1:22-003707-003:NA, ea1:22-003707-003:PA	99.34%, 98.99%, 99.17%, 99.19%, 97.97%, 99.27%, 99.29%, 99.58%	15, 23, 7, 8, 36, 11, 10, 9	Ran on FASTA - No Coverage Report	2026-05-29_14-48-55
A/great_horned_owl/Colorado/22-015309-001/2022	B2.1	PB2:am1.2, PB1:ea1, NS:ea1, MP:ea1, HA:ea1, NP:am1.1, NA:ea1, PA:ea1	am1.2:22-007805-001:PB2, ea1:22-003707-003:PB1, ea1:22-003707-003:NS, ea1:22-003707-003:MP, ea1:22-003707-003:HA, am1.1:22-007805-001:NP, ea1:22-003707-003:NA, ea1:22-003707-003:PA	99.87%, 99.87%, 99.88%, 99.69%, 99.88%, 99.93%, 99.43%, 99.91%	3, 3, 1, 3, 2, 1, 8, 2	Ran on FASTA - No Coverage Report	2026-05-29_14-48-55
A/American_Wigeon/North_Carolina/USDA-001330-017/2022	A1	PB2:ea1, PB1:ea1, NS:ea1, MP:ea1, HA:ea1, NP:ea1, NA:ea1, PA:ea1	ea1:22-003707-003:PB2, ea1:22-003707-003:PB1, ea1:22-003707-003:NS, ea1:22-003707-003:MP, ea1:22-003707-003:HA, ea1:22-003707-003:NP, ea1:22-003707-003:NA, ea1:22-003707-003:PA	99.91%, 99.91%, 99.88%, 99.90%, 99.77%, 100.00%, 99.93%, 99.91%	2, 2, 1, 1, 4, 0, 1, 2	Ran on FASTA - No Coverage Report	2026-05-29_14-48-55
A/goose/Delaware/USDA-004745-001/2022	A1	PB2:ea1, PB1:ea1, NS:ea1, MP:ea1, HA:ea1, NP:ea1, NA:ea1, PA:ea1	ea1:22-003707-003:PB2, ea1:22-003707-003:PB1, ea1:22-003707-003:NS, ea1:22-003707-003:MP, ea1:22-003707-003:HA, ea1:22-003707-003:NP, ea1:22-003707-003:NA, ea1:22-003707-003:PA	99.78%, 99.87%, 99.88%, 99.90%, 99.71%, 99.87%, 99.72%, 99.81%	5, 3, 1, 1, 5, 2, 4, 4	Ran on FASTA - No Coverage Report	2026-05-29_14-48-56
A/Thalasseus_maximus/Brazil-ES/23ES1A0008/2023	B3.2	PB2:am2.1, PB1:am1.2, NS:am1.1, MP:ea1, HA:ea1, NP:am1.4.1, NA:ea1, PA:ea1	am2.1:22-009329-001:PB2, am1.2:22-010085-001:PB1, am1.1:22-010085-001:NS, ea1:22-003707-003:MP, ea1:22-003707-003:HA, am1.4.1:22-009329-001:NP, ea1:22-003707-003:NA, ea1:22-003707-003:PA	99.34%, 99.08%, 99.17%, 99.39%, 99.00%, 98.93%, 99.08%, 99.49%	15, 21, 7, 6, 17, 16, 13, 11	Ran on FASTA - No Coverage Report	2026-05-29_14-48-56
A/Ross's_Goose/North_Dakota/USDA-011033-001/2022	B2.2	PB2:am1.2, PB1:ea1, NS:am1.2, MP:ea1, HA:ea1, NP:am1.1, NA:ea1, PA:ea1	am1.2:22-007805-001:PB2, ea1:22-003707-003:PB1, am1.2:22-010668-001:NS, ea1:22-003707-003:MP, ea1:22-003707-003:HA, am1.1:22-007805-001:NP, ea1:22-003707-003:NA, ea1:22-003707-003:PA	99.96%, 99.91%, 99.76%, 100.00%, 99.94%, 100.00%, 99.93%, 99.91%	1, 2, 2, 0, 1, 0, 1, 2	Ran on FASTA - No Coverage Report	2026-05-29_14-48-56
A/chicken/Chile/245817/2023	Not assigned: Only 7 segments >98.0% match found of total 8 segments in input file	PB2:am2.1, PB1:am1.2, NS:am1.1, MP:ea1, NP:am1.4.1, NA:ea1, PA:ea1	am2.1:22-009329-001:PB2, am1.2:22-010085-001:PB1, am1.1:22-010085-001:NS, ea1:22-003707-003:MP, ea1:EPI-ISL-20215425:HA, am1.4.1:22-009329-001:NP, ea1:22-003707-003:NA, ea1:22-003707-003:PA	99.47%, 99.25%, 98.93%, 99.39%, 97.80%, 99.13%, 99.29%, 99.49%	12, 17, 9, 6, 39, 13, 10, 11	Ran on FASTA - No Coverage Report	2026-05-29_14-48-56
A/Pelecanus_occidentalis/Venezuela/Inf20/2022	B2.2	PB2:am1.2, PB1:ea1, NS:am1.2, MP:ea1, HA:ea1, NP:am1.1, NA:ea1, PA:ea1	am1.2:22-007805-001:PB2, ea1:22-003707-003:PB1, am1.2:22-010668-001:NS, ea1:22-003707-003:MP, ea1:22-003707-003:HA, am1.1:22-007805-001:NP, ea1:22-003707-003:NA, ea1:22-003707-003:PA	99.60%, 99.59%, 99.64%, 99.69%, 99.32%, 99.60%, 99.50%, 99.49%	9, 9, 3, 3, 11, 6, 7, 11	Ran on FASTA - No Coverage Report	2026-05-29_14-48-56
A/American_Wigeon/North_Carolina/USDA-001330-031/2022	A1	PB2:ea1, PB1:ea1, NS:ea1, MP:ea1, HA:ea1, NP:ea1, NA:ea1, PA:ea1	ea1:22-003707-003:PB2, ea1:22-003707-003:PB1, ea1:22-003707-003:NS, ea1:22-003707-003:MP, ea1:22-003707-003:HA, ea1:22-003707-003:NP, ea1:22-003707-003:NA, ea1:22-003707-003:PA	99.78%, 99.96%, 99.88%, 99.90%, 99.82%, 99.87%, 99.79%, 99.91%	5, 1, 1, 1, 3, 2, 3, 2	Ran on FASTA - No Coverage Report	2026-05-29_14-48-56
A/Black_Vulture/Florida/USDA-012636-001/2022	B1.1	PB2:am1.1, PB1:am1.1, NS:ea1, MP:ea1, HA:ea1, NP:am1.2, NA:ea1, PA:ea1	am1.1:22-009287-001:PB2, am1.1:22-009287-001:PB1, ea1:22-003707-003:NS, ea1:22-003707-003:MP, ea1:22-003707-003:HA, am1.2:22-009287-001:NP, ea1:22-003707-003:NA, ea1:22-003707-003:PA	99.61%, 99.78%, 99.88%, 99.90%, 99.65%, 99.80%, 99.86%, 99.91%	9, 5, 1, 1, 6, 3, 2, 2	Ran on FASTA - No Coverage Report	2026-05-29_14-48-56
A/gull/Peru/LIM-INS-006/2023	B3.2	PB2:am2.1, PB1:am1.2, NS:am1.1, MP:ea1, HA:ea1, NP:am1.4.1, NA:ea1, PA:ea1	am2.1:22-009329-001:PB2, am1.2:22-010085-001:PB1, am1.1:22-010085-001:NS, ea1:22-003707-003:MP, ea1:22-003707-003:HA, am1.4.1:22-009329-001:NP, ea1:22-003707-003:NA, ea1:22-003707-003:PA	99.39%, 99.38%, 98.86%, 99.39%, 99.30%, 99.33%, 99.36%, 99.49%	14, 14, 9, 6, 12, 10, 9, 11	Ran on FASTA - No Coverage Report	2026-05-29_14-48-56
A/avian/Chile/276862/2023	Not assigned: Only 7 segments >98.0% match found of total 8 segments in input file	PB2:am2.1, PB1:am1.2, NS:am1.1, MP:ea1, NP:am1.4.1, NA:ea1, PA:ea1	am2.1:22-009329-001:PB2, am1.2:22-010085-001:PB1, am1.1:22-010085-001:NS, ea1:22-003707-003:MP, ea1:EPI-ISL-20215425:HA, am1.4.1:22-009329-001:NP, ea1:22-003707-003:NA, ea1:22-003707-003:PA	99.30%, 99.12%, 98.81%, 99.08%, 97.69%, 99.00%, 99.08%, 99.30%	16, 20, 10, 9, 41, 15, 13, 15	Ran on FASTA - No Coverage Report	2026-05-29_14-48-56
A/common_eider/MA/22MM00772/2022	A2	PB2:ea1, PB1:ea2, NS:ea1, MP:ea1, HA:ea2, NP:ea1, NA:ea2, PA:ea1	ea1:22-003707-003:PB2, ea2:22-036180-006:PB1, ea1:22-003707-003:NS, ea1:22-003707-003:MP, ea2:22-008064-001:HA, ea1:22-003707-003:NP, ea2:22-008064-001:NA, ea1:22-003707-003:PA	99.47%, 99.96%, 99.40%, 99.80%, 99.65%, 99.40%, 99.57%, 99.67%	12, 1, 5, 2, 6, 9, 6, 7	Ran on FASTA - No Coverage Report	2026-05-29_14-48-56
A/american_crow/MA/22HP00150/2022	A2	PB2:ea1, PB1:ea2, NS:ea1, MP:ea1, HA:ea2, NP:ea1, NA:ea2, PA:ea1	ea1:22-003707-003:PB2, ea2:22-036180-006:PB1, ea1:22-003707-003:NS, ea1:22-003707-003:MP, ea2:22-008064-001:HA, ea1:22-003707-003:NP, ea2:22-008064-001:NA, ea1:22-003707-003:PA	99.61%, 99.78%, 99.52%, 99.80%, 99.82%, 99.60%, 99.64%, 99.77%	9, 5, 4, 2, 3, 6, 5, 5	Ran on FASTA - No Coverage Report	2026-05-29_14-48-57
A/turkey/South_Dakota/22-009330-001/2022	B2.1	PB2:am1.2, PB1:ea1, NS:ea1, MP:ea1, HA:ea1, NP:am1.1, NA:ea1, PA:ea1	am1.2:22-007805-001:PB2, ea1:22-003707-003:PB1, ea1:22-003707-003:NS, ea1:22-003707-003:MP, ea1:22-003707-003:HA, am1.1:22-007805-001:NP, ea1:22-003707-003:NA, ea1:22-003707-003:PA	99.78%, 99.91%, 99.76%, 99.90%, 99.94%, 99.93%, 99.79%, 99.91%	5, 2, 2, 1, 1, 1, 3, 2	Ran on FASTA - No Coverage Report	2026-05-29_14-48-57
A/brown_skua/Antartic/A320C/2025	Not assigned: Only 7 segments >98.0% match found of total 8 segments in input file	PB2:am2.1, PB1:am1.2, NS:am1.1, MP:ea1, NP:am1.4.1, NA:ea1, PA:ea1	am2.1:22-009329-001:PB2, am1.2:22-010085-001:PB1, am1.1:22-010085-001:NS, ea1:22-003707-003:MP, ea1:EPI-ISL-20215425:HA, am1.4.1:22-009329-001:NP, ea1:24-009110-019:NA, ea1:22-003707-003:PA	99.03%, 98.77%, 98.45%, 99.19%, 97.30%, 98.33%, 98.57%, 98.98%	22, 28, 13, 8, 48, 25, 17, 22	Ran on FASTA - No Coverage Report	2026-05-29_14-48-57
A/Common_Goldeneye/Minnesota/USDA-010028-001/2022	B1.1	PB2:am1.1, PB1:am1.1, NS:ea1, MP:ea1, HA:ea1, NP:am1.2, NA:ea1, PA:ea1	am1.1:22-009287-001:PB2, am1.1:22-009287-001:PB1, ea1:22-003707-003:NS, ea1:22-003707-003:MP, ea1:22-003707-003:HA, am1.2:22-009287-001:NP, ea1:22-003707-003:NA, ea1:22-003707-003:PA	99.83%, 99.74%, 99.76%, 99.90%, 99.71%, 99.73%, 99.86%, 99.81%	4, 6, 2, 1, 5, 4, 2, 4	Ran on FASTA - No Coverage Report	2026-05-29_14-48-57
A/Pelican/Venezuela/Pel3/2022	B2.2	PB2:am1.2, PB1:ea1, NS:am1.2, MP:ea1, HA:ea1, NP:am1.1, NA:ea1, PA:ea1	am1.2:22-007805-001:PB2, ea1:22-003707-003:PB1, am1.2:22-010668-001:NS, ea1:22-003707-003:MP, ea1:22-003707-003:HA, am1.1:22-007805-001:NP, ea1:22-003707-003:NA, ea1:22-003707-003:PA	99.65%, 99.60%, 99.52%, 99.90%, 99.53%, 99.67%, 99.50%, 99.58%	8, 9, 4, 1, 8, 5, 7, 9	Ran on FASTA - No Coverage Report	2026-05-29_14-48-57
A/canada_goose/Washington/22-016938-001/2022	B4.1	PB2:am2.2, PB1:ea1, NS:ea1, MP:ea1, HA:ea1, NP:am1.3, NA:ea1, PA:ea1	am2.2:22-010445-001:PB2, ea1:22-003707-003:PB1, ea1:22-003707-003:NS, ea1:22-003707-003:MP, ea1:22-003707-003:HA, am1.3:22-010445-001:NP, ea1:22-003707-003:NA, ea1:22-003707-003:PA	99.78%, 99.82%, 99.64%, 99.90%, 99.77%, 100.00%, 99.72%, 99.81%	5, 4, 3, 1, 4, 0, 4, 4	Ran on FASTA - No Coverage Report	2026-05-29_14-48-57
A/bald_eagle/South_Dakota/22-014253-001/2022	B2.1	PB2:am1.2, PB1:ea1, NS:ea1, MP:ea1, HA:ea1, NP:am1.1, NA:ea1, PA:ea1	am1.2:22-007805-001:PB2, ea1:22-003707-003:PB1, ea1:22-003707-003:NS, ea1:22-003707-003:MP, ea1:22-003707-003:HA, am1.1:22-007805-001:NP, ea1:22-003707-003:NA, ea1:22-003707-003:PA	99.91%, 99.91%, 99.88%, 99.90%, 99.88%, 100.00%, 99.93%, 99.95%	2, 2, 1, 1, 2, 0, 1, 1	Ran on FASTA - No Coverage Report	2026-05-29_14-48-57
A/Pelecanus_occidentalis/Venezuela/Inf14/2022	B2.2	PB2:am1.2, PB1:ea1, NS:am1.2, MP:ea1, HA:ea1, NP:am1.1, NA:ea1, PA:ea1	am1.2:22-007805-001:PB2, ea1:22-003707-003:PB1, am1.2:22-010668-001:NS, ea1:22-003707-003:MP, ea1:22-003707-003:HA, am1.1:22-007805-001:NP, ea1:22-003707-003:NA, ea1:22-003707-003:PA	98.43%, 99.60%, 99.52%, 99.69%, 99.53%, 99.67%, 99.50%, 99.56%	35, 9, 4, 3, 8, 5, 7, 9	Ran on FASTA - No Coverage Report	2026-05-29_14-48-58
A/bald_eagle/Alaska/22-035250-001/2022	A3	PB2:ea3, PB1:ea3, NS:ea3, MP:ea3, HA:ea3, NP:ea3, NA:ea3, PA:ea3	ea3:22-013001-001:PB2, ea3:22-013001-001:PB1, ea3:22-013001-001:NS, ea3:22-013001-001:MP, ea3:22-013001-001:HA, ea3:22-013001-001:NP, ea3:22-013001-001:NA, ea3:22-013001-001:PA	99.65%, 99.78%, 99.52%, 100.00%, 99.88%, 99.87%, 99.64%, 99.67%	8, 5, 4, 0, 2, 2, 5, 7	Ran on FASTA - No Coverage Report	2026-05-29_14-48-58
A/chicken/Kentucky/USDA-004416-002/2022	A1	PB2:ea1, PB1:ea1, NS:ea1, MP:ea1, HA:ea1, NP:ea1, NA:ea1, PA:ea1	ea1:22-003707-003:PB2, ea1:22-003707-003:PB1, ea1:22-003707-003:NS, ea1:22-003707-003:MP, ea1:22-003707-003:HA, ea1:22-003707-003:NP, ea1:22-003707-003:NA, ea1:22-003707-003:PA	100.00%, 99.96%, 100.00%, 100.00%, 100.00%, 100.00%, 99.93%, 99.95%	0, 1, 0, 0, 0, 0, 1, 1	Ran on FASTA - No Coverage Report	2026-05-29_14-48-58
A/sanderling/MA/22HP00133/2022	A2	PB2:ea1, PB1:ea2, NS:ea1, MP:ea1, HA:ea2, NP:ea1, NA:ea2, PA:ea1	ea1:22-003707-003:PB2, ea2:22-036180-006:PB1, ea1:22-003707-003:NS, ea1:22-003707-003:MP, ea2:22-008064-001:HA, ea1:22-003707-003:NP, ea2:22-008064-001:NA, ea1:22-003707-003:PA	99.61%, 99.87%, 99.64%, 99.80%, 99.82%, 99.40%, 99.72%, 99.81%	9, 3, 3, 2, 3, 9, 4, 4	Ran on FASTA - No Coverage Report	2026-05-29_14-48-58
A/American_Wigeon/North_Carolina/USDA-001330-019/2022	A1	PB2:ea1, PB1:ea1, NS:ea1, MP:ea1, HA:ea1, NP:ea1, NA:ea1, PA:ea1	ea1:22-003707-003:PB2, ea1:22-003707-003:PB1, ea1:22-003707-003:NS, ea1:22-003707-003:MP, ea1:22-003707-003:HA, ea1:22-003707-003:NP, ea1:22-003707-003:NA, ea1:22-003707-003:PA	99.83%, 99.96%, 99.76%, 99.90%, 99.88%, 99.93%, 99.72%, 99.81%	4, 1, 2, 1, 2, 1, 4, 4	Ran on FASTA - No Coverage Report	2026-05-29_14-48-58
A/chicken/Colorado/22-012308-002/2022	B2.1	PB2:am1.2, PB1:ea1, NS:ea1, MP:ea1, HA:ea1, NP:am1.1, NA:ea1, PA:ea1	am1.2:22-007805-001:PB2, ea1:22-003707-003:PB1, ea1:22-003707-003:NS, ea1:22-003707-003:MP, ea1:22-003707-003:HA, am1.1:22-007805-001:NP, ea1:22-003707-003:NA, ea1:22-003707-003:PA	99.78%, 99.82%, 99.88%, 100.00%, 99.88%, 99.93%, 99.64%, 99.86%	5, 4, 1, 0, 2, 1, 5, 3	Ran on FASTA - No Coverage Report	2026-05-29_14-48-58
A/chicken/Nebraska/22-009190-002/2022	A1	PB2:ea1, PB1:ea1, NS:ea1, MP:ea1, HA:ea1, NP:ea1, NA:ea1, PA:ea1	ea1:22-003707-003:PB2, ea1:22-003707-003:PB1, ea1:22-003707-003:NS, ea1:22-003707-003:MP, ea1:22-003707-003:HA, ea1:22-003707-003:NP, ea1:22-003707-003:NA, ea1:22-003707-003:PA	99.78%, 99.91%, 99.76%, 100.00%, 99.77%, 99.93%, 99.79%, 99.81%	5, 2, 2, 0, 4, 1, 3, 4	Ran on FASTA - No Coverage Report	2026-05-29_14-48-58
A/pelican/Peru/PIU-SER019/2022	B3.2	PB2:am2.1, PB1:am1.2, NS:am1.1, MP:ea1, HA:ea1, NP:am1.4.1, NA:ea1, PA:ea1	am2.1:22-009329-001:PB2, am1.2:22-010085-001:PB1, am1.1:22-010085-001:NS, ea1:22-003707-003:MP, ea1:EPI-ISL-20215425:HA, am1.4.1:22-009329-001:NP, ea1:22-003707-003:NA, ea1:22-003707-003:PA	99.56%, 99.47%, 99.40%, 99.29%, 98.09%, 99.33%, 99.01%, 99.72%	10, 12, 5, 7, 34, 10, 14, 6	Ran on FASTA - No Coverage Report	2026-05-29_14-48-59
A/chicken/Atacama/235254-2/2023	Not assigned: Only 7 segments >98.0% match found of total 8 segments in input file	PB2:am2.1, PB1:am1.2, NS:am1.1, MP:ea1, NP:am1.4.1, NA:ea1, PA:ea1	am2.1:22-009329-001:PB2, am1.2:22-010085-001:PB1, am1.1:22-010085-001:NS, ea1:22-003707-003:MP, ea1:EPI-ISL-20215425:HA, am1.4.1:22-009329-001:NP, ea1:22-003707-003:NA, ea1:22-003707-003:PA	99.47%, 99.38%, 99.28%, 99.49%, 97.97%, 99.13%, 99.43%, 99.58%	12, 14, 6, 5, 36, 13, 8, 9	Ran on FASTA - No Coverage Report	2026-05-29_14-48-59
A/turkey/Valparaiso/248976-12/2023	Not assigned: Only 7 segments >98.0% match found of total 8 segments in input file	PB2:am2.1, PB1:am1.2, NS:am1.1, MP:ea1, NP:am1.4.1, NA:ea1, PA:ea1	am2.1:22-009329-001:PB2, am1.2:22-010085-001:PB1, am1.1:22-010085-001:NS, ea1:22-003707-003:MP, ea1:EPI-ISL-20215425:HA, am1.4.1:22-009329-001:NP, ea1:22-003707-003:NA, ea1:22-003707-003:PA	99.12%, 99.25%, 99.05%, 99.29%, 97.75%, 99.06%, 99.22%, 99.35%	20, 17, 8, 7, 40, 14, 11, 14	Ran on FASTA - No Coverage Report	2026-05-29_14-48-59
A/Sabine's_gull/Alaska/22-017953-007/2022	B3.2	PB2:am2.1, PB1:am1.2, NS:am1.1, MP:ea1, HA:ea1, NP:am1.4.1, NA:ea1, PA:ea1	am2.1:22-009329-001:PB2, am1.2:22-010085-001:PB1, am1.1:22-010085-001:NS, ea1:22-003707-003:MP, ea1:22-003707-003:HA, am1.4.1:22-009329-001:NP, ea1:22-003707-003:NA, ea1:22-003707-003:PA	99.78%, 99.74%, 99.88%, 99.80%, 99.53%, 99.80%, 99.50%, 99.86%	5, 6, 1, 2, 8, 3, 7, 3	Ran on FASTA - No Coverage Report	2026-05-29_14-48-59
A/double_crested_cormorant/Wisconsin/22-019312-002/2022	B1.1	PB2:am1.1, PB1:am1.1, NS:ea1, MP:ea1, HA:ea1, NP:am1.2, NA:ea1, PA:ea1	am1.1:22-009287-001:PB2, am1.1:22-009287-001:PB1, ea1:22-003707-003:NS, ea1:22-003707-003:MP, ea1:22-003707-003:HA, am1.2:22-009287-001:NP, ea1:22-003707-003:NA, ea1:22-003707-003:PA	99.91%, 99.91%, 99.76%, 99.80%, 99.65%, 99.87%, 99.93%, 99.77%	2, 2, 2, 2, 6, 2, 1, 5	Ran on FASTA - No Coverage Report	2026-05-29_14-48-59
A/canada_goose/California/22-022940-003/2022	B4.1	PB2:am2.2, PB1:ea1, NS:ea1, MP:ea1, HA:ea1, NP:am1.3, NA:ea1, PA:ea1	am2.2:22-010445-001:PB2, ea1:22-003707-003:PB1, ea1:22-003707-003:NS, ea1:22-003707-003:MP, ea1:22-003707-003:HA, am1.3:22-010445-001:NP, ea1:22-003707-003:NA, ea1:22-003707-003:PA	99.87%, 99.87%, 99.64%, 99.80%, 99.59%, 99.80%, 99.72%, 99.81%	3, 3, 3, 2, 7, 3, 4, 4	Ran on FASTA - No Coverage Report	2026-05-29_14-48-59
A/Chicken/Argentina/21891-4/2025	Not assigned: Only 1 segments >98.0% match found of total 8 segments in input file	MP:ea1	am23:24-010726-001:PB2, am2:22-031266-001:PB1, am1.3:22-008760-007:NS, ea1:22-003707-003:MP, ea1:22-003707-003:HA, am1.1:22-007805-001:NP, ea1:22-003707-003:NA, ea1b:23-002693-004:PA	83.12%, 89.10%, 91.29%, 98.57%, 97.89%, 97.86%, 97.73%, 85.91%	383, 246, 73, 14, 36, 32, 32, 303	Ran on FASTA - No Coverage Report	2026-05-29_14-48-59
A/goose/Michigan/USDA-008506-007/2022	B1.2	PB2:am1.1, PB1:am1.1, NS:ea1, MP:ea1, HA:ea1, NP:am1.2, NA:ea1, PA:am1	am1.1:22-009287-001:PB2, am1.1:22-009287-001:PB1, ea1:22-003707-003:NS, ea1:22-003707-003:MP, ea1:22-003707-003:HA, am1.2:22-009287-001:NP, ea1:22-003707-003:NA, am1:22-008890-001:PA	99.78%, 99.87%, 99.64%, 99.90%, 99.77%, 99.87%, 99.93%, 99.91%	5, 3, 3, 1, 4, 2, 1, 2	Ran on FASTA - No Coverage Report	2026-05-29_14-49-00
A/turkey/Indiana/22-006259-001/2022	A1	PB2:ea1, PB1:ea1, NS:ea1, MP:ea1, HA:ea1, NP:ea1, NA:ea1, PA:ea1	ea1:22-003707-003:PB2, ea1:22-003707-003:PB1, ea1:22-003707-003:NS, ea1:22-003707-003:MP, ea1:22-003707-003:HA, ea1:22-003707-003:NP, ea1:22-003707-003:NA, ea1:22-003707-003:PA	100.00%, 99.87%, 100.00%, 100.00%, 100.00%, 100.00%, 100.00%, 99.91%	0, 3, 0, 0, 0, 0, 0, 2	Ran on FASTA - No Coverage Report	2026-05-29_14-49-00
A/black_vulture/Georgia/23-032683-002/2022	B1.1	PB2:am1.1, PB1:am1.1, NS:ea1, MP:ea1, HA:ea1, NP:am1.2, NA:ea1, PA:ea1	am1.1:22-009287-001:PB2, am1.1:22-009287-001:PB1, ea1:22-003707-003:NS, ea1:22-003707-003:MP, ea1:22-003707-003:HA, am1.2:22-009287-001:NP, ea1:22-003707-003:NA, ea1:22-003707-003:PA	99.39%, 99.38%, 99.40%, 99.39%, 99.59%, 99.60%, 99.43%, 99.53%	14, 14, 5, 6, 7, 6, 8, 10	Ran on FASTA - No Coverage Report	2026-05-29_14-49-00
A/common_tern/Maine/W22-480A/2022	A2	PB2:ea1, PB1:ea2, NS:ea1, MP:ea1, HA:ea2, NP:ea1, NA:ea2, PA:ea1	ea1:22-003707-003:PB2, ea2:22-036180-006:PB1, ea1:22-003707-003:NS, ea1:22-003707-003:MP, ea2:22-008064-001:HA, ea1:22-003707-003:NP, ea2:22-008064-001:NA, ea1:22-003707-003:PA	99.52%, 99.82%, 99.40%, 99.69%, 99.71%, 99.47%, 99.64%, 99.72%	11, 4, 5, 3, 5, 8, 5, 6	Ran on FASTA - No Coverage Report	2026-05-29_14-49-00
A/Bald_Eagle/Minnesota/USDA-009477-001/2022	B3.2	PB2:am2.1, PB1:am1.2, NS:am1.1, MP:ea1, HA:ea1, NP:am1.4.1, NA:ea1, PA:ea1	am2.1:22-009329-001:PB2, am1.2:22-010085-001:PB1, am1.1:22-010085-001:NS, ea1:22-003707-003:MP, ea1:22-003707-003:HA, am1.4.1:22-009329-001:NP, ea1:22-003707-003:NA, ea1:22-003707-003:PA	99.69%, 99.74%, 100.00%, 99.90%, 99.77%, 100.00%, 99.86%, 99.95%	7, 6, 0, 1, 4, 0, 2, 1	Ran on FASTA - No Coverage Report	2026-05-29_14-49-00
A/bald_eagle/Michigan/22-015054-010/2022	B1.2	PB2:am1.1, PB1:am1.1, NS:ea1, MP:ea1, HA:ea1, NP:am1.2, NA:ea1, PA:am1	am1.1:22-009287-001:PB2, am1.1:22-009287-001:PB1, ea1:22-003707-003:NS, ea1:22-003707-003:MP, ea1:22-003707-003:HA, am1.2:22-009287-001:NP, ea1:22-003707-003:NA, am1:22-008890-001:PA	99.74%, 99.69%, 99.64%, 99.69%, 99.71%, 99.80%, 99.79%, 99.77%	6, 7, 3, 3, 5, 3, 3, 5	Ran on FASTA - No Coverage Report	2026-05-29_14-49-00
A/bald_eagle/Wisconsin/22-014373-001/2022	B1.2	PB2:am1.1, PB1:am1.1, NS:ea1, MP:ea1, HA:ea1, NP:am1.2, NA:ea1, PA:am1	am1.1:22-009287-001:PB2, am1.1:22-009287-001:PB1, ea1:22-003707-003:NS, ea1:22-003707-003:MP, ea1:22-003707-003:HA, am1.2:22-009287-001:NP, ea1:22-003707-003:NA, am1:22-008890-001:PA	99.61%, 99.78%, 99.28%, 99.80%, 99.71%, 99.87%, 99.86%, 99.95%	9, 5, 6, 2, 5, 2, 2, 1	Ran on FASTA - No Coverage Report	2026-05-29_14-49-00
A/chicken/Colorado/22-017865-002-original/2022	A1	PB2:ea1, PB1:ea1, NS:ea1, MP:ea1, HA:ea1, NP:ea1, NA:ea1, PA:ea1	ea1:22-003707-003:PB2, ea1:22-003707-003:PB1, ea1:22-003707-003:NS, ea1:22-003707-003:MP, ea1:22-003707-003:HA, ea1:22-003707-003:NP, ea1:22-003707-003:NA, ea1:22-003707-003:PA	99.74%, 99.87%, 99.88%, 99.80%, 99.59%, 99.73%, 99.79%, 99.72%	6, 3, 1, 2, 7, 4, 3, 6	Ran on FASTA - No Coverage Report	2026-05-29_14-49-00
A/chicken/Nebraska/USDA-009006-001/2022	A1	PB2:ea1, PB1:ea1, NS:ea1, MP:ea1, HA:ea1, NP:ea1, NA:ea1, PA:ea1	ea1:22-003707-003:PB2, ea1:22-003707-003:PB1, ea1:22-003707-003:NS, ea1:22-003707-003:MP, ea1:22-003707-003:HA, ea1:22-003707-003:NP, ea1:22-003707-003:NA, ea1:22-003707-003:PA	99.83%, 99.87%, 99.88%, 100.00%, 99.77%, 99.93%, 99.93%, 99.72%	4, 3, 1, 0, 4, 1, 1, 6	Ran on FASTA - No Coverage Report	2026-05-29_14-49-01
A/Great_Horned_Owl/Minnesota/USDA-011252-001/2022	B2.1	PB2:am1.2, PB1:ea1, NS:ea1, MP:ea1, HA:ea1, NP:am1.1, NA:ea1, PA:ea1	am1.2:22-007805-001:PB2, ea1:22-003707-003:PB1, ea1:22-003707-003:NS, ea1:22-003707-003:MP, ea1:22-003707-003:HA, am1.1:22-007805-001:NP, ea1:22-003707-003:NA, ea1:22-003707-003:PA	99.78%, 99.96%, 99.76%, 100.00%, 99.94%, 100.00%, 99.93%, 99.95%	5, 1, 2, 0, 1, 0, 1, 1	Ran on FASTA - No Coverage Report	2026-05-29_14-49-01
A/pelican/Peru/PIU-SER013/2022	B3.2	PB2:am2.1, PB1:am1.2, NS:am1.1, MP:ea1, HA:ea1, NP:am1.4.1, NA:ea1, PA:ea1	am2.1:22-009329-001:PB2, am1.2:22-010085-001:PB1, am1.1:22-010085-001:NS, ea1:22-003707-003:MP, ea1:EPI-ISL-20215425:HA, am1.4.1:22-009329-001:NP, ea1:22-003707-003:NA, ea1:22-003707-003:PA	99.61%, 99.47%, 99.17%, 99.28%, 98.18%, 99.20%, 99.36%, 99.67%	9, 12, 7, 7, 16, 12, 9, 7	Ran on FASTA - No Coverage Report	2026-05-29_14-49-01
A/turkey/Indiana/USDA-003707-003/2022	A1	PB2:ea1, PB1:ea1, NS:ea1, MP:ea1, HA:ea1, NP:ea1, NA:ea1, PA:ea1	ea1:22-003707-003:PB2, ea1:22-003707-003:PB1, ea1:22-003707-003:NS, ea1:22-003707-003:MP, ea1:22-003707-003:HA, ea1:22-003707-003:NP, ea1:22-003707-003:NA, ea1:22-003707-003:PA	100.00%, 100.00%, 100.00%, 100.00%, 100.00%, 100.00%, 100.00%, 100.00%	0, 0, 0, 0, 0, 0, 0, 0	Ran on FASTA - No Coverage Report	2026-05-29_14-49-01
A/great_horned_owl/Indiana/22-016540-002/2022	B1.2	PB2:am1.1, PB1:am1.1, NS:ea1, MP:ea1, HA:ea1, NP:am1.2, NA:ea1, PA:am1	am1.1:22-009287-001:PB2, am1.1:22-009287-001:PB1, ea1:22-003707-003:NS, ea1:22-003707-003:MP, ea1:22-003707-003:HA, am1.2:22-009287-001:NP, ea1:22-003707-003:NA, am1:22-008890-001:PA	99.65%, 99.65%, 99.64%, 99.69%, 99.65%, 99.67%, 99.57%, 99.77%	8, 8, 3, 3, 6, 5, 6, 5	Ran on FASTA - No Coverage Report	2026-05-29_14-49-01
A/turkey/South_Dakota/22-010346-001/2022	B2.1	PB2:am1.2, PB1:ea1, NS:ea1, MP:ea1, HA:ea1, NP:am1.1, NA:ea1, PA:ea1	am1.2:22-007805-001:PB2, ea1:22-003707-003:PB1, ea1:22-003707-003:NS, ea1:22-003707-003:MP, ea1:22-003707-003:HA, am1.1:22-007805-001:NP, ea1:22-003707-003:NA, ea1:22-003707-003:PA	99.87%, 99.78%, 99.64%, 99.90%, 99.82%, 100.00%, 99.93%, 99.91%	3, 5, 3, 1, 3, 0, 1, 2	Ran on FASTA - No Coverage Report	2026-05-29_14-49-01
A/avian/Chile/274966/2023	Not assigned: Only 7 segments >98.0% match found of total 8 segments in input file	PB2:am2.1, PB1:am1.2, NS:am1.1, MP:ea1, NP:am1.4.1, NA:ea1, PA:ea1	am2.1:22-009329-001:PB2, am1.2:22-010085-001:PB1, am1.1:22-010085-001:NS, ea1:22-003707-003:MP, ea1:EPI-ISL-20215425:HA, am1.4.1:22-009329-001:NP, ea1:22-003707-003:NA, ea1:22-003707-003:PA	99.34%, 99.16%, 98.69%, 99.08%, 97.52%, 99.00%, 99.22%, 99.21%	15, 19, 11, 9, 44, 15, 11, 17	Ran on FASTA - No Coverage Report	2026-05-29_14-49-02
A/great_black-backed_gull/MA/22MM00822/2022	A2	PB2:ea1, PB1:ea2, NS:ea1, MP:ea1, HA:ea2, NP:ea1, NA:ea2, PA:ea1	ea1:22-003707-003:PB2, ea2:22-036180-006:PB1, ea1:22-003707-003:NS, ea1:22-003707-003:MP, ea2:22-008064-001:HA, ea1:22-003707-003:NP, ea2:22-008064-001:NA, ea1:22-003707-003:PA	99.56%, 99.91%, 99.40%, 99.80%, 99.71%, 99.47%, 99.72%, 99.67%	10, 2, 5, 2, 5, 8, 4, 7	Ran on FASTA - No Coverage Report	2026-05-29_14-49-02
A/snow_goose/Minnesota/22-037628-005/2022	B3.4	PB2:am4, PB1:am1.2, NS:am1.1, MP:ea1, HA:ea1, NP:am1.4.1, NA:ea1, PA:ea1	am4:23-000081-004:PB2, am1.2:22-010085-001:PB1, am1.1:22-010085-001:NS, ea1:22-003707-003:MP, ea1:24-009110-019:HA, am1.4.1:22-009329-001:NP, ea1:22-003707-003:NA, ea1:22-003707-003:PA	99.83%, 99.43%, 99.40%, 99.39%, 99.47%, 99.73%, 99.43%, 99.53%	4, 13, 5, 6, 9, 4, 8, 10	Ran on FASTA - No Coverage Report	2026-05-29_14-49-02
A/American_wigeon/South_Carolina/AH0195145/2021	A1	PB2:ea1, PB1:ea1, NS:ea1, MP:ea1, HA:ea1, NP:ea1, NA:ea1, PA:ea1	ea1:22-003707-003:PB2, ea1:22-003707-003:PB1, ea1:22-003707-003:NS, ea1:22-003707-003:MP, ea1:22-003707-003:HA, ea1:22-003707-003:NP, ea1:22-003707-003:NA, ea1:22-003707-003:PA	99.83%, 100.00%, 99.88%, 100.00%, 99.82%, 99.93%, 99.79%, 99.95%	4, 0, 1, 0, 3, 1, 3, 1	Ran on FASTA - No Coverage Report	2026-05-29_14-49-02
A/Pelican/Atacama/229424-2/2022	B3.2	PB2:am2.1, PB1:am1.2, NS:am1.1, MP:ea1, HA:ea1, NP:am1.4.1, NA:ea1, PA:ea1	am2.1:22-009329-001:PB2, am1.2:22-010085-001:PB1, am1.1:22-010085-001:NS, ea1:22-003707-003:MP, ea1:22-003707-003:HA, am1.4.1:22-009329-001:NP, ea1:22-003707-003:NA, ea1:22-003707-003:PA	99.56%, 99.21%, 99.28%, 99.39%, 99.24%, 99.13%, 99.50%, 99.67%	10, 18, 6, 6, 13, 13, 7, 7	Ran on FASTA - No Coverage Report	2026-05-29_14-49-02
A/northern_shoveler/North_Carolina/AH0182913/2022	A1	PB2:ea1, PB1:ea1, NS:ea1, MP:ea1, HA:ea1, NP:ea1, NA:ea1, PA:ea1	ea1:22-003707-003:PB2, ea1:22-003707-003:PB1, ea1:22-003707-003:NS, ea1:22-003707-003:MP, ea1:22-003707-003:HA, ea1:22-003707-003:NP, ea1:22-003707-003:NA, ea1:22-003707-003:PA	99.83%, 99.82%, 99.88%, 100.00%, 99.88%, 99.87%, 99.86%, 99.95%	4, 4, 1, 0, 2, 2, 2, 1	Ran on FASTA - No Coverage Report	2026-05-29_14-49-02
A/owl/Peru/23-005629-001/2022	B3.2	PB2:am2.1, PB1:am1.2, NS:am1.1, MP:ea1, HA:ea1, NP:am1.4.1, NA:ea1, PA:ea1	am2.1:22-009329-001:PB2, am1.2:22-010085-001:PB1, am1.1:22-010085-001:NS, ea1:22-003707-003:MP, ea1:22-003707-003:HA, am1.4.1:22-009329-001:NP, ea1:22-003707-003:NA, ea1:22-003707-003:PA	99.47%, 99.47%, 99.40%, 99.29%, 99.35%, 99.20%, 99.22%, 99.63%	12, 12, 5, 7, 11, 12, 11, 8	Ran on FASTA - No Coverage Report	2026-05-29_14-49-02
A/Pelican/Atacama/229450-2/2022	B3.2	PB2:am2.1, PB1:am1.2, NS:am1.1, MP:ea1, HA:ea1, NP:am1.4.1, NA:ea1, PA:ea1	am2.1:22-009329-001:PB2, am1.2:22-010085-001:PB1, am1.1:22-010085-001:NS, ea1:22-003707-003:MP, ea1:22-003707-003:HA, am1.4.1:22-009329-001:NP, ea1:22-003707-003:NA, ea1:22-003707-003:PA	99.39%, 99.34%, 99.40%, 99.39%, 99.24%, 99.13%, 99.50%, 99.67%	14, 15, 5, 6, 13, 13, 7, 7	Ran on FASTA - No Coverage Report	2026-05-29_14-49-02
A/Black_Vulture/Florida/USDA-008502-002/2022	B1.1	PB2:am1.1, PB1:am1.1, NS:ea1, MP:ea1, HA:ea1, NP:am1.2, NA:ea1, PA:ea1	am1.1:22-009287-001:PB2, am1.1:22-009287-001:PB1, ea1:22-003707-003:NS, ea1:22-003707-003:MP, ea1:22-003707-003:HA, am1.2:22-009287-001:NP, ea1:22-003707-003:NA, ea1:22-003707-003:PA	99.74%, 99.82%, 99.76%, 99.90%, 99.71%, 99.87%, 99.86%, 99.77%	6, 4, 2, 1, 5, 2, 2, 5	Ran on FASTA - No Coverage Report	2026-05-29_14-49-03
A/pelican/Peru/AIS0538/2022	B3.2	PB2:am2.1, PB1:am1.2, NS:am1.1, MP:ea1, HA:ea1, NP:am1.4.1, NA:ea1, PA:ea1	am2.1:22-009329-001:PB2, am1.2:22-010085-001:PB1, am1.1:22-010085-001:NS, ea1:22-003707-003:MP, ea1:22-003707-003:HA, am1.4.1:22-009329-001:NP, ea1:22-003707-003:NA, ea1:22-003707-003:PA	99.56%, 99.43%, 99.40%, 99.39%, 99.41%, 99.33%, 99.36%, 99.72%	10, 13, 5, 6, 10, 10, 9, 6	Ran on FASTA - No Coverage Report	2026-05-29_14-49-03
A/goose/Chile/254702/2023	Not assigned: Only 7 segments >98.0% match found of total 8 segments in input file	PB2:am2.1, PB1:am1.2, NS:am1.1, MP:ea1, NP:am1.4.1, NA:ea1, PA:ea1	am2.1:22-009329-001:PB2, am1.2:22-010085-001:PB1, am1.1:22-010085-001:NS, ea1:22-003707-003:MP, ea1:EPI-ISL-20215425:HA, am1.4.1:22-009329-001:NP, ea1:22-003707-003:NA, ea1:22-003707-003:PA	99.30%, 98.81%, 99.17%, 99.08%, 97.97%, 98.93%, 99.15%, 99.44%	16, 27, 7, 9, 36, 16, 12, 12	Ran on FASTA - No Coverage Report	2026-05-29_14-49-03
A/chicken/Chile/248751-5/2023	Not assigned: Only 7 segments >98.0% match found of total 8 segments in input file	PB2:am2.1, PB1:am1.2, NS:am1.1, MP:ea1, NP:am1.4.1, NA:ea1, PA:ea1	am2.1:22-009329-001:PB2, am1.2:22-010085-001:PB1, am1.1:22-010085-001:NS, ea1:22-003707-003:MP, ea1:EPI-ISL-20215425:HA, am1.4.1:22-009329-001:NP, ea1:22-003707-003:NA, ea1:22-003707-003:PA	99.34%, 99.21%, 99.17%, 99.19%, 97.58%, 99.00%, 99.29%, 99.67%	15, 18, 7, 8, 43, 15, 10, 7	Ran on FASTA - No Coverage Report	2026-05-29_14-49-03
A/canada_goose/Washington/22-017361-002/2022	B2.1	PB2:am1.2, PB1:ea1, NS:ea1, MP:ea1, HA:ea1, NP:am1.1, NA:ea1, PA:ea1	am1.2:22-007805-001:PB2, ea1:22-003707-003:PB1, ea1:22-003707-003:NS, ea1:22-003707-003:MP, ea1:22-003707-003:HA, am1.1:22-007805-001:NP, ea1:22-003707-003:NA, ea1:22-003707-003:PA	99.83%, 99.78%, 99.88%, 99.69%, 99.71%, 100.00%, 99.36%, 99.72%	4, 5, 1, 3, 5, 0, 9, 6	Ran on FASTA - No Coverage Report	2026-05-29_14-49-03
A/canada_goose/Oregon/22-025283-001/2022	B4.1	PB2:am2.2, PB1:ea1, NS:ea1, MP:ea1, HA:ea1, NP:am1.3, NA:ea1, PA:ea1	am2.2:22-010445-001:PB2, ea1:22-003707-003:PB1, ea1:22-003707-003:NS, ea1:22-003707-003:MP, ea1:22-003707-003:HA, am1.3:22-010445-001:NP, ea1:22-003707-003:NA, ea1:22-003707-003:PA	99.65%, 99.78%, 99.64%, 99.80%, 99.65%, 99.87%, 99.64%, 99.67%	8, 5, 3, 2, 6, 2, 5, 7	Ran on FASTA - No Coverage Report	2026-05-29_14-49-03
A/snow_goose/North_Dakota/22-013422-007/2022	B2.1	PB2:am1.2, PB1:ea1, NS:ea1, MP:ea1, HA:ea1, NP:am1.1, NA:ea1, PA:ea1	am1.2:22-007805-001:PB2, ea1:22-003707-003:PB1, ea1:22-003707-003:NS, ea1:22-003707-003:MP, ea1:22-003707-003:HA, am1.1:22-007805-001:NP, ea1:22-003707-003:NA, ea1:22-003707-003:PA	99.87%, 99.87%, 99.64%, 99.80%, 99.82%, 100.00%, 99.93%, 99.77%	3, 3, 3, 2, 3, 0, 1, 5	Ran on FASTA - No Coverage Report	2026-05-29_14-49-03
A/canada_goose/Oregon/22-022191-001/2022	B4.1	PB2:am2.2, PB1:ea1, NS:ea1, MP:ea1, HA:ea1, NP:am1.3, NA:ea1, PA:ea1	am2.2:22-010445-001:PB2, ea1:22-003707-003:PB1, ea1:22-003707-003:NS, ea1:22-003707-003:MP, ea1:22-003707-003:HA, am1.3:22-010445-001:NP, ea1:22-003707-003:NA, ea1:22-003707-003:PA	99.78%, 99.82%, 99.64%, 100.00%, 99.71%, 99.80%, 99.43%, 99.86%	5, 4, 3, 0, 5, 3, 8, 3	Ran on FASTA - No Coverage Report	2026-05-29_14-49-04
A/Great_Horned_Owl/South_Dakota/USDA-008876-001/2022	B2.1	PB2:am1.2, PB1:ea1, NS:ea1, MP:ea1, HA:ea1, NP:am1.1, NA:ea1, PA:ea1	am1.2:22-007805-001:PB2, ea1:22-003707-003:PB1, ea1:22-003707-003:NS, ea1:22-003707-003:MP, ea1:22-003707-003:HA, am1.1:22-007805-001:NP, ea1:22-003707-003:NA, ea1:22-003707-003:PA	99.96%, 99.91%, 99.76%, 99.80%, 99.94%, 100.00%, 99.93%, 99.91%	1, 2, 2, 2, 1, 0, 1, 2	Ran on FASTA - No Coverage Report	2026-05-29_14-49-04
A/mallard/Tennessee/22-024871-007/2022	A1	PB2:ea1, PB1:ea1, NS:ea1, MP:ea1, HA:ea1, NP:ea1, NA:ea1, PA:ea1	ea1:22-003707-003:PB2, ea1:22-003707-003:PB1, ea1:22-003707-003:NS, ea1:22-003707-003:MP, ea1:22-003707-003:HA, ea1:22-003707-003:NP, ea1:22-003707-003:NA, ea1:22-003707-003:PA	99.96%, 100.00%, 100.00%, 100.00%, 99.94%, 100.00%, 99.86%, 100.00%	1, 0, 0, 0, 1, 0, 2, 0	Ran on FASTA - No Coverage Report	2026-05-29_14-49-04
A/Southamerican_tern/Argentina/267-2/2023	B3.2	PB2:am2.1, PB1:am1.2, NS:am1.1, MP:ea1, HA:ea1, NP:am1.4.1, NA:ea1, PA:ea1	am2.1:22-009329-001:PB2, am1.2:22-010085-001:PB1, am1.1:22-010085-001:NS, ea1:22-003707-003:MP, ea1:22-003707-003:HA, am1.4.1:22-009329-001:NP, ea1:22-003707-003:NA, ea1:22-003707-003:PA	99.30%, 98.99%, 99.05%, 99.39%, 98.89%, 98.86%, 99.36%, 99.35%	16, 23, 8, 6, 19, 17, 9, 14	Ran on FASTA - No Coverage Report	2026-05-29_14-49-04
A/chicken/Washington/22-022010-001-original/2022	B4.1	PB2:am2.2, PB1:ea1, NS:ea1, MP:ea1, HA:ea1, NP:am1.3, NA:ea1, PA:ea1	am2.2:22-010445-001:PB2, ea1:22-003707-003:PB1, ea1:22-003707-003:NS, ea1:22-003707-003:MP, ea1:22-003707-003:HA, am1.3:22-010445-001:NP, ea1:22-003707-003:NA, ea1:22-003707-003:PA	99.78%, 99.74%, 99.76%, 100.00%, 99.65%, 99.93%, 99.57%, 99.86%	5, 6, 2, 0, 6, 1, 6, 3	Ran on FASTA - No Coverage Report	2026-05-29_14-49-04
A/Tundra_Swan/Wisconsin/USDA-011824-001/2022	B1.1	PB2:am1.1, PB1:am1.1, NS:ea1, MP:ea1, HA:ea1, NP:am1.2, NA:ea1, PA:ea1	am1.1:22-009287-001:PB2, am1.1:22-009287-001:PB1, ea1:22-003707-003:NS, ea1:22-003707-003:MP, ea1:22-003707-003:HA, am1.2:22-009287-001:NP, ea1:22-003707-003:NA, ea1:22-003707-003:PA	99.65%, 99.65%, 99.64%, 99.80%, 99.59%, 99.87%, 99.57%, 99.77%	8, 8, 3, 2, 7, 2, 6, 5	Ran on FASTA - No Coverage Report	2026-05-29_14-49-04
A/Canada_goose/Alaska/22-014435-001/2022	B3.2	PB2:am2.1, PB1:am1.2, NS:am1.1, MP:ea1, HA:ea1, NP:am1.4.1, NA:ea1, PA:ea1	am2.1:22-009329-001:PB2, am1.2:22-010085-001:PB1, am1.1:22-010085-001:NS, ea1:22-003707-003:MP, ea1:22-003707-003:HA, am1.4.1:22-009329-001:NP, ea1:22-003707-003:NA, ea1:22-003707-003:PA	99.78%, 99.65%, 99.88%, 99.59%, 99.47%, 99.80%, 99.79%, 99.86%	5, 8, 1, 4, 9, 3, 3, 3	Ran on FASTA - No Coverage Report	2026-05-29_14-49-04
A/pelican/Peru/PIU-028/2022	B3.2	PB2:am2.1, PB1:am1.2, NS:am1.1, MP:ea1, HA:ea1, NP:am1.4.1, NA:ea1, PA:ea1	am2.1:22-009329-001:PB2, am1.2:22-010085-001:PB1, am1.1:22-010085-001:NS, ea1:22-003707-003:MP, ea1:EPI-ISL-20215425:HA, am1.4.1:22-009329-001:NP, ea1:22-003707-003:NA, ea1:22-003707-003:PA	99.52%, 99.47%, 99.28%, 99.39%, 98.09%, 99.33%, 99.29%, 99.72%	11, 12, 6, 6, 34, 10, 10, 6	Ran on FASTA - No Coverage Report	2026-05-29_14-49-05
A/Chicken/Argentina/1340-2/2023	B3.2	PB2:am2.1, PB1:am1.2, NS:am1.1, MP:ea1, HA:ea1, NP:am1.4.1, NA:ea1, PA:ea1	am2.1:22-009329-001:PB2, am1.2:22-010085-001:PB1, am1.1:22-010085-001:NS, ea1:22-003707-003:MP, ea1:22-003707-003:HA, am1.4.1:22-009329-001:NP, ea1:22-003707-003:NA, ea1:22-003707-003:PA	99.34%, 99.12%, 98.93%, 99.19%, 98.94%, 99.13%, 99.22%, 99.58%	15, 20, 9, 8, 18, 13, 11, 9	Ran on FASTA - No Coverage Report	2026-05-29_14-48-49
A/Green-winged_Teal/North_Carolina/USDA-003444-004/2022	A1	PB2:ea1, PB1:ea1, NS:ea1, MP:ea1, HA:ea1, NP:ea1, NA:ea1, PA:ea1	ea1:22-003707-003:PB2, ea1:22-003707-003:PB1, ea1:22-003707-003:NS, ea1:22-003707-003:MP, ea1:22-003707-003:HA, ea1:22-003707-003:NP, ea1:22-003707-003:NA, ea1:22-003707-003:PA	99.91%, 99.87%, 99.88%, 100.00%, 99.71%, 99.80%, 99.72%, 99.86%	2, 3, 1, 0, 5, 3, 4, 3	Ran on FASTA - No Coverage Report	2026-05-29_14-48-49
A/canada_goose/Indiana/22-018986-002/2022	B1.1	PB2:am1.1, PB1:am1.1, NS:ea1, MP:ea1, HA:ea1, NP:am1.2, NA:ea1, PA:ea1	am1.1:22-009287-001:PB2, am1.1:22-009287-001:PB1, ea1:22-003707-003:NS, ea1:22-003707-003:MP, ea1:22-003707-003:HA, am1.2:22-009287-001:NP, ea1:22-003707-003:NA, ea1:22-003707-003:PA	99.74%, 99.56%, 99.52%, 99.80%, 99.53%, 99.67%, 99.43%, 99.72%	6, 10, 4, 2, 8, 5, 8, 6	Ran on FASTA - No Coverage Report	2026-05-29_14-48-49
A/buff-necked_ibis/Bio_bio/247636-1/2023	Not assigned: Only 7 segments >98.0% match found of total 8 segments in input file	PB2:am2.1, PB1:am1.2, NS:am1.1, MP:ea1, NP:am1.4.1, NA:ea1, PA:ea1	am2.1:22-009329-001:PB2, am1.2:22-010085-001:PB1, am1.1:22-010085-001:NS, ea1:22-003707-003:MP, ea1:EPI-ISL-20215425:HA, am1.4.1:22-009329-001:NP, ea1:22-003707-003:NA, ea1:22-003707-003:PA	99.25%, 99.30%, 99.40%, 99.29%, 97.52%, 99.06%, 99.29%, 99.53%	17, 16, 5, 7, 44, 14, 10, 10	Ran on FASTA - No Coverage Report	2026-05-29_14-48-49
A/Herring_Gull/Michigan/USDA-012056-005/2022	B1.2	PB2:am1.1, PB1:am1.1, NS:ea1, MP:ea1, HA:ea1, NP:am1.2, NA:ea1, PA:am1	am1.1:22-009287-001:PB2, am1.1:22-009287-001:PB1, ea1:22-003707-003:NS, ea1:22-003707-003:MP, ea1:22-003707-003:HA, am1.2:22-009287-001:NP, ea1:22-003707-003:NA, am1:22-008890-001:PA	99.78%, 99.87%, 99.88%, 99.69%, 99.77%, 99.80%, 99.72%, 99.91%	5, 3, 1, 3, 4, 3, 4, 2	Ran on FASTA - No Coverage Report	2026-05-29_14-48-49
A/turkey/Iowa/22-009825-005/2022	B2.1	PB2:am1.2, PB1:ea1, NS:ea1, MP:ea1, HA:ea1, NP:am1.1, NA:ea1, PA:ea1	am1.2:22-007805-001:PB2, ea1:22-003707-003:PB1, ea1:22-003707-003:NS, ea1:22-003707-003:MP, ea1:22-003707-003:HA, am1.1:22-007805-001:NP, ea1:22-003707-003:NA, ea1:22-003707-003:PA	99.91%, 99.87%, 99.88%, 99.90%, 99.88%, 100.00%, 99.72%, 99.95%	2, 3, 1, 1, 2, 0, 4, 1	Ran on FASTA - No Coverage Report	2026-05-29_14-48-49
A/chicken/Peru/AIS0543/2022	B3.2	PB2:am2.1, PB1:am1.2, NS:am1.1, MP:ea1, HA:ea1, NP:am1.4.1, NA:ea1, PA:ea1	am2.1:22-009329-001:PB2, am1.2:22-010085-001:PB1, am1.1:22-010085-001:NS, ea1:22-003707-003:MP, ea1:22-003707-003:HA, am1.4.1:22-009329-001:NP, ea1:22-003707-003:NA, ea1:22-003707-003:PA	99.52%, 99.38%, 99.40%, 99.29%, 99.24%, 99.13%, 99.36%, 99.58%	11, 14, 5, 7, 13, 13, 9, 9	Ran on FASTA - No Coverage Report	2026-05-29_14-48-49
A/Megascops_choliba/Espirito_Santo/1409-N/2023	B3.2	PB2:am2.1, PB1:am1.2, NS:am1.1, MP:ea1, HA:ea1, NP:am1.4.1, NA:ea1, PA:ea1	am2.1:22-009329-001:PB2, am1.2:22-010085-001:PB1, am1.1:22-010085-001:NS, ea1:22-003707-003:MP, ea1:22-003707-003:HA, am1.4.1:22-009329-001:NP, ea1:22-003707-003:NA, ea1:22-003707-003:PA	98.64%, 99.18%, 99.17%, 99.29%, 99.06%, 99.00%, 99.15%, 98.54%	31, 18, 7, 7, 16, 15, 12, 29	Ran on FASTA - No Coverage Report	2026-05-29_14-48-50
A/chicken/Washington/22-020665-001-original/2022	B4.1	PB2:am2.2, PB1:ea1, NS:ea1, MP:ea1, HA:ea1, NP:am1.3, NA:ea1, PA:ea1	am2.2:22-010445-001:PB2, ea1:22-003707-003:PB1, ea1:22-003707-003:NS, ea1:22-003707-003:MP, ea1:22-003707-003:HA, am1.3:22-010445-001:NP, ea1:22-003707-003:NA, ea1:22-003707-003:PA	99.78%, 99.78%, 99.40%, 100.00%, 99.12%, 99.67%, 99.57%, 99.81%	5, 5, 5, 0, 15, 5, 6, 4	Ran on FASTA - No Coverage Report	2026-05-29_14-48-50
A/Chicken/Argentina/21891-1/2025	Not assigned: Only 1 segments >98.0% match found of total 8 segments in input file	MP:ea1	am23:24-010726-001:PB2, am2:22-031266-001:PB1, am1.3:22-008760-007:NS, ea1:22-003707-003:MP, ea1:22-003707-003:HA, am1.1:22-007805-001:NP, ea1:22-003707-003:NA, ea1b:23-002693-004:PA	83.12%, 89.10%, 91.29%, 98.57%, 97.89%, 97.86%, 97.73%, 85.91%	383, 246, 73, 14, 36, 32, 32, 303	Ran on FASTA - No Coverage Report	2026-05-29_14-48-50
A/chicken/North_Dakota/22-017348-001-original/2022	B2.1	PB2:am1.2, PB1:ea1, NS:ea1, MP:ea1, HA:ea1, NP:am1.1, NA:ea1, PA:ea1	am1.2:22-007805-001:PB2, ea1:22-003707-003:PB1, ea1:22-003707-003:NS, ea1:22-003707-003:MP, ea1:22-003707-003:HA, am1.1:22-007805-001:NP, ea1:22-003707-003:NA, ea1:22-003707-003:PA	99.87%, 99.87%, 99.76%, 99.90%, 99.88%, 99.93%, 99.93%, 99.77%	3, 3, 2, 1, 2, 1, 1, 5	Ran on FASTA - No Coverage Report	2026-05-29_14-48-50
A/turkey/Minnesota/USDA-011789-001/2022	B2.1	PB2:am1.2, PB1:ea1, NS:ea1, MP:ea1, HA:ea1, NP:am1.1, NA:ea1, PA:ea1	am1.2:22-007805-001:PB2, ea1:22-003707-003:PB1, ea1:22-003707-003:NS, ea1:22-003707-003:MP, ea1:22-003707-003:HA, am1.1:22-007805-001:NP, ea1:22-003707-003:NA, ea1:22-003707-003:PA	99.91%, 99.91%, 99.88%, 100.00%, 99.94%, 99.87%, 99.86%, 99.95%	2, 2, 1, 0, 1, 2, 2, 1	Ran on FASTA - No Coverage Report	2026-05-29_14-48-50
A/Chicken/Argentina/895-1/2023	B3.2	PB2:am2.1, PB1:am1.2, NS:am1.1, MP:ea1, HA:ea1, NP:am1.4.1, NA:ea1, PA:ea1	am2.1:22-009329-001:PB2, am1.2:22-010085-001:PB1, am1.1:22-010085-001:NS, ea1:22-003707-003:MP, ea1:22-003707-003:HA, am1.4.1:22-009329-001:NP, ea1:22-003707-003:NA, ea1:22-003707-003:PA	99.39%, 99.25%, 99.40%, 99.39%, 99.12%, 99.06%, 99.15%, 99.63%	14, 17, 5, 6, 15, 14, 12, 8	Ran on FASTA - No Coverage Report	2026-05-29_14-48-50
A/avian/Chile/285820/2023	Not assigned: Only 7 segments >98.0% match found of total 8 segments in input file	PB2:am2.1, PB1:am1.2, NS:am1.1, MP:ea1, NP:am1.4.1, NA:ea1, PA:ea1	am2.1:22-009329-001:PB2, am1.2:22-010085-001:PB1, am1.1:22-010085-001:NS, ea1:22-003707-003:MP, ea1:EPI-ISL-20215425:HA, am1.4.1:22-009329-001:NP, ea1:22-003707-003:NA, ea1:22-003707-003:PA	99.25%, 98.55%, 98.69%, 99.08%, 97.58%, 98.86%, 99.22%, 99.44%	17, 33, 11, 9, 43, 17, 11, 12	Ran on FASTA - No Coverage Report	2026-05-29_14-48-50
A/canada_goose/Oregon/22-018477-001/2022	B4.1	PB2:am2.2, PB1:ea1, NS:ea1, MP:ea1, HA:ea1, NP:am1.3, NA:ea1, PA:ea1	am2.2:22-010445-001:PB2, ea1:22-003707-003:PB1, ea1:22-003707-003:NS, ea1:22-003707-003:MP, ea1:22-003707-003:HA, am1.3:22-010445-001:NP, ea1:22-003707-003:NA, ea1:22-003707-003:PA	99.78%, 99.78%, 99.28%, 99.90%, 99.71%, 99.80%, 99.57%, 99.77%	5, 5, 6, 1, 5, 3, 6, 5	Ran on FASTA - No Coverage Report	2026-05-29_14-48-50
A/American_Black_Duck/Ohio/USDA-009205-005/2022	B1.2	PB2:am1.1, PB1:am1.1, NS:ea1, MP:ea1, HA:ea1, NP:am1.2, NA:ea1, PA:am1	am1.1:22-009287-001:PB2, am1.1:22-009287-001:PB1, ea1:22-003707-003:NS, ea1:22-003707-003:MP, ea1:22-003707-003:HA, am1.2:22-009287-001:NP, ea1:22-003707-003:NA, am1:22-008890-001:PA	99.83%, 99.87%, 99.64%, 99.80%, 99.71%, 99.73%, 99.93%, 99.91%	4, 3, 3, 2, 5, 4, 1, 2	Ran on FASTA - No Coverage Report	2026-05-29_14-48-50
A/Sterna_hirundo/Espirito_Santo/0448-N/2024	B3.2	PB2:am2.1, PB1:am1.2, NS:am1.1, MP:ea1, HA:ea1, NP:am1.4.1, NA:ea1, PA:ea1	am2.1:22-009329-001:PB2, am1.2:22-010085-001:PB1, am1.1:22-010085-001:NS, ea1:22-003707-003:MP, ea1:22-003707-003:HA, am1.4.1:22-009329-001:NP, ea1:22-003707-003:NA, ea1:22-003707-003:PA	99.03%, 98.81%, 99.17%, 98.47%, 98.77%, 98.80%, 98.94%, 99.21%	22, 27, 7, 15, 21, 18, 15, 17	Ran on FASTA - No Coverage Report	2026-05-29_14-48-51
A/avian/Chile/273102/2023	B3.2	PB2:am2.1, PB1:am1.2, NS:am1.1, MP:ea1, HA:ea1, NP:am1.4.1, NA:ea1, PA:ea1	am2.1:22-009329-001:PB2, am1.2:22-010085-001:PB1, am1.1:22-010085-001:NS, ea1:22-003707-003:MP, ea1:22-003707-003:HA, am1.4.1:22-009329-001:NP, ea1:22-003707-003:NA, ea1:22-003707-003:PA	99.43%, 99.30%, 98.81%, 99.39%, 99.00%, 98.80%, 99.15%, 99.67%	13, 16, 10, 6, 17, 18, 12, 7	Ran on FASTA - No Coverage Report	2026-05-29_14-48-51
A/chicken/Washington/22-013763-002/2022	B4.1	PB2:am2.2, PB1:ea1, NS:ea1, MP:ea1, HA:ea1, NP:am1.3, NA:ea1, PA:ea1	am2.2:22-010445-001:PB2, ea1:22-003707-003:PB1, ea1:22-003707-003:NS, ea1:22-003707-003:MP, ea1:22-003707-003:HA, am1.3:22-010445-001:NP, ea1:22-003707-003:NA, ea1:22-003707-003:PA	99.87%, 99.87%, 99.52%, 100.00%, 99.71%, 99.87%, 99.50%, 99.86%	3, 3, 4, 0, 5, 2, 7, 3	Ran on FASTA - No Coverage Report	2026-05-29_14-48-51
A/backyard_turkey/Uruguay/UDELAR-124-M6/2023	B3.2	PB2:am2.1, PB1:am1.2, NS:am1.1, MP:ea1, HA:ea1, NP:am1.4.1, NA:ea1, PA:ea1	am2.1:22-009329-001:PB2, am1.2:22-010085-001:PB1, am1.1:22-010085-001:NS, ea1:22-003707-003:MP, ea1:22-003707-003:HA, am1.4.1:22-009329-001:NP, ea1:22-003707-003:NA, ea1:22-003707-003:PA	99.25%, 99.21%, 99.28%, 99.39%, 99.18%, 99.00%, 99.22%, 99.53%	17, 18, 6, 6, 14, 15, 11, 10	Ran on FASTA - No Coverage Report	2026-05-29_14-48-51
A/american_green_winged_teal/Minnesota/22-032568-002/2022	B1.3	PB2:am1.3, PB1:am1.3, NS:ea1, MP:ea1, HA:ea1, NP:am1.2, NA:ea1, PA:am1.2	am1.3:23-003733-001:PB2, am1.3:23-003733-001:PB1, ea1:22-003707-003:NS, ea1:22-003707-003:MP, ea1:22-003707-003:HA, am1.2:22-009287-001:NP, ea1:22-003707-003:NA, am1.2:23-003733-001:PA	99.47%, 99.52%, 99.52%, 99.49%, 99.59%, 99.67%, 99.50%, 99.53%	12, 11, 4, 5, 7, 5, 7, 10	Ran on FASTA - No Coverage Report	2026-05-29_14-48-51
A/turkey/North_Dakota/USDA-009978-001/2022	B3.1	PB2:am2.1, PB1:ea1, NS:ea1, MP:ea1, HA:ea1, NP:am1.4.1, NA:ea1, PA:ea1	am2.1:22-009329-001:PB2, ea1:22-003707-003:PB1, ea1:22-003707-003:NS, ea1:22-003707-003:MP, ea1:22-003707-003:HA, am1.4.1:22-009329-001:NP, ea1:22-003707-003:NA, ea1:22-003707-003:PA	99.91%, 99.96%, 99.88%, 99.80%, 99.82%, 99.93%, 99.57%, 99.91%	2, 1, 1, 2, 3, 1, 6, 2	Ran on FASTA - No Coverage Report	2026-05-29_14-48-51
A/duck/Washington/22-016567-001-original/2022	B4.1	PB2:am2.2, PB1:ea1, NS:ea1, MP:ea1, HA:ea1, NP:am1.3, NA:ea1, PA:ea1	am2.2:22-010445-001:PB2, ea1:22-003707-003:PB1, ea1:22-003707-003:NS, ea1:22-003707-003:MP, ea1:22-003707-003:HA, am1.3:22-010445-001:NP, ea1:22-003707-003:NA, ea1:22-003707-003:PA	99.78%, 99.87%, 99.40%, 100.00%, 99.65%, 99.93%, 99.57%, 99.81%	5, 3, 5, 0, 6, 1, 6, 4	Ran on FASTA - No Coverage Report	2026-05-29_14-48-51
A/brown_skua/Antartic/A327B/2025	Not assigned: Only 7 segments >98.0% match found of total 8 segments in input file	PB2:am2.1, PB1:am1.2, NS:am1.1, MP:ea1, NP:am1.4.1, NA:ea1, PA:ea1	am2.1:22-009329-001:PB2, am1.2:22-010085-001:PB1, am1.1:22-010085-001:NS, ea1:22-003707-003:MP, ea1:EPI-ISL-20215425:HA, am1.4.1:22-009329-001:NP, ea1:22-003707-003:NA, ea1:22-003707-003:PA	99.21%, 98.81%, 99.05%, 98.88%, 97.47%, 98.40%, 98.82%, 98.98%	18, 27, 8, 11, 45, 24, 14, 22	Ran on FASTA - No Coverage Report	2026-05-29_14-48-51
A/american_crow/MA/22HP00160/2022	A2	PB2:ea1, PB1:ea2, NS:ea1, MP:ea1, HA:ea2, NP:ea1, NA:ea2, PA:ea1	ea1:22-003707-003:PB2, ea2:22-036180-006:PB1, ea1:22-003707-003:NS, ea1:22-003707-003:MP, ea2:22-008064-001:HA, ea1:22-003707-003:NP, ea2:22-008064-001:NA, ea1:22-003707-003:PA	99.52%, 99.82%, 99.64%, 99.80%, 99.77%, 99.47%, 99.64%, 99.81%	11, 4, 3, 2, 4, 8, 5, 4	Ran on FASTA - No Coverage Report	2026-05-29_14-48-51
A/turkey/South_Dakota/USDA-008483-002/2022	B2.1	PB2:am1.2, PB1:ea1, NS:ea1, MP:ea1, HA:ea1, NP:am1.1, NA:ea1, PA:ea1	am1.2:22-007805-001:PB2, ea1:22-003707-003:PB1, ea1:22-003707-003:NS, ea1:22-003707-003:MP, ea1:22-003707-003:HA, am1.1:22-007805-001:NP, ea1:22-003707-003:NA, ea1:22-003707-003:PA	99.69%, 99.87%, 99.88%, 99.80%, 99.82%, 99.87%, 99.93%, 99.91%	7, 3, 1, 2, 3, 2, 1, 2	Ran on FASTA - No Coverage Report	2026-05-29_14-48-52
A/Bald_Eagle/Vermont/USDA-009551-002/2022	B1.2	PB2:am1.1, PB1:am1.1, NS:ea1, MP:ea1, HA:ea1, NP:am1.2, NA:ea1, PA:am1	am1.1:22-009287-001:PB2, am1.1:22-009287-001:PB1, ea1:22-003707-003:NS, ea1:22-003707-003:MP, ea1:22-003707-003:HA, am1.2:22-009287-001:NP, ea1:22-003707-003:NA, am1:22-008890-001:PA	99.74%, 99.78%, 99.76%, 99.90%, 99.53%, 99.80%, 99.86%, 99.81%	6, 5, 2, 1, 8, 3, 2, 4	Ran on FASTA - No Coverage Report	2026-05-29_14-48-52
A/Gadwall/South_Carolina/USDA-001743-004/2022	A1	PB2:ea1, PB1:ea1, NS:ea1, MP:ea1, HA:ea1, NP:ea1, NA:ea1, PA:ea1	ea1:22-003707-003:PB2, ea1:22-003707-003:PB1, ea1:22-003707-003:NS, ea1:22-003707-003:MP, ea1:22-003707-003:HA, ea1:22-003707-003:NP, ea1:22-003707-003:NA, ea1:22-003707-003:PA	99.87%, 99.96%, 99.76%, 100.00%, 99.82%, 99.93%, 99.79%, 99.91%	3, 1, 2, 0, 3, 1, 3, 2	Ran on FASTA - No Coverage Report	2026-05-29_14-48-52
A/red_tailed_hawk/Indiana/22-018184-001/2022	B1.2	PB2:am1.1, PB1:am1.1, NS:ea1, MP:ea1, HA:ea1, NP:am1.2, NA:ea1, PA:am1	am1.1:22-009287-001:PB2, am1.1:22-009287-001:PB1, ea1:22-003707-003:NS, ea1:22-003707-003:MP, ea1:22-003707-003:HA, am1.2:22-009287-001:NP, ea1:22-003707-003:NA, am1:22-008890-001:PA	99.69%, 99.60%, 99.76%, 99.59%, 99.53%, 99.73%, 99.57%, 99.81%	7, 9, 2, 4, 8, 4, 6, 4	Ran on FASTA - No Coverage Report	2026-05-29_14-48-52
A/Chicken/Argentina/2483-3/2023	B3.2	PB2:am2.1, PB1:am1.2, NS:am1.1, MP:ea1, HA:ea1, NP:am1.4.1, NA:ea1, PA:ea1	am2.1:22-009329-001:PB2, am1.2:22-010085-001:PB1, am1.1:22-010085-001:NS, ea1:22-003707-003:MP, ea1:22-003707-003:HA, am1.4.1:22-009329-001:NP, ea1:22-003707-003:NA, ea1:22-003707-003:PA	99.21%, 99.03%, 99.05%, 99.29%, 99.00%, 99.13%, 99.15%, 99.53%	18, 22, 8, 7, 17, 13, 12, 10	Ran on FASTA - No Coverage Report	2026-05-29_14-48-52
A/Gadwall/North_Carolina/USDA-001330-010/2022	A1	PB2:ea1, PB1:ea1, NS:ea1, MP:ea1, HA:ea1, NP:ea1, NA:ea1, PA:ea1	ea1:22-003707-003:PB2, ea1:22-003707-003:PB1, ea1:22-003707-003:NS, ea1:22-003707-003:MP, ea1:22-003707-003:HA, ea1:22-003707-003:NP, ea1:22-003707-003:NA, ea1:22-003707-003:PA	99.91%, 99.87%, 99.88%, 99.90%, 99.77%, 100.00%, 99.93%, 99.86%	2, 3, 1, 1, 4, 0, 1, 3	Ran on FASTA - No Coverage Report	2026-05-29_14-48-52
A/Chicken/Argentina/21822-3/2025	Not assigned: Only 2 segments >98.0% match found of total 8 segments in input file	MP:ea1, NP:am1.1	am23:24-010726-001:PB2, am2:22-031266-001:PB1, am1.3:22-008760-007:NS, ea1:22-003707-003:MP, ea1:22-003707-003:HA, am1.1:22-007805-001:NP, ea1:22-003707-003:NA, ea1b:23-002693-004:PA	83.03%, 89.14%, 91.29%, 98.78%, 97.77%, 98.26%, 97.66%, 85.82%	385, 245, 73, 12, 38, 26, 33, 305	Ran on FASTA - No Coverage Report	2026-05-29_14-48-52
A/turkey/Iowa/22-012098-001/2022	B2.1	PB2:am1.2, PB1:ea1, NS:ea1, MP:ea1, HA:ea1, NP:am1.1, NA:ea1, PA:ea1	am1.2:22-007805-001:PB2, ea1:22-003707-003:PB1, ea1:22-003707-003:NS, ea1:22-003707-003:MP, ea1:22-003707-003:HA, am1.1:22-007805-001:NP, ea1:22-003707-003:NA, ea1:22-003707-003:PA	99.91%, 99.87%, 99.64%, 100.00%, 99.71%, 100.00%, 99.79%, 99.81%	2, 3, 3, 0, 5, 0, 3, 4	Ran on FASTA - No Coverage Report	2026-05-29_14-48-52
A/canada_goose/Maine/22-025070-001/2022	A2	PB2:ea1, PB1:ea2, NS:ea1, MP:ea1, HA:ea2, NP:ea1, NA:ea2, PA:ea1	ea1:22-003707-003:PB2, ea2:22-036180-006:PB1, ea1:22-003707-003:NS, ea1:22-003707-003:MP, ea2:22-008064-001:HA, ea1:22-003707-003:NP, ea2:22-008064-001:NA, ea1:22-003707-003:PA	99.47%, 99.82%, 99.28%, 99.69%, 99.53%, 99.47%, 99.64%, 99.67%	12, 4, 6, 3, 8, 8, 5, 7	Ran on FASTA - No Coverage Report	2026-05-29_14-48-52
A/chicken/Chile/241681-1/2023	B3.2	PB2:am2.1, PB1:am1.2, NS:am1.1, MP:ea1, HA:ea1, NP:am1.4.1, NA:ea1, PA:ea1	am2.1:22-009329-001:PB2, am1.2:22-010085-001:PB1, am1.1:22-010085-001:NS, ea1:22-003707-003:MP, ea1:EPI-ISL-20215425:HA, am1.4.1:22-009329-001:NP, ea1:22-003707-003:NA, ea1:22-003707-003:PA	99.34%, 99.12%, 99.40%, 99.19%, 98.03%, 99.33%, 99.29%, 99.58%	15, 20, 5, 8, 35, 10, 10, 9	Ran on FASTA - No Coverage Report	2026-05-29_14-48-52
A/Black_Skimmer/Maule/240379/2023	B3.2	PB2:am2.1, PB1:am1.2, NS:am1.1, MP:ea1, HA:ea1, NP:am1.4.1, NA:ea1, PA:ea1	am2.1:22-009329-001:PB2, am1.2:22-010085-001:PB1, am1.1:22-010085-001:NS, ea1:22-003707-003:MP, ea1:22-003707-003:HA, am1.4.1:22-009329-001:NP, ea1:22-003707-003:NA, ea1:22-003707-003:PA	99.39%, 99.08%, 99.40%, 99.39%, 99.35%, 99.20%, 99.15%, 99.53%	14, 21, 5, 6, 11, 12, 12, 10	Ran on FASTA - No Coverage Report	2026-05-29_14-48-53
A/double-crested_cormorant/Massachusetts/22-022527-009/2022	A2	PB2:ea1, PB1:ea2, NS:ea1, MP:ea1, HA:ea2, NP:ea1, NA:ea2, PA:ea1	ea1:22-003707-003:PB2, ea2:22-036180-006:PB1, ea1:22-003707-003:NS, ea1:22-003707-003:MP, ea2:22-008064-001:HA, ea1:22-003707-003:NP, ea2:22-008064-001:NA, ea1:22-003707-003:PA	99.56%, 99.96%, 99.52%, 99.80%, 99.53%, 99.40%, 99.57%, 99.58%	10, 1, 4, 2, 8, 9, 6, 9	Ran on FASTA - No Coverage Report	2026-05-29_14-48-53
A/avian/Chile/271968/2023	Not assigned: Only 7 segments >98.0% match found of total 8 segments in input file	PB2:am2.1, PB1:am1.2, NS:am1.1, MP:ea1, NP:am1.4.1, NA:ea1, PA:ea1	am2.1:22-009329-001:PB2, am1.2:22-010085-001:PB1, am1.1:22-010085-001:NS, ea1:22-003707-003:MP, ea1:EPI-ISL-20215425:HA, am1.4.1:22-009329-001:NP, ea1:22-003707-003:NA, ea1:22-003707-003:PA	99.39%, 98.86%, 98.81%, 99.29%, 97.86%, 98.93%, 99.29%, 99.49%	14, 26, 10, 7, 38, 16, 10, 11	Ran on FASTA - No Coverage Report	2026-05-29_14-48-53
A/backyard_chicken/Uruguay/UDELAR-144-M3/2023	B3.2	PB2:am2.1, PB1:am1.2, NS:am1.1, MP:ea1, HA:ea1, NP:am1.4.1, NA:ea1, PA:ea1	am2.1:22-009329-001:PB2, am1.2:22-010085-001:PB1, am1.1:22-010085-001:NS, ea1:22-003707-003:MP, ea1:22-003707-003:HA, am1.4.1:22-009329-001:NP, ea1:22-003707-003:NA, ea1:22-003707-003:PA	99.30%, 99.08%, 99.28%, 99.49%, 98.77%, 99.06%, 99.15%, 99.63%	16, 21, 6, 5, 21, 14, 12, 8	Ran on FASTA - No Coverage Report	2026-05-29_14-48-53
A/goose/Washington/22-017869-001-original/2022	B4.1	PB2:am2.2, PB1:ea1, NS:ea1, MP:ea1, HA:ea1, NP:am1.3, NA:ea1, PA:ea1	am2.2:22-010445-001:PB2, ea1:22-003707-003:PB1, ea1:22-003707-003:NS, ea1:22-003707-003:MP, ea1:22-003707-003:HA, am1.3:22-010445-001:NP, ea1:22-003707-003:NA, ea1:22-003707-003:PA	99.78%, 99.87%, 99.76%, 100.00%, 99.77%, 99.93%, 99.72%, 99.86%	5, 3, 2, 0, 4, 1, 4, 3	Ran on FASTA - No Coverage Report	2026-05-29_14-48-53
A/bald_eagle/Michigan/22-017243-011/2022	B1.2	PB2:am1.1, PB1:am1.1, NS:ea1, MP:ea1, HA:ea1, NP:am1.2, NA:ea1, PA:am1	am1.1:22-009287-001:PB2, am1.1:22-009287-001:PB1, ea1:22-003707-003:NS, ea1:22-003707-003:MP, ea1:22-003707-003:HA, am1.2:22-009287-001:NP, ea1:22-003707-003:NA, am1:22-008890-001:PA	99.83%, 99.69%, 99.52%, 99.80%, 99.59%, 99.67%, 99.79%, 99.86%	4, 7, 4, 2, 7, 5, 3, 3	Ran on FASTA - No Coverage Report	2026-05-29_14-48-53
A/Mallard/Connecticut/USDA-003935-013/2022	A1	PB2:ea1, PB1:ea1, NS:ea1, MP:ea1, HA:ea1, NP:ea1, NA:ea1, PA:ea1	ea1:22-003707-003:PB2, ea1:22-003707-003:PB1, ea1:22-003707-003:NS, ea1:22-003707-003:MP, ea1:22-003707-003:HA, ea1:22-003707-003:NP, ea1:22-003707-003:NA, ea1:22-003707-003:PA	99.78%, 99.82%, 99.76%, 100.00%, 99.59%, 99.87%, 99.79%, 99.77%	5, 4, 2, 0, 7, 2, 3, 5	Ran on FASTA - No Coverage Report	2026-05-29_14-48-53
A/chicken/Kansas/22-008114-002/2022	A1	PB2:ea1, PB1:ea1, NS:ea1, MP:ea1, HA:ea1, NP:ea1, NA:ea1, PA:ea1	ea1:22-003707-003:PB2, ea1:22-003707-003:PB1, ea1:22-003707-003:NS, ea1:22-003707-003:MP, ea1:22-003707-003:HA, ea1:22-003707-003:NP, ea1:22-003707-003:NA, ea1:22-003707-003:PA	99.83%, 99.91%, 99.88%, 100.00%, 99.77%, 99.87%, 99.79%, 99.72%	4, 2, 1, 0, 4, 2, 3, 6	Ran on FASTA - No Coverage Report	2026-05-29_14-48-53
A/Chicken/Argentina/3695-3/2023	B3.2	PB2:am2.1, PB1:am1.2, NS:am1.1, MP:ea1, HA:ea1, NP:am1.4.1, NA:ea1, PA:ea1	am2.1:22-009329-001:PB2, am1.2:22-010085-001:PB1, am1.1:22-010085-001:NS, ea1:22-003707-003:MP, ea1:22-003707-003:HA, am1.4.1:22-009329-001:NP, ea1:22-003707-003:NA, ea1:22-003707-003:PA	99.17%, 98.77%, 99.28%, 99.39%, 99.12%, 99.00%, 98.94%, 99.30%	19, 28, 6, 6, 15, 15, 15, 15	Ran on FASTA - No Coverage Report	2026-05-29_14-48-53
A/Green-winged_Teal/North_Carolina/USDA-003830-004/2022	A1	PB2:ea1, PB1:ea1, NS:ea1, MP:ea1, HA:ea1, NP:ea1, NA:ea1, PA:ea1	ea1:22-003707-003:PB2, ea1:22-003707-003:PB1, ea1:22-003707-003:NS, ea1:22-003707-003:MP, ea1:22-003707-003:HA, ea1:22-003707-003:NP, ea1:22-003707-003:NA, ea1:22-003707-003:PA	99.83%, 99.96%, 99.88%, 100.00%, 99.77%, 99.80%, 99.93%, 99.77%	4, 1, 1, 0, 4, 3, 1, 5	Ran on FASTA - No Coverage Report	2026-05-29_14-48-54
A/Gallus_gallus/CampinapolisBR/1529-N2/2025	Not assigned: Only 5 segments >98.0% match found of total 8 segments in input file	NS:am1.1, MP:ea1, HA:ea1, NA:ea1, PA:ea1	am7:22-035442-001:PB2, am12:23-004320-002:PB1, am1.1:22-010085-001:NS, ea1:22-003707-003:MP, ea1:24-009110-019:HA, am5:23-013078-002:NP, ea1:24-009110-019:NA, ea1:22-003707-003:PA	90.14%, 96.22%, 98.21%, 98.06%, 99.00%, 92.52%, 98.94%, 98.88%	223, 86, 15, 19, 17, 112, 15, 24	Ran on FASTA - No Coverage Report	2026-05-29_14-48-54
A/great_black-backed_gull/MA/GBBG_20220615_1/2022	A2	PB2:ea1, PB1:ea2, NS:ea1, MP:ea1, HA:ea2, NP:ea1, NA:ea2, PA:ea1	ea1:22-003707-003:PB2, ea2:22-036180-006:PB1, ea1:22-003707-003:NS, ea1:22-003707-003:MP, ea2:22-008064-001:HA, ea1:22-003707-003:NP, ea2:22-008064-001:NA, ea1:22-003707-003:PA	99.56%, 99.96%, 99.52%, 99.80%, 99.71%, 99.40%, 99.72%, 99.72%	10, 1, 4, 2, 5, 9, 4, 6	Ran on FASTA - No Coverage Report	2026-05-29_14-48-54
A/herring_gull/Wisconsin/22-017052-001/2022	B1.1	PB2:am1.1, PB1:am1.1, NS:ea1, MP:ea1, HA:ea1, NP:am1.2, NA:ea1, PA:ea1	am1.1:22-009287-001:PB2, am1.1:22-009287-001:PB1, ea1:22-003707-003:NS, ea1:22-003707-003:MP, ea1:22-003707-003:HA, am1.2:22-009287-001:NP, ea1:22-003707-003:NA, ea1:22-003707-003:PA	99.87%, 99.87%, 99.76%, 99.59%, 99.59%, 99.87%, 99.93%, 99.67%	3, 3, 2, 4, 7, 2, 1, 7	Ran on FASTA - No Coverage Report	2026-05-29_14-48-54
A/canada_goose/Washington/22-018408-001/2022	B4.1	PB2:am2.2, PB1:ea1, NS:ea1, MP:ea1, HA:ea1, NP:am1.3, NA:ea1, PA:ea1	am2.2:22-010445-001:PB2, ea1:22-003707-003:PB1, ea1:22-003707-003:NS, ea1:22-003707-003:MP, ea1:22-003707-003:HA, am1.3:22-010445-001:NP, ea1:22-003707-003:NA, ea1:22-003707-003:PA	99.74%, 99.82%, 99.76%, 99.90%, 99.77%, 99.93%, 99.79%, 99.95%	6, 4, 2, 1, 4, 1, 3, 1	Ran on FASTA - No Coverage Report	2026-05-29_14-48-54
A/canada_goose/Oregon/22-019901-001/2022	B2.1	PB2:am1.2, PB1:ea1, NS:ea1, MP:ea1, HA:ea1, NP:am1.1, NA:ea1, PA:ea1	am1.2:22-007805-001:PB2, ea1:22-003707-003:PB1, ea1:22-003707-003:NS, ea1:22-003707-003:MP, ea1:22-003707-003:HA, am1.1:22-007805-001:NP, ea1:22-003707-003:NA, ea1:22-003707-003:PA	99.65%, 99.69%, 99.88%, 99.90%, 99.71%, 99.93%, 99.36%, 99.63%	8, 7, 1, 1, 5, 1, 9, 8	Ran on FASTA - No Coverage Report	2026-05-29_14-48-54
A/Turkey/Argentina/1710-1/2023	B3.2	PB2:am2.1, PB1:am1.2, NS:am1.1, MP:ea1, HA:ea1, NP:am1.4.1, NA:ea1, PA:ea1	am2.1:22-009329-001:PB2, am1.2:22-010085-001:PB1, am1.1:22-010085-001:NS, ea1:22-003707-003:MP, ea1:22-003707-003:HA, am1.4.1:22-009329-001:NP, ea1:22-003707-003:NA, ea1:22-003707-003:PA	99.25%, 98.94%, 99.40%, 99.39%, 99.24%, 99.13%, 99.15%, 99.58%	17, 24, 5, 6, 13, 13, 12, 9	Ran on FASTA - No Coverage Report	2026-05-29_14-48-54
A/chicken/Pennsylvania/22-015201-004/2022	A1	PB2:ea1, PB1:ea1, NS:ea1, MP:ea1, HA:ea1, NP:ea1, NA:ea1, PA:ea1	ea1:22-003707-003:PB2, ea1:22-003707-003:PB1, ea1:22-003707-003:NS, ea1:22-003707-003:MP, ea1:22-003707-003:HA, ea1:22-003707-003:NP, ea1:22-003707-003:NA, ea1:22-003707-003:PA	99.78%, 99.78%, 99.64%, 99.80%, 99.59%, 99.13%, 99.79%, 99.67%	5, 5, 3, 2, 7, 13, 3, 7	Ran on FASTA - No Coverage Report	2026-05-29_14-48-54
A/Pelican/Missouri/USDA-012338-020/2022	Minor09	PB2:ea1, PB1:ea1, NS:ea1, MP:ea1, HA:ea1, NP:am1.4.1, NA:ea1, PA:ea1	ea1:22-003707-003:PB2, ea1:22-003707-003:PB1, ea1:22-003707-003:NS, ea1:22-003707-003:MP, ea1:22-003707-003:HA, am1.4.1:22-009329-001:NP, ea1:22-003707-003:NA, ea1:22-003707-003:PA	99.87%, 99.78%, 99.76%, 100.00%, 99.88%, 99.67%, 99.64%, 100.00%	3, 5, 2, 0, 2, 5, 5, 0	Ran on FASTA - No Coverage Report	2026-05-29_14-48-54
A/Mallard/Ohio/USDA-009209-011/2022	A1	PB2:ea1, PB1:ea1, NS:ea1, MP:ea1, HA:ea1, NP:ea1, NA:ea1, PA:ea1	ea1:22-003707-003:PB2, ea1:22-003707-003:PB1, ea1:22-003707-003:NS, ea1:22-003707-003:MP, ea1:22-003707-003:HA, ea1:22-003707-003:NP, ea1:22-003707-003:NA, ea1:22-003707-003:PA	99.91%, 99.96%, 100.00%, 100.00%, 99.82%, 99.93%, 99.79%, 100.00%	2, 1, 0, 0, 3, 1, 3, 0	Ran on FASTA - No Coverage Report	2026-05-29_14-48-54
A/turkey/Indiana/22-005696-001/2022	A1	PB2:ea1, PB1:ea1, NS:ea1, MP:ea1, HA:ea1, NP:ea1, NA:ea1, PA:ea1	ea1:22-003707-003:PB2, ea1:22-003707-003:PB1, ea1:22-003707-003:NS, ea1:22-003707-003:MP, ea1:22-003707-003:HA, ea1:22-003707-003:NP, ea1:22-003707-003:NA, ea1:22-003707-003:PA	100.00%, 99.96%, 100.00%, 100.00%, 100.00%, 100.00%, 100.00%, 99.91%	0, 1, 0, 0, 0, 0, 0, 2	Ran on FASTA - No Coverage Report	2026-05-29_14-48-55
A/turkey/Wisconsin/22-014948-001/2022	B3.2	PB2:am2.1, PB1:am1.2, NS:am1.1, MP:ea1, HA:ea1, NP:am1.4.1, NA:ea1, PA:ea1	am2.1:22-009329-001:PB2, am1.2:22-010085-001:PB1, am1.1:22-010085-001:NS, ea1:22-003707-003:MP, ea1:22-003707-003:HA, am1.4.1:22-009329-001:NP, ea1:22-003707-003:NA, ea1:22-003707-003:PA	99.69%, 99.69%, 99.88%, 99.80%, 99.82%, 99.80%, 99.64%, 99.86%	7, 7, 1, 2, 3, 3, 5, 3	Ran on FASTA - No Coverage Report	2026-05-29_14-48-55
A/Pelican/Atacama/230158-2/2022	B3.2	PB2:am2.1, PB1:am1.2, NS:am1.1, MP:ea1, HA:ea1, NP:am1.4.1, NA:ea1, PA:ea1	am2.1:22-009329-001:PB2, am1.2:22-010085-001:PB1, am1.1:22-010085-001:NS, ea1:22-003707-003:MP, ea1:22-003707-003:HA, am1.4.1:22-009329-001:NP, ea1:22-003707-003:NA, ea1:22-003707-003:PA	99.47%, 99.34%, 99.28%, 99.49%, 99.12%, 99.20%, 99.50%, 99.63%	12, 15, 6, 5, 15, 12, 7, 8	Ran on FASTA - No Coverage Report	2026-05-29_14-48-55
A/chicken/Minnesota/22-010994-001/2022	B2.1	PB2:am1.2, PB1:ea1, NS:ea1, MP:ea1, HA:ea1, NP:am1.1, NA:ea1, PA:ea1	am1.2:22-007805-001:PB2, ea1:22-003707-003:PB1, ea1:22-003707-003:NS, ea1:22-003707-003:MP, ea1:22-003707-003:HA, am1.1:22-007805-001:NP, ea1:22-003707-003:NA, ea1:22-003707-003:PA	99.91%, 99.82%, 99.88%, 100.00%, 99.82%, 99.87%, 99.72%, 99.95%	2, 4, 1, 0, 3, 2, 4, 1	Ran on FASTA - No Coverage Report	2026-05-29_14-48-55
A/South_polar_skua/Antarctica/INACH-UC-UCHILE-SKU3/2024	Not assigned: Only 6 segments >98.0% match found of total 8 segments in input file	PB2:am2.1, PB1:am1.2, NS:am1.1, MP:ea1, NP:am1.4.1, NA:ea1	am2.1:22-009329-001:PB2, am1.2:22-010085-001:PB1, am1.1:22-010085-001:NS, ea1:22-003707-003:MP, ea1:EPI-ISL-20215425:HA, am1.4.1:22-009329-001:NP, ea1:22-003707-003:NA, ea1:EPI-ISL-20215425:PA	99.21%, 98.86%, 99.40%, 98.88%, 97.64%, 98.80%, 98.58%, 97.81%	18, 26, 5, 11, 42, 18, 20, 49	Ran on FASTA - No Coverage Report	2026-05-29_14-48-55
A/red_tailed_hawk/Minnesota/22-013395-003/2022	B2.1	PB2:am1.2, PB1:ea1, NS:ea1, MP:ea1, HA:ea1, NP:am1.1, NA:ea1, PA:ea1	am1.2:22-007805-001:PB2, ea1:22-003707-003:PB1, ea1:22-003707-003:NS, ea1:22-003707-003:MP, ea1:22-003707-003:HA, am1.1:22-007805-001:NP, ea1:22-003707-003:NA, ea1:22-003707-003:PA	99.91%, 99.74%, 99.76%, 100.00%, 99.88%, 99.93%, 99.79%, 99.77%	2, 6, 2, 0, 2, 1, 3, 5	Ran on FASTA - No Coverage Report	2026-05-29_14-48-55
A/rosss_goose/North_Dakota/22-013422-003/2022	B3.2	PB2:am2.1, PB1:am1.2, NS:am1.1, MP:ea1, HA:ea1, NP:am1.4.1, NA:ea1, PA:ea1	am2.1:22-009329-001:PB2, am1.2:22-010085-001:PB1, am1.1:22-010085-001:NS, ea1:22-003707-003:MP, ea1:22-003707-003:HA, am1.4.1:22-009329-001:NP, ea1:22-003707-003:NA, ea1:22-003707-003:PA	99.78%, 99.60%, 99.52%, 99.80%, 99.77%, 99.80%, 99.79%, 99.81%	5, 9, 4, 2, 4, 3, 3, 4	Ran on FASTA - No Coverage Report	2026-05-29_14-48-55
A/Great_Horned_Owl/Minnesota/USDA-012668-013/2022	B3.2	PB2:am2.1, PB1:am1.2, NS:am1.1, MP:ea1, HA:ea1, NP:am1.4.1, NA:ea1, PA:ea1	am2.1:22-009329-001:PB2, am1.2:22-010085-001:PB1, am1.1:22-010085-001:NS, ea1:22-003707-003:MP, ea1:22-003707-003:HA, am1.4.1:22-009329-001:NP, ea1:22-003707-003:NA, ea1:22-003707-003:PA	99.52%, 99.69%, 99.88%, 99.80%, 99.82%, 99.80%, 99.72%, 99.91%	11, 7, 1, 2, 3, 3, 4, 2	Ran on FASTA - No Coverage Report	2026-05-29_14-48-55
A/great_blue_heron/Oregon/22-020610-001/2022	B4.1	PB2:am2.2, PB1:ea1, NS:ea1, MP:ea1, HA:ea1, NP:am1.3, NA:ea1, PA:ea1	am2.2:22-010445-001:PB2, ea1:22-003707-003:PB1, ea1:22-003707-003:NS, ea1:22-003707-003:MP, ea1:22-003707-003:HA, am1.3:22-010445-001:NP, ea1:22-003707-003:NA, ea1:22-003707-003:PA	99.78%, 99.69%, 99.88%, 99.90%, 99.65%, 99.93%, 99.57%, 99.86%	5, 7, 1, 1, 6, 1, 6, 3	Ran on FASTA - No Coverage Report	2026-05-29_14-48-55
A/red-tailed_hawk/MA/22MM00792/2022	A2	PB2:ea1, PB1:ea2, NS:ea1, MP:ea1, HA:ea2, NP:ea1, NA:ea2, PA:ea1	ea1:22-003707-003:PB2, ea2:22-036180-006:PB1, ea1:22-003707-003:NS, ea1:22-003707-003:MP, ea2:22-008064-001:HA, ea1:22-003707-003:NP, ea2:22-008064-001:NA, ea1:22-003707-003:PA	99.61%, 99.96%, 99.40%, 99.80%, 99.53%, 99.47%, 99.64%, 99.63%	9, 1, 5, 2, 8, 8, 5, 8	Ran on FASTA - No Coverage Report	2026-05-29_14-48-56
A/American_Black_Duck/Ohio/USDA-009209-007/2022	A1	PB2:ea1, PB1:ea1, NS:ea1, MP:ea1, HA:ea1, NP:ea1, NA:ea1, PA:ea1	ea1:22-003707-003:PB2, ea1:22-003707-003:PB1, ea1:22-003707-003:NS, ea1:22-003707-003:MP, ea1:22-003707-003:HA, ea1:22-003707-003:NP, ea1:22-003707-003:NA, ea1:22-003707-003:PA	100.00%, 99.96%, 100.00%, 100.00%, 99.82%, 99.93%, 99.86%, 99.95%	0, 1, 0, 0, 3, 1, 2, 1	Ran on FASTA - No Coverage Report	2026-05-29_14-48-56
A/chicken/Metropolitana/243148-1/2023	Not assigned: Only 7 segments >98.0% match found of total 8 segments in input file	PB2:am2.1, PB1:am1.2, NS:am1.1, MP:ea1, NP:am1.4.1, NA:ea1, PA:ea1	am2.1:22-009329-001:PB2, am1.2:22-010085-001:PB1, am1.1:22-010085-001:NS, ea1:22-003707-003:MP, ea1:EPI-ISL-20215425:HA, am1.4.1:22-009329-001:NP, ea1:22-003707-003:NA, ea1:22-003707-003:PA	99.30%, 99.16%, 99.40%, 99.39%, 97.92%, 99.06%, 99.36%, 99.44%	16, 19, 5, 6, 37, 14, 9, 12	Ran on FASTA - No Coverage Report	2026-05-29_14-48-56
A/Pelecanus/Peru/VFAR-140/2022	B3.2	PB2:am2.1, PB1:am1.2, NS:am1.1, MP:ea1, HA:ea1, NP:am1.4.1, NA:ea1, PA:ea1	am2.1:22-009329-001:PB2, am1.2:22-010085-001:PB1, am1.1:22-010085-001:NS, ea1:22-003707-003:MP, ea1:22-003707-003:HA, am1.4.1:22-009329-001:NP, ea1:22-003707-003:NA, ea1:22-003707-003:PA	98.99%, 99.12%, 99.11%, 99.29%, 99.06%, 98.65%, 99.21%, 99.58%	23, 20, 7, 7, 16, 20, 11, 9	Ran on FASTA - No Coverage Report	2026-05-29_14-48-56
A/Turkey/Chile/245562-1/2023	Not assigned: Only 7 segments >98.0% match found of total 8 segments in input file	PB2:am2.1, PB1:am1.2, NS:am1.1, MP:ea1, NP:am1.4.1, NA:ea1, PA:ea1	am2.1:22-009329-001:PB2, am1.2:22-010085-001:PB1, am1.1:22-010085-001:NS, ea1:22-003707-003:MP, ea1:EPI-ISL-20215425:HA, am1.4.1:22-009329-001:NP, ea1:22-003707-003:NA, ea1:22-003707-003:PA	99.12%, 99.30%, 99.40%, 99.39%, 97.86%, 98.93%, 99.36%, 99.44%	20, 16, 5, 6, 38, 16, 9, 12	Ran on FASTA - No Coverage Report	2026-05-29_14-48-56
A/Sterna_hirundo/Espirito_Santo/1455-N/2023	Not assigned: Only 7 segments >98.0% match found of total 8 segments in input file	PB2:am2.1, PB1:am1.2, NS:am1.1, MP:ea1, NP:am1.4.1, NA:ea1, PA:ea1	am2.1:22-009329-001:PB2, am1.2:22-010085-001:PB1, am1.1:22-010085-001:NS, ea1:22-003707-003:MP, ea1:22-003707-003:HA, am1.4.1:22-009329-001:NP, ea1:22-003707-003:NA, ea1:22-003707-003:PA	99.12%, 99.21%, 98.86%, 98.78%, 97.89%, 99.01%, 99.29%, 99.26%	13, 18, 5, 12, 34, 14, 10, 16	Ran on FASTA - No Coverage Report	2026-05-29_14-48-56
A/South_polar_skua/Antarctica/INACH-UC-UCHILE-SKU5/2024	Not assigned: Only 6 segments >98.0% match found of total 8 segments in input file	PB2:am2.1, PB1:am1.2, NS:am1.1, MP:ea1, NP:am1.4.1, NA:ea1	am2.1:22-009329-001:PB2, am1.2:22-010085-001:PB1, am1.1:22-010085-001:NS, ea1:22-003707-003:MP, ea1:EPI-ISL-20215425:HA, am1.4.1:22-009329-001:NP, ea1:22-003707-003:NA, ea1:EPI-ISL-20215425:PA	99.21%, 98.90%, 99.28%, 98.88%, 97.69%, 98.80%, 98.58%, 97.76%	18, 25, 6, 11, 41, 18, 20, 50	Ran on FASTA - No Coverage Report	2026-05-29_14-48-56
A/turkey/Minnesota/22-010771-001/2022	B2.1	PB2:am1.2, PB1:ea1, NS:ea1, MP:ea1, HA:ea1, NP:am1.1, NA:ea1, PA:ea1	am1.2:22-007805-001:PB2, ea1:22-003707-003:PB1, ea1:22-003707-003:NS, ea1:22-003707-003:MP, ea1:22-003707-003:HA, am1.1:22-007805-001:NP, ea1:22-003707-003:NA, ea1:22-003707-003:PA	99.87%, 99.87%, 99.76%, 99.90%, 99.82%, 100.00%, 99.86%, 99.91%	3, 3, 2, 1, 3, 0, 2, 2	Ran on FASTA - No Coverage Report	2026-05-29_14-48-56
A/duck/Utah/22-014481-001/2022	B3.2	PB2:am2.1, PB1:am1.2, NS:am1.1, MP:ea1, HA:ea1, NP:am1.4.1, NA:ea1, PA:ea1	am2.1:22-009329-001:PB2, am1.2:22-010085-001:PB1, am1.1:22-010085-001:NS, ea1:22-003707-003:MP, ea1:22-003707-003:HA, am1.4.1:22-009329-001:NP, ea1:22-003707-003:NA, ea1:22-003707-003:PA	99.61%, 99.65%, 99.88%, 99.90%, 99.71%, 99.80%, 99.72%, 99.86%	9, 8, 1, 1, 5, 3, 4, 3	Ran on FASTA - No Coverage Report	2026-05-29_14-48-56
A/pelican/Peru/PIU-SER028/2022	B3.2	PB2:am2.1, PB1:am1.2, NS:am1.1, MP:ea1, HA:ea1, NP:am1.4.1, NA:ea1, PA:ea1	am2.1:22-009329-001:PB2, am1.2:22-010085-001:PB1, am1.1:22-010085-001:NS, ea1:22-003707-003:MP, ea1:EPI-ISL-20215425:HA, am1.4.1:22-009329-001:NP, ea1:22-003707-003:NA, ea1:22-003707-003:PA	99.52%, 99.47%, 99.28%, 99.39%, 98.09%, 99.33%, 99.29%, 99.72%	11, 12, 6, 6, 34, 10, 10, 6	Ran on FASTA - No Coverage Report	2026-05-29_14-48-56
A/chicken/Pennsylvania/USDA-012578-004/2022	A1	PB2:ea1, PB1:ea1, NS:ea1, MP:ea1, HA:ea1, NP:ea1, NA:ea1, PA:ea1	ea1:22-003707-003:PB2, ea1:22-003707-003:PB1, ea1:22-003707-003:NS, ea1:22-003707-003:MP, ea1:22-003707-003:HA, ea1:22-003707-003:NP, ea1:22-003707-003:NA, ea1:22-003707-003:PA	99.83%, 99.87%, 99.64%, 99.80%, 99.47%, 99.27%, 99.86%, 99.67%	4, 3, 3, 2, 9, 11, 2, 7	Ran on FASTA - No Coverage Report	2026-05-29_14-48-57
A/Chicken/Argentina/464-4/2023	B3.2	PB2:am2.1, PB1:am1.2, NS:am1.1, MP:ea1, HA:ea1, NP:am1.4.1, NA:ea1, PA:ea1	am2.1:22-009329-001:PB2, am1.2:22-010085-001:PB1, am1.1:22-010085-001:NS, ea1:22-003707-003:MP, ea1:22-003707-003:HA, am1.4.1:22-009329-001:NP, ea1:22-003707-003:NA, ea1:22-003707-003:PA	99.43%, 99.16%, 99.17%, 99.29%, 99.30%, 99.27%, 99.22%, 99.63%	13, 19, 7, 7, 12, 11, 11, 8	Ran on FASTA - No Coverage Report	2026-05-29_14-48-57
A/duck/Peru/CAL-INS-013/2023	Not assigned: Only 7 segments >98.0% match found of total 8 segments in input file	PB1:am1.2, NS:am1.1, MP:ea1, HA:ea1, NP:am1.4.1, NA:ea1, PA:ea1	am2.1:EPI-ISL-20215425:PB2, am1.2:22-010085-001:PB1, am1.1:22-010085-001:NS, ea1:22-003707-003:MP, ea1:22-003707-003:HA, am1.4.1:22-009329-001:NP, ea1:22-003707-003:NA, ea1:22-003707-003:PA	97.94%, 99.25%, 98.60%, 99.19%, 99.06%, 99.20%, 99.15%, 99.39%	13, 17, 11, 8, 16, 12, 12, 13	Ran on FASTA - No Coverage Report	2026-05-29_14-48-57
A/Wood_Duck/Tennessee/USDA-005907-002/2022	A1	PB2:ea1, PB1:ea1, NS:ea1, MP:ea1, HA:ea1, NP:ea1, NA:ea1, PA:ea1	ea1:22-003707-003:PB2, ea1:22-003707-003:PB1, ea1:22-003707-003:NS, ea1:22-003707-003:MP, ea1:22-003707-003:HA, ea1:22-003707-003:NP, ea1:22-003707-003:NA, ea1:22-003707-003:PA	100.00%, 100.00%, 99.88%, 100.00%, 99.94%, 99.93%, 99.86%, 99.95%	0, 0, 1, 0, 1, 1, 2, 1	Ran on FASTA - No Coverage Report	2026-05-29_14-48-57
A/chicken/Wisconsin/22-011213-002/2022	B2.1	PB2:am1.2, PB1:ea1, NS:ea1, MP:ea1, HA:ea1, NP:am1.1, NA:ea1, PA:ea1	am1.2:22-007805-001:PB2, ea1:22-003707-003:PB1, ea1:22-003707-003:NS, ea1:22-003707-003:MP, ea1:22-003707-003:HA, am1.1:22-007805-001:NP, ea1:22-003707-003:NA, ea1:22-003707-003:PA	99.83%, 99.78%, 99.88%, 100.00%, 99.71%, 99.93%, 99.79%, 99.86%	4, 5, 1, 0, 5, 1, 3, 3	Ran on FASTA - No Coverage Report	2026-05-29_14-48-57
A/american_white_pelican/California/22-022941-001/2022	B4.1	PB2:am2.2, PB1:ea1, NS:ea1, MP:ea1, HA:ea1, NP:am1.3, NA:ea1, PA:ea1	am2.2:22-010445-001:PB2, ea1:22-003707-003:PB1, ea1:22-003707-003:NS, ea1:22-003707-003:MP, ea1:22-003707-003:HA, am1.3:22-010445-001:NP, ea1:22-003707-003:NA, ea1:22-003707-003:PA	99.87%, 99.78%, 99.64%, 99.80%, 99.59%, 99.87%, 99.72%, 99.81%	3, 5, 3, 2, 7, 2, 4, 4	Ran on FASTA - No Coverage Report	2026-05-29_14-48-57
A/Gull/Chile/227023-2/2022	B3.2	PB2:am2.1, PB1:am1.2, NS:am1.1, MP:ea1, HA:ea1, NP:am1.4.1, NA:ea1, PA:ea1	am2.1:22-009329-001:PB2, am1.2:22-010085-001:PB1, am1.1:22-010085-001:NS, ea1:22-003707-003:MP, ea1:22-003707-003:HA, am1.4.1:22-009329-001:NP, ea1:22-003707-003:NA, ea1:22-003707-003:PA	99.39%, 99.16%, 99.28%, 99.49%, 99.18%, 99.13%, 99.50%, 99.40%	14, 19, 6, 5, 14, 13, 7, 13	Ran on FASTA - No Coverage Report	2026-05-29_14-48-57
A/barred_owl/Minnesota/22-014522-001/2022	B3.1	PB2:am2.1, PB1:ea1, NS:ea1, MP:ea1, HA:ea1, NP:am1.4.1, NA:ea1, PA:ea1	am2.1:22-009329-001:PB2, ea1:22-003707-003:PB1, ea1:22-003707-003:NS, ea1:22-003707-003:MP, ea1:22-003707-003:HA, am1.4.1:22-009329-001:NP, ea1:22-003707-003:NA, ea1:22-003707-003:PA	99.96%, 99.96%, 99.88%, 99.90%, 99.88%, 99.93%, 99.72%, 99.91%	1, 1, 1, 1, 2, 1, 4, 2	Ran on FASTA - No Coverage Report	2026-05-29_14-48-58
A/common_eider/Maine/22-036180-007/2022	A2	PB2:ea1, PB1:ea2, NS:ea1, MP:ea1, HA:ea2, NP:ea1, NA:ea2, PA:ea1	ea1:22-003707-003:PB2, ea2:22-036180-006:PB1, ea1:22-003707-003:NS, ea1:22-003707-003:MP, ea2:22-008064-001:HA, ea1:22-003707-003:NP, ea2:22-008064-001:NA, ea1:22-003707-003:PA	99.61%, 99.87%, 99.17%, 99.69%, 99.71%, 99.47%, 99.72%, 99.63%	9, 3, 7, 3, 5, 8, 4, 8	Ran on FASTA - No Coverage Report	2026-05-29_14-48-58
A/american_crow/MA/22HP00148/2022	A2	PB2:ea1, PB1:ea2, NS:ea1, MP:ea1, HA:ea2, NP:ea1, NA:ea2, PA:ea1	ea1:22-003707-003:PB2, ea2:22-036180-006:PB1, ea1:22-003707-003:NS, ea1:22-003707-003:MP, ea2:22-008064-001:HA, ea1:22-003707-003:NP, ea2:22-008064-001:NA, ea1:22-003707-003:PA	99.56%, 99.87%, 99.64%, 99.80%, 99.88%, 99.53%, 99.64%, 99.81%	10, 3, 3, 2, 2, 7, 5, 4	Ran on FASTA - No Coverage Report	2026-05-29_14-48-58
A/Band-tailed_gull/Antofagasta/228525-1/2022	B3.2	PB2:am2.1, PB1:am1.2, NS:am1.1, MP:ea1, HA:ea1, NP:am1.4.1, NA:ea1, PA:ea1	am2.1:22-009329-001:PB2, am1.2:22-010085-001:PB1, am1.1:22-010085-001:NS, ea1:22-003707-003:MP, ea1:22-003707-003:HA, am1.4.1:22-009329-001:NP, ea1:22-003707-003:NA, ea1:22-003707-003:PA	99.56%, 99.30%, 99.28%, 99.39%, 99.12%, 99.06%, 99.36%, 99.67%	10, 16, 6, 6, 15, 14, 9, 7	Ran on FASTA - No Coverage Report	2026-05-29_14-48-58
A/great_black-backed_gull/Massachusetts/22-022527-005/2022	A2	PB2:ea1, PB1:ea2, NS:ea1, MP:ea1, HA:ea2, NP:ea1, NA:ea2, PA:ea1	ea1:22-003707-003:PB2, ea2:22-036180-006:PB1, ea1:22-003707-003:NS, ea1:22-003707-003:MP, ea2:22-008064-001:HA, ea1:22-003707-003:NP, ea2:22-008064-001:NA, ea1:22-003707-003:PA	99.52%, 99.96%, 99.52%, 99.80%, 99.65%, 99.47%, 99.50%, 99.58%	11, 1, 4, 2, 6, 8, 7, 9	Ran on FASTA - No Coverage Report	2026-05-29_14-48-58
A/chicken/OHiggins/241252-3/2023	B3.2	PB2:am2.1, PB1:am1.2, NS:am1.1, MP:ea1, HA:ea1, NP:am1.4.1, NA:ea1, PA:ea1	am2.1:22-009329-001:PB2, am1.2:22-010085-001:PB1, am1.1:22-010085-001:NS, ea1:22-003707-003:MP, ea1:22-003707-003:HA, am1.4.1:22-009329-001:NP, ea1:22-003707-003:NA, ea1:22-003707-003:PA	99.39%, 99.08%, 99.40%, 99.39%, 99.30%, 99.13%, 99.15%, 99.58%	14, 21, 5, 6, 12, 13, 12, 9	Ran on FASTA - No Coverage Report	2026-05-29_14-48-58
A/American_Black_Duck/Connecticut/USDA-005000-001/2022	A1	PB2:ea1, PB1:ea1, NS:ea1, MP:ea1, HA:ea1, NP:ea1, NA:ea1, PA:ea1	ea1:22-003707-003:PB2, ea1:22-003707-003:PB1, ea1:22-003707-003:NS, ea1:22-003707-003:MP, ea1:22-003707-003:HA, ea1:22-003707-003:NP, ea1:22-003707-003:NA, ea1:22-003707-003:PA	99.83%, 99.91%, 99.76%, 100.00%, 99.65%, 99.87%, 99.86%, 99.77%	4, 2, 2, 0, 6, 2, 2, 5	Ran on FASTA - No Coverage Report	2026-05-29_14-48-58
A/chicken/Chile/242894-4/2023	B3.2	PB2:am2.1, PB1:am1.2, NS:am1.1, MP:ea1, HA:ea1, NP:am1.4.1, NA:ea1, PA:ea1	am2.1:22-009329-001:PB2, am1.2:22-010085-001:PB1, am1.1:22-010085-001:NS, ea1:22-003707-003:MP, ea1:22-003707-003:HA, am1.4.1:22-009329-001:NP, ea1:22-003707-003:NA, ea1:22-003707-003:PA	99.34%, 99.08%, 99.17%, 99.39%, 99.30%, 99.06%, 99.22%, 99.67%	15, 21, 7, 6, 12, 14, 11, 7	Ran on FASTA - No Coverage Report	2026-05-29_14-48-59
A/common_eider/MA/22MM00823/2022	A2	PB2:ea1, PB1:ea2, NS:ea1, MP:ea1, HA:ea2, NP:ea1, NA:ea2, PA:ea1	ea1:22-003707-003:PB2, ea2:22-036180-006:PB1, ea1:22-003707-003:NS, ea1:22-003707-003:MP, ea2:22-008064-001:HA, ea1:22-003707-003:NP, ea2:22-008064-001:NA, ea1:22-003707-003:PA	99.47%, 99.96%, 99.40%, 99.80%, 99.59%, 99.40%, 99.57%, 99.67%	12, 1, 5, 2, 7, 9, 6, 7	Ran on FASTA - No Coverage Report	2026-05-29_14-48-59
A/turkey/Kentucky/22-004546-002/2022	A1	PB2:ea1, PB1:ea1, NS:ea1, MP:ea1, HA:ea1, NP:ea1, NA:ea1, PA:ea1	ea1:22-003707-003:PB2, ea1:22-003707-003:PB1, ea1:22-003707-003:NS, ea1:22-003707-003:MP, ea1:22-003707-003:HA, ea1:22-003707-003:NP, ea1:22-003707-003:NA, ea1:22-003707-003:PA	100.00%, 99.87%, 99.88%, 99.90%, 99.88%, 99.93%, 99.93%, 99.95%	0, 3, 1, 1, 2, 1, 1, 1	Ran on FASTA - No Coverage Report	2026-05-29_14-48-59
A/Procellaria_aequinoctialis/Sao_Paulo/2271-N/2023	B3.2	PB2:am2.1, PB1:am1.2, NS:am1.1, MP:ea1, HA:ea1, NP:am1.4.1, NA:ea1, PA:ea1	am2.1:22-009329-001:PB2, am1.2:22-010085-001:PB1, am1.1:22-010085-001:NS, ea1:22-003707-003:MP, ea1:22-003707-003:HA, am1.4.1:22-009329-001:NP, ea1:22-003707-003:NA, ea1:22-003707-003:PA	99.21%, 98.81%, 99.05%, 99.08%, 98.83%, 98.93%, 99.29%, 99.12%	18, 27, 8, 9, 20, 16, 10, 19	Ran on FASTA - No Coverage Report	2026-05-29_14-48-59
A/Chicken/Argentina/1416-3/2023	B3.2	PB2:am2.1, PB1:am1.2, NS:am1.1, MP:ea1, HA:ea1, NP:am1.4.1, NA:ea1, PA:ea1	am2.1:22-009329-001:PB2, am1.2:22-010085-001:PB1, am1.1:22-010085-001:NS, ea1:22-003707-003:MP, ea1:22-003707-003:HA, am1.4.1:22-009329-001:NP, ea1:22-003707-003:NA, ea1:22-003707-003:PA	99.21%, 99.25%, 99.28%, 99.39%, 99.24%, 99.20%, 99.15%, 99.53%	18, 17, 6, 6, 13, 12, 12, 10	Ran on FASTA - No Coverage Report	2026-05-29_14-48-59
A/Chicken/Argentina/32033-1/2025	Not assigned: Only 3 segments >98.0% match found of total 8 segments in input file	MP:ea1, NP:am1.1, NA:ea1	am23:24-010726-001:PB2, am2:22-031266-001:PB1, am1.3:22-008760-007:NS, ea1:22-003707-003:MP, ea1:22-003707-003:HA, am1.1:22-007805-001:NP, ea1:22-003707-003:NA, ea1b:23-002693-004:PA	82.99%, 89.06%, 91.41%, 98.88%, 97.95%, 98.20%, 98.23%, 85.91%	386, 247, 72, 11, 35, 27, 25, 303	Ran on FASTA - No Coverage Report	2026-05-29_14-48-59
A/turkey/South_Dakota/22-013547-001/2022	B2.1	PB2:am1.2, PB1:ea1, NS:ea1, MP:ea1, HA:ea1, NP:am1.1, NA:ea1, PA:ea1	am1.2:22-007805-001:PB2, ea1:22-003707-003:PB1, ea1:22-003707-003:NS, ea1:22-003707-003:MP, ea1:22-003707-003:HA, am1.1:22-007805-001:NP, ea1:22-003707-003:NA, ea1:22-003707-003:PA	99.83%, 99.96%, 99.88%, 100.00%, 99.88%, 100.00%, 99.79%, 99.86%	4, 1, 1, 0, 2, 0, 3, 3	Ran on FASTA - No Coverage Report	2026-05-29_14-48-59
A/bald_eagle/Oregon/22-022964-001/2022	B4.1	PB2:am2.2, PB1:ea1, NS:ea1, MP:ea1, HA:ea1, NP:am1.3, NA:ea1, PA:ea1	am2.2:22-010445-001:PB2, ea1:22-003707-003:PB1, ea1:22-003707-003:NS, ea1:22-003707-003:MP, ea1:22-003707-003:HA, am1.3:22-010445-001:NP, ea1:22-003707-003:NA, ea1:22-003707-003:PA	99.69%, 99.69%, 99.64%, 99.90%, 99.82%, 99.80%, 99.64%, 99.86%	7, 7, 3, 1, 3, 3, 5, 3	Ran on FASTA - No Coverage Report	2026-05-29_14-49-00
A/canada_goose/Oregon/22-021071-001/2022	B4.1	PB2:am2.2, PB1:ea1, NS:ea1, MP:ea1, HA:ea1, NP:am1.3, NA:ea1, PA:ea1	am2.2:22-010445-001:PB2, ea1:22-003707-003:PB1, ea1:22-003707-003:NS, ea1:22-003707-003:MP, ea1:22-003707-003:HA, am1.3:22-010445-001:NP, ea1:22-003707-003:NA, ea1:22-003707-003:PA	99.74%, 99.87%, 99.40%, 99.90%, 99.65%, 99.73%, 99.57%, 99.72%	6, 3, 5, 1, 6, 4, 6, 6	Ran on FASTA - No Coverage Report	2026-05-29_14-49-00
A/Cygnus_atratus/MateusLemeBR/1367-N/2025	Not assigned: Only 4 segments >98.0% match found of total 8 segments in input file	MP:ea1, HA:ea1, NP:am1.1, NA:ea1	am7:22-035442-001:PB2, am2:22-031266-001:PB1, am1.3:22-008760-007:NS, ea1:22-003707-003:MP, ea1:24-009110-019:HA, am1.1:22-007805-001:NP, ea1:22-003707-003:NA, ea1:EPI-ISL-20215425:PA	90.27%, 89.01%, 91.53%, 98.68%, 98.71%, 98.20%, 98.23%, 86.61%	220, 248, 71, 13, 22, 27, 25, 299	Ran on FASTA - No Coverage Report	2026-05-29_14-49-00
A/american_white_pelican/Minnesota/22-023116-001/2022	B3.2	PB2:am2.1, PB1:am1.2, NS:am1.1, MP:ea1, HA:ea1, NP:am1.4.1, NA:ea1, PA:ea1	am2.1:22-009329-001:PB2, am1.2:22-010085-001:PB1, am1.1:22-010085-001:NS, ea1:22-003707-003:MP, ea1:22-003707-003:HA, am1.4.1:22-009329-001:NP, ea1:22-003707-003:NA, ea1:22-003707-003:PA	99.61%, 99.52%, 99.64%, 99.49%, 99.65%, 99.80%, 99.64%, 99.81%	9, 11, 3, 5, 6, 3, 5, 4	Ran on FASTA - No Coverage Report	2026-05-29_14-49-00
A/sanderling/MA/22HP00192/2022	A2	PB2:ea1, PB1:ea2, NS:ea1, MP:ea1, HA:ea2, NP:ea1, NA:ea2, PA:ea1	ea1:22-003707-003:PB2, ea2:22-036180-006:PB1, ea1:22-003707-003:NS, ea1:22-003707-003:MP, ea2:22-008064-001:HA, ea1:22-003707-003:NP, ea2:22-008064-001:NA, ea1:22-003707-003:PA	99.61%, 99.87%, 99.64%, 99.80%, 99.88%, 99.53%, 99.72%, 99.86%	9, 3, 3, 2, 2, 7, 4, 3	Ran on FASTA - No Coverage Report	2026-05-29_14-49-00
A/chicken/North_Carolina/22-010299-002/2022	A1	PB2:ea1, PB1:ea1, NS:ea1, MP:ea1, HA:ea1, NP:ea1, NA:ea1, PA:ea1	ea1:22-003707-003:PB2, ea1:22-003707-003:PB1, ea1:22-003707-003:NS, ea1:22-003707-003:MP, ea1:22-003707-003:HA, ea1:22-003707-003:NP, ea1:22-003707-003:NA, ea1:22-003707-003:PA	99.87%, 99.74%, 99.64%, 99.90%, 99.71%, 99.87%, 99.57%, 99.53%	3, 6, 3, 1, 5, 2, 6, 10	Ran on FASTA - No Coverage Report	2026-05-29_14-49-00
A/Peruvean_booby/Atacama/230579-1/2023	B3.2	PB2:am2.1, PB1:am1.2, NS:am1.1, MP:ea1, HA:ea1, NP:am1.4.1, NA:ea1, PA:ea1	am2.1:22-009329-001:PB2, am1.2:22-010085-001:PB1, am1.1:22-010085-001:NS, ea1:22-003707-003:MP, ea1:22-003707-003:HA, am1.4.1:22-009329-001:NP, ea1:22-003707-003:NA, ea1:22-003707-003:PA	99.43%, 99.34%, 99.28%, 99.39%, 99.12%, 99.06%, 99.50%, 99.63%	13, 15, 6, 6, 15, 14, 7, 8	Ran on FASTA - No Coverage Report	2026-05-29_14-49-00
A/Chicken/Argentina/21842-2/2025	Not assigned: Only 3 segments >98.0% match found of total 8 segments in input file	MP:ea1, HA:ea1, NA:ea1	am23:24-010726-001:PB2, am2:22-031266-001:PB1, am1.3:22-008760-007:NS, ea1:22-003707-003:MP, ea1:22-003707-003:HA, am1.1:22-007805-001:NP, ea1:22-003707-003:NA, ea1b:23-002693-004:PA	83.03%, 88.97%, 91.65%, 98.68%, 98.12%, 97.93%, 98.01%, 85.73%	385, 249, 70, 13, 32, 31, 28, 307	Ran on FASTA - No Coverage Report	2026-05-29_14-49-00
A/red-shouldered_hawk/Minnesota/22-012000-004/2022	B2.1	PB2:am1.2, PB1:ea1, NS:ea1, MP:ea1, HA:ea1, NP:am1.1, NA:ea1, PA:ea1	am1.2:22-007805-001:PB2, ea1:22-003707-003:PB1, ea1:22-003707-003:NS, ea1:22-003707-003:MP, ea1:22-003707-003:HA, am1.1:22-007805-001:NP, ea1:22-003707-003:NA, ea1:22-003707-003:PA	99.91%, 99.91%, 99.76%, 100.00%, 99.82%, 99.60%, 99.79%, 99.86%	2, 2, 2, 0, 3, 6, 3, 3	Ran on FASTA - No Coverage Report	2026-05-29_14-49-01
A/wildbird-Sula-nebouxii/Ecuador/7611/2023	Not assigned: Only 6 segments >98.0% match found of total 8 segments in input file	PB1:am1.2, MP:ea1, HA:ea1, NP:am1.4.1, NA:ea1, PA:ea1	am2.1:22-009329-001:PB2, am1.2:22-010085-001:PB1, am1.3:22-008760-007:NS, ea1:22-003707-003:MP, ea1:24-009110-019:HA, am1.4.1:22-009329-001:NP, ea1:22-003707-003:NA, ea1:22-003707-003:PA	97.69%, 99.03%, 82.98%, 99.19%, 99.85%, 98.33%, 98.77%, 99.21%	16, 10, 114, 8, 1, 25, 17, 17	Ran on FASTA - No Coverage Report	2026-05-29_14-49-01
A/Guanay_cormorant/Peru/PIU-SER024/2022	B3.2	PB2:am2.1, PB1:am1.2, NS:am1.1, MP:ea1, HA:ea1, NP:am1.4.1, NA:ea1, PA:ea1	am2.1:22-009329-001:PB2, am1.2:22-010085-001:PB1, am1.1:22-010085-001:NS, ea1:22-003707-003:MP, ea1:22-003707-003:HA, am1.4.1:22-009329-001:NP, ea1:22-003707-003:NA, ea1:22-003707-003:PA	99.52%, 99.47%, 99.40%, 99.39%, 99.35%, 99.33%, 99.29%, 99.72%	11, 12, 5, 6, 11, 10, 10, 6	Ran on FASTA - No Coverage Report	2026-05-29_14-49-01
A/canada_goose/California/22-023057-001/2022	B4.1	PB2:am2.2, PB1:ea1, NS:ea1, MP:ea1, HA:ea1, NP:am1.3, NA:ea1, PA:ea1	am2.2:22-010445-001:PB2, ea1:22-003707-003:PB1, ea1:22-003707-003:NS, ea1:22-003707-003:MP, ea1:22-003707-003:HA, am1.3:22-010445-001:NP, ea1:22-003707-003:NA, ea1:22-003707-003:PA	99.87%, 99.78%, 99.52%, 99.80%, 99.59%, 99.80%, 99.64%, 99.81%	3, 5, 4, 2, 7, 3, 5, 4	Ran on FASTA - No Coverage Report	2026-05-29_14-49-01
A/Red-tailed_Hawk/North_Dakota/USDA-011565-001/2022	B2.1	PB2:am1.2, PB1:ea1, NS:ea1, MP:ea1, HA:ea1, NP:am1.1, NA:ea1, PA:ea1	am1.2:22-007805-001:PB2, ea1:22-003707-003:PB1, ea1:22-003707-003:NS, ea1:22-003707-003:MP, ea1:22-003707-003:HA, am1.1:22-007805-001:NP, ea1:22-003707-003:NA, ea1:22-003707-003:PA	99.91%, 99.96%, 99.88%, 99.90%, 99.94%, 100.00%, 99.93%, 99.67%	2, 1, 1, 1, 1, 0, 1, 7	Ran on FASTA - No Coverage Report	2026-05-29_14-49-01
A/Inca_tern/Arica_y_Parinacota/227519-1/2022	B3.2	PB2:am2.1, PB1:am1.2, NS:am1.1, MP:ea1, HA:ea1, NP:am1.4.1, NA:ea1, PA:ea1	am2.1:22-009329-001:PB2, am1.2:22-010085-001:PB1, am1.1:22-010085-001:NS, ea1:22-003707-003:MP, ea1:22-003707-003:HA, am1.4.1:22-009329-001:NP, ea1:22-003707-003:NA, ea1:22-003707-003:PA	99.56%, 99.34%, 99.28%, 99.49%, 99.12%, 99.20%, 99.43%, 99.63%	10, 15, 6, 5, 15, 12, 8, 8	Ran on FASTA - No Coverage Report	2026-05-29_14-49-01
A/pelican/Peru/PIU-019/2022	B3.2	PB2:am2.1, PB1:am1.2, NS:am1.1, MP:ea1, HA:ea1, NP:am1.4.1, NA:ea1, PA:ea1	am2.1:22-009329-001:PB2, am1.2:22-010085-001:PB1, am1.1:22-010085-001:NS, ea1:22-003707-003:MP, ea1:EPI-ISL-20215425:HA, am1.4.1:22-009329-001:NP, ea1:22-003707-003:NA, ea1:22-003707-003:PA	99.56%, 99.47%, 99.40%, 99.29%, 98.09%, 99.33%, 99.01%, 99.72%	10, 12, 5, 7, 34, 10, 14, 6	Ran on FASTA - No Coverage Report	2026-05-29_14-49-01
A/common_tern/Maine/22-020831-001/2022	A2	PB2:ea1, PB1:ea2, NS:ea1, MP:ea1, HA:ea2, NP:ea1, NA:ea2, PA:ea1	ea1:22-003707-003:PB2, ea2:22-036180-006:PB1, ea1:22-003707-003:NS, ea1:22-003707-003:MP, ea2:22-008064-001:HA, ea1:22-003707-003:NP, ea2:22-008064-001:NA, ea1:22-003707-003:PA	99.52%, 99.82%, 99.40%, 99.69%, 99.71%, 99.47%, 99.64%, 99.72%	11, 4, 5, 3, 5, 8, 5, 6	Ran on FASTA - No Coverage Report	2026-05-29_14-49-02
A/ring-billed_gull/Florida/W22-169/2022	A1	PB2:ea1, PB1:ea1, NS:ea1, MP:ea1, HA:ea1, NP:ea1, NA:ea1, PA:ea1	ea1:22-003707-003:PB2, ea1:22-003707-003:PB1, ea1:22-003707-003:NS, ea1:22-003707-003:MP, ea1:22-003707-003:HA, ea1:22-003707-003:NP, ea1:22-003707-003:NA, ea1:22-003707-003:PA	99.87%, 99.87%, 99.64%, 99.90%, 99.88%, 99.87%, 99.79%, 99.86%	3, 3, 3, 1, 2, 2, 3, 3	Ran on FASTA - No Coverage Report	2026-05-29_14-49-02
A/pelican/Chile/229424-4/2022	Not assigned: Only 7 segments >98.0% match found of total 8 segments in input file	PB2:am2.1, PB1:am1.2, NS:am1.1, MP:ea1, NP:am1.4.1, NA:ea1, PA:ea1	am2.1:22-009329-001:PB2, am1.2:22-010085-001:PB1, am1.1:22-010085-001:NS, ea1:22-003707-003:MP, ea1:EPI-ISL-20215425:HA, am1.4.1:22-009329-001:NP, ea1:22-003707-003:NA, ea1:22-003707-003:PA	99.52%, 99.30%, 99.28%, 99.49%, 97.86%, 99.27%, 99.29%, 99.67%	11, 16, 6, 5, 38, 11, 10, 7	Ran on FASTA - No Coverage Report	2026-05-29_14-49-02
A/chicken/Utah/22-020377-008-original/2022	B3.2	PB2:am2.1, PB1:am1.2, NS:am1.1, MP:ea1, HA:ea1, NP:am1.4.1, NA:ea1, PA:ea1	am2.1:22-009329-001:PB2, am1.2:22-010085-001:PB1, am1.1:22-010085-001:NS, ea1:22-003707-003:MP, ea1:22-003707-003:HA, am1.4.1:22-009329-001:NP, ea1:22-003707-003:NA, ea1:22-003707-003:PA	99.61%, 99.56%, 99.52%, 99.69%, 99.77%, 99.67%, 99.86%, 99.81%	9, 10, 4, 3, 4, 5, 2, 4	Ran on FASTA - No Coverage Report	2026-05-29_14-49-02
A/Pelecanus_occidentalis/Venezuela/Inf1/2022_	B2.2	PB2:am1.2, PB1:ea1, NS:am1.2, MP:ea1, HA:ea1, NP:am1.1, NA:ea1, PA:ea1	am1.2:22-007805-001:PB2, ea1:22-003707-003:PB1, am1.2:22-010668-001:NS, ea1:22-003707-003:MP, ea1:22-003707-003:HA, am1.1:22-007805-001:NP, ea1:22-003707-003:NA, ea1:22-003707-003:PA	98.43%, 99.65%, 99.64%, 99.80%, 99.41%, 99.67%, 99.43%, 99.30%	33, 8, 3, 2, 10, 5, 8, 15	Ran on FASTA - No Coverage Report	2026-05-29_14-49-02
A/chicken/Choco/ICA-3504/2022	B1.3	PB2:am1.3, PB1:am1.3, NS:ea1, MP:ea1, HA:ea1, NP:am1.2, NA:ea1, PA:am1.2	am1.3:23-003733-001:PB2, am1.3:23-003733-001:PB1, ea1:22-003707-003:NS, ea1:22-003707-003:MP, ea1:22-003707-003:HA, am1.2:22-009287-001:NP, ea1:22-003707-003:NA, am1.2:23-003733-001:PA	99.39%, 99.60%, 98.93%, 99.49%, 99.47%, 99.60%, 98.94%, 99.44%	14, 9, 9, 5, 9, 6, 15, 12	Ran on FASTA - No Coverage Report	2026-05-29_14-49-02
A/common_eider/Massachusetts/22-022527-003/2022	A2	PB2:ea1, PB1:ea2, NS:ea1, MP:ea1, HA:ea2, NP:ea1, NA:ea2, PA:ea1	ea1:22-003707-003:PB2, ea2:22-036180-006:PB1, ea1:22-003707-003:NS, ea1:22-003707-003:MP, ea2:22-008064-001:HA, ea1:22-003707-003:NP, ea2:22-008064-001:NA, ea1:22-003707-003:PA	99.56%, 99.96%, 99.40%, 99.69%, 99.65%, 99.40%, 99.43%, 99.53%	10, 1, 5, 3, 6, 9, 8, 10	Ran on FASTA - No Coverage Report	2026-05-29_14-49-02
A/Black_Vulture/Florida/USDA-012637-002/2022	B1.1	PB2:am1.1, PB1:am1.1, NS:ea1, MP:ea1, HA:ea1, NP:am1.2, NA:ea1, PA:ea1	am1.1:22-009287-001:PB2, am1.1:22-009287-001:PB1, ea1:22-003707-003:NS, ea1:22-003707-003:MP, ea1:22-003707-003:HA, am1.2:22-009287-001:NP, ea1:22-003707-003:NA, ea1:22-003707-003:PA	99.78%, 99.87%, 99.88%, 99.90%, 99.65%, 99.67%, 99.79%, 99.81%	5, 3, 1, 1, 6, 5, 3, 4	Ran on FASTA - No Coverage Report	2026-05-29_14-49-02
A/chicken/Virginia/004415-001-v/2022	A1	PB2:ea1, PB1:ea1, NS:ea1, MP:ea1, HA:ea1, NP:ea1, NA:ea1, PA:ea1	ea1:22-003707-003:PB2, ea1:22-003707-003:PB1, ea1:22-003707-003:NS, ea1:22-003707-003:MP, ea1:22-003707-003:HA, ea1:22-003707-003:NP, ea1:22-003707-003:NA, ea1:22-003707-003:PA	99.87%, 99.91%, 99.76%, 99.80%, 99.82%, 99.93%, 99.93%, 99.77%	3, 2, 2, 2, 3, 1, 1, 5	Ran on FASTA - No Coverage Report	2026-05-29_14-49-03
A/common_eider/Massachusetts/W22-438B/2022	A2	PB2:ea1, PB1:ea2, NS:ea1, MP:ea1, HA:ea2, NP:ea1, NA:ea2, PA:ea1	ea1:22-003707-003:PB2, ea2:22-036180-006:PB1, ea1:22-003707-003:NS, ea1:22-003707-003:MP, ea2:22-008064-001:HA, ea1:22-003707-003:NP, ea2:22-008064-001:NA, ea1:22-003707-003:PA	99.56%, 99.87%, 99.52%, 99.80%, 99.71%, 99.47%, 99.64%, 99.63%	10, 3, 4, 2, 5, 8, 5, 8	Ran on FASTA - No Coverage Report	2026-05-29_14-49-03
A/owl/Montana/22-014430-001/2022	B4.1	PB2:am2.2, PB1:ea1, NS:ea1, MP:ea1, HA:ea1, NP:am1.3, NA:ea1, PA:ea1	am2.2:22-010445-001:PB2, ea1:22-003707-003:PB1, ea1:22-003707-003:NS, ea1:22-003707-003:MP, ea1:22-003707-003:HA, am1.3:22-010445-001:NP, ea1:22-003707-003:NA, ea1:22-003707-003:PA	99.87%, 99.91%, 99.76%, 99.90%, 99.77%, 99.80%, 99.72%, 99.91%	3, 2, 2, 1, 4, 3, 4, 2	Ran on FASTA - No Coverage Report	2026-05-29_14-49-03
A/Southern_Fulmar/Falkland_Islands/138870/2023	B3.2	PB2:am2.1, PB1:am1.2, NS:am1.1, MP:ea1, HA:ea1, NP:am1.4.1, NA:ea1, PA:ea1	am2.1:22-009329-001:PB2, am1.2:22-010085-001:PB1, am1.1:22-010085-001:NS, ea1:22-003707-003:MP, ea1:22-003707-003:HA, am1.4.1:22-009329-001:NP, ea1:22-003707-003:NA, ea1:22-003707-003:PA	99.47%, 99.16%, 98.93%, 99.29%, 99.12%, 99.00%, 99.36%, 99.44%	12, 19, 9, 7, 15, 15, 9, 12	Ran on FASTA - No Coverage Report	2026-05-29_14-49-03
A/Mallard/Connecticut/USDA-003935-022/2022	A1	PB2:ea1, PB1:ea1, NS:ea1, MP:ea1, HA:ea1, NP:ea1, NA:ea1, PA:ea1	ea1:22-003707-003:PB2, ea1:22-003707-003:PB1, ea1:22-003707-003:NS, ea1:22-003707-003:MP, ea1:22-003707-003:HA, ea1:22-003707-003:NP, ea1:22-003707-003:NA, ea1:22-003707-003:PA	99.78%, 99.78%, 99.76%, 100.00%, 99.59%, 99.87%, 99.86%, 99.77%	5, 5, 2, 0, 7, 2, 2, 5	Ran on FASTA - No Coverage Report	2026-05-29_14-49-03
A/turkey/Indiana/22-005696-003/2022	A1	PB2:ea1, PB1:ea1, NS:ea1, MP:ea1, HA:ea1, NP:ea1, NA:ea1, PA:ea1	ea1:22-003707-003:PB2, ea1:22-003707-003:PB1, ea1:22-003707-003:NS, ea1:22-003707-003:MP, ea1:22-003707-003:HA, ea1:22-003707-003:NP, ea1:22-003707-003:NA, ea1:22-003707-003:PA	100.00%, 99.91%, 100.00%, 100.00%, 100.00%, 100.00%, 100.00%, 99.91%	0, 2, 0, 0, 0, 0, 0, 2	Ran on FASTA - No Coverage Report	2026-05-29_14-49-03
A/turkey/Indiana/22-004688-003/2022	A1	PB2:ea1, PB1:ea1, NS:ea1, MP:ea1, HA:ea1, NP:ea1, NA:ea1, PA:ea1	ea1:22-003707-003:PB2, ea1:22-003707-003:PB1, ea1:22-003707-003:NS, ea1:22-003707-003:MP, ea1:22-003707-003:HA, ea1:22-003707-003:NP, ea1:22-003707-003:NA, ea1:22-003707-003:PA	100.00%, 99.91%, 100.00%, 100.00%, 100.00%, 100.00%, 100.00%, 99.95%	0, 2, 0, 0, 0, 0, 0, 1	Ran on FASTA - No Coverage Report	2026-05-29_14-49-03
A/Pelecanus_occidentalis/Venezuela/Inf44/2023	B2.2	PB2:am1.2, PB1:ea1, NS:am1.2, MP:ea1, HA:ea1, NP:am1.1, NA:ea1, PA:ea1	am1.2:22-007805-001:PB2, ea1:22-003707-003:PB1, am1.2:22-010668-001:NS, ea1:22-003707-003:MP, ea1:22-003707-003:HA, am1.1:22-007805-001:NP, ea1:22-003707-003:NA, ea1:22-003707-003:PA	99.47%, 99.55%, 99.52%, 99.80%, 99.47%, 99.53%, 99.43%, 99.59%	9, 4, 4, 2, 9, 7, 8, 3	Ran on FASTA - No Coverage Report	2026-05-29_14-49-04
A/bald_eagle/Michigan/22-018806-004/2022	B1.2	PB2:am1.1, PB1:am1.1, NS:ea1, MP:ea1, HA:ea1, NP:am1.2, NA:ea1, PA:am1	am1.1:22-009287-001:PB2, am1.1:22-009287-001:PB1, ea1:22-003707-003:NS, ea1:22-003707-003:MP, ea1:22-003707-003:HA, am1.2:22-009287-001:NP, ea1:22-003707-003:NA, am1:22-008890-001:PA	99.56%, 99.78%, 99.40%, 99.90%, 99.71%, 99.80%, 99.79%, 99.81%	10, 5, 5, 1, 5, 3, 3, 4	Ran on FASTA - No Coverage Report	2026-05-29_14-49-04
A/chicken/OHiggins/241252-1/2023	B3.2	PB2:am2.1, PB1:am1.2, NS:am1.1, MP:ea1, HA:ea1, NP:am1.4.1, NA:ea1, PA:ea1	am2.1:22-009329-001:PB2, am1.2:22-010085-001:PB1, am1.1:22-010085-001:NS, ea1:22-003707-003:MP, ea1:22-003707-003:HA, am1.4.1:22-009329-001:NP, ea1:22-003707-003:NA, ea1:22-003707-003:PA	99.39%, 99.08%, 99.40%, 99.29%, 99.24%, 99.13%, 99.15%, 99.49%	14, 21, 5, 7, 13, 13, 12, 11	Ran on FASTA - No Coverage Report	2026-05-29_14-49-04
A/turkey_Vulture/Vermont/USDA-011552-001/2022	B1.2	PB2:am1.1, PB1:am1.1, NS:ea1, MP:ea1, HA:ea1, NP:am1.2, NA:ea1, PA:am1	am1.1:22-009287-001:PB2, am1.1:22-009287-001:PB1, ea1:22-003707-003:NS, ea1:22-003707-003:MP, ea1:22-003707-003:HA, am1.2:22-009287-001:NP, ea1:22-003707-003:NA, am1:22-008890-001:PA	99.74%, 99.82%, 99.76%, 99.90%, 99.41%, 99.80%, 99.64%, 99.81%	6, 4, 2, 1, 10, 3, 5, 4	Ran on FASTA - No Coverage Report	2026-05-29_14-49-04
A/Great_Horned_Owl/Florida/USDA-007915-008/2022	B1.1	PB2:am1.1, PB1:am1.1, NS:ea1, MP:ea1, HA:ea1, NP:am1.2, NA:ea1, PA:ea1	am1.1:22-009287-001:PB2, am1.1:22-009287-001:PB1, ea1:22-003707-003:NS, ea1:22-003707-003:MP, ea1:22-003707-003:HA, am1.2:22-009287-001:NP, ea1:22-003707-003:NA, ea1:22-003707-003:PA	99.78%, 99.87%, 99.88%, 99.90%, 99.77%, 99.80%, 99.93%, 99.95%	5, 3, 1, 1, 4, 3, 1, 1	Ran on FASTA - No Coverage Report	2026-05-29_14-49-04
A/Gull/Chile/275348/2023	Not assigned: Only 7 segments >98.0% match found of total 8 segments in input file	PB2:am2.1, PB1:am1.2, NS:am1.1, MP:ea1, NP:am1.4.1, NA:ea1, PA:ea1	am2.1:22-009329-001:PB2, am1.2:22-010085-001:PB1, am1.1:22-010085-001:NS, ea1:22-003707-003:MP, ea1:EPI-ISL-20215425:HA, am1.4.1:22-009329-001:NP, ea1:22-003707-003:NA, ea1:22-003707-003:PA	99.34%, 98.77%, 98.81%, 99.19%, 97.86%, 98.93%, 99.15%, 99.49%	15, 28, 10, 8, 38, 16, 12, 11	Ran on FASTA - No Coverage Report	2026-05-29_14-49-04
A/red_tailed_hawk/North_Dakota/22-014534-001/2022	B2.1	PB2:am1.2, PB1:ea1, NS:ea1, MP:ea1, HA:ea1, NP:am1.1, NA:ea1, PA:ea1	am1.2:22-007805-001:PB2, ea1:22-003707-003:PB1, ea1:22-003707-003:NS, ea1:22-003707-003:MP, ea1:22-003707-003:HA, am1.1:22-007805-001:NP, ea1:22-003707-003:NA, ea1:22-003707-003:PA	99.91%, 99.87%, 99.88%, 99.90%, 99.77%, 100.00%, 99.72%, 99.86%	2, 3, 1, 1, 4, 0, 4, 3	Ran on FASTA - No Coverage Report	2026-05-29_14-49-04
A/chicken/Chile/240875/2023	B3.2	PB2:am2.1, PB1:am1.2, NS:am1.1, MP:ea1, HA:ea1, NP:am1.4.1, NA:ea1, PA:ea1	am2.1:22-009329-001:PB2, am1.2:22-010085-001:PB1, am1.1:22-010085-001:NS, ea1:22-003707-003:MP, ea1:EPI-ISL-20215425:HA, am1.4.1:22-009329-001:NP, ea1:22-003707-003:NA, ea1:22-003707-003:PA	99.34%, 99.08%, 99.40%, 99.19%, 98.03%, 99.33%, 99.29%, 99.58%	15, 21, 5, 8, 35, 10, 10, 9	Ran on FASTA - No Coverage Report	2026-05-29_14-49-04
A/chicken/Oregon/22-022033-001-original/2022	B4.1	PB2:am2.2, PB1:ea1, NS:ea1, MP:ea1, HA:ea1, NP:am1.3, NA:ea1, PA:ea1	am2.2:22-010445-001:PB2, ea1:22-003707-003:PB1, ea1:22-003707-003:NS, ea1:22-003707-003:MP, ea1:22-003707-003:HA, am1.3:22-010445-001:NP, ea1:22-003707-003:NA, ea1:22-003707-003:PA	99.78%, 99.82%, 99.64%, 99.69%, 99.65%, 99.73%, 99.57%, 99.81%	5, 4, 3, 3, 6, 4, 6, 4	Ran on FASTA - No Coverage Report	2026-05-29_14-48-49
A/chicken/Chile/247588-6/2023	Not assigned: Only 7 segments >98.0% match found of total 8 segments in input file	PB2:am2.1, PB1:am1.2, NS:am1.1, MP:ea1, NP:am1.4.1, NA:ea1, PA:ea1	am2.1:22-009329-001:PB2, am1.2:22-010085-001:PB1, am1.1:22-010085-001:NS, ea1:22-003707-003:MP, ea1:EPI-ISL-20215425:HA, am1.4.1:22-009329-001:NP, ea1:22-003707-003:NA, ea1:22-003707-003:PA	99.25%, 98.94%, 99.17%, 99.19%, 97.86%, 99.20%, 99.36%, 99.44%	17, 24, 7, 8, 38, 12, 9, 12	Ran on FASTA - No Coverage Report	2026-05-29_14-48-49
A/chicken/Iowa/USDA-009180-002/2022	A1	PB2:ea1, PB1:ea1, NS:ea1, MP:ea1, HA:ea1, NP:ea1, NA:ea1, PA:ea1	ea1:22-003707-003:PB2, ea1:22-003707-003:PB1, ea1:22-003707-003:NS, ea1:22-003707-003:MP, ea1:22-003707-003:HA, ea1:22-003707-003:NP, ea1:22-003707-003:NA, ea1:22-003707-003:PA	99.96%, 100.00%, 99.88%, 100.00%, 99.88%, 99.87%, 99.79%, 99.91%	1, 0, 1, 0, 2, 2, 3, 2	Ran on FASTA - No Coverage Report	2026-05-29_14-48-49
A/Avian/Argentina/1762-2/2023	B3.2	PB2:am2.1, PB1:am1.2, NS:am1.1, MP:ea1, HA:ea1, NP:am1.4.1, NA:ea1, PA:ea1	am2.1:22-009329-001:PB2, am1.2:22-010085-001:PB1, am1.1:22-010085-001:NS, ea1:22-003707-003:MP, ea1:22-003707-003:HA, am1.4.1:22-009329-001:NP, ea1:22-003707-003:NA, ea1:22-003707-003:PA	99.34%, 99.12%, 99.17%, 99.08%, 99.12%, 99.00%, 99.08%, 99.53%	15, 20, 7, 9, 15, 15, 13, 10	Ran on FASTA - No Coverage Report	2026-05-29_14-48-49
A/black_vulture/Florida/22-016581-001/2022	B1.1	PB2:am1.1, PB1:am1.1, NS:ea1, MP:ea1, HA:ea1, NP:am1.2, NA:ea1, PA:ea1	am1.1:22-009287-001:PB2, am1.1:22-009287-001:PB1, ea1:22-003707-003:NS, ea1:22-003707-003:MP, ea1:22-003707-003:HA, am1.2:22-009287-001:NP, ea1:22-003707-003:NA, ea1:22-003707-003:PA	99.65%, 99.82%, 99.88%, 99.80%, 99.53%, 99.73%, 99.79%, 99.81%	8, 4, 1, 2, 8, 4, 3, 4	Ran on FASTA - No Coverage Report	2026-05-29_14-48-49
A/gull/Alaska/22-017953-007/2022	B3.2	PB2:am2.1, PB1:am1.2, NS:am1.1, MP:ea1, HA:ea1, NP:am1.4.1, NA:ea1, PA:ea1	am2.1:22-009329-001:PB2, am1.2:22-010085-001:PB1, am1.1:22-010085-001:NS, ea1:22-003707-003:MP, ea1:22-003707-003:HA, am1.4.1:22-009329-001:NP, ea1:22-003707-003:NA, ea1:22-003707-003:PA	99.78%, 99.74%, 99.88%, 99.80%, 99.53%, 99.80%, 99.57%, 99.86%	5, 6, 1, 2, 8, 3, 6, 3	Ran on FASTA - No Coverage Report	2026-05-29_14-48-49
A/caspian_tern/New_York/22-022596-001/2022	B2.1	PB2:am1.2, PB1:ea1, NS:ea1, MP:ea1, HA:ea1, NP:am1.1, NA:ea1, PA:ea1	am1.2:22-007805-001:PB2, ea1:22-003707-003:PB1, ea1:22-003707-003:NS, ea1:22-003707-003:MP, ea1:22-003707-003:HA, am1.1:22-007805-001:NP, ea1:22-003707-003:NA, ea1:22-003707-003:PA	99.78%, 99.82%, 99.76%, 99.90%, 99.65%, 99.67%, 99.72%, 99.81%	5, 4, 2, 1, 6, 5, 4, 4	Ran on FASTA - No Coverage Report	2026-05-29_14-48-49
A/chicken/Maryland/USDA-006578-005/2022	A1	PB2:ea1, PB1:ea1, NS:ea1, MP:ea1, HA:ea1, NP:ea1, NA:ea1, PA:ea1	ea1:22-003707-003:PB2, ea1:22-003707-003:PB1, ea1:22-003707-003:NS, ea1:22-003707-003:MP, ea1:22-003707-003:HA, ea1:22-003707-003:NP, ea1:22-003707-003:NA, ea1:22-003707-003:PA	99.78%, 99.96%, 99.88%, 100.00%, 99.65%, 99.87%, 99.86%, 99.95%	5, 1, 1, 0, 6, 2, 2, 1	Ran on FASTA - No Coverage Report	2026-05-29_14-48-50
A/guanay_cormorant/Peru/PIU-024/2022	B3.2	PB2:am2.1, PB1:am1.2, NS:am1.1, MP:ea1, HA:ea1, NP:am1.4.1, NA:ea1, PA:ea1	am2.1:22-009329-001:PB2, am1.2:22-010085-001:PB1, am1.1:22-010085-001:NS, ea1:22-003707-003:MP, ea1:22-003707-003:HA, am1.4.1:22-009329-001:NP, ea1:22-003707-003:NA, ea1:22-003707-003:PA	99.52%, 99.47%, 99.40%, 99.39%, 99.35%, 99.33%, 99.29%, 99.72%	11, 12, 5, 6, 11, 10, 10, 6	Ran on FASTA - No Coverage Report	2026-05-29_14-48-50
A/Blue-winged_Teal/South_Carolina/USDA-000345-003/2021	A1	PB2:ea1, PB1:ea1, NS:ea1, MP:ea1, HA:ea1, NP:ea1, NA:ea1, PA:ea1	ea1:22-003707-003:PB2, ea1:22-003707-003:PB1, ea1:22-003707-003:NS, ea1:22-003707-003:MP, ea1:22-003707-003:HA, ea1:22-003707-003:NP, ea1:22-003707-003:NA, ea1:22-003707-003:PA	99.91%, 100.00%, 99.76%, 100.00%, 99.82%, 99.93%, 99.86%, 99.95%	2, 0, 2, 0, 3, 1, 2, 1	Ran on FASTA - No Coverage Report	2026-05-29_14-48-50
A/Bald_Eagle/Florida/USDA-005524-002/2022	B1.1	PB2:am1.1, PB1:am1.1, NS:ea1, MP:ea1, HA:ea1, NP:am1.2, NA:ea1, PA:ea1	am1.1:22-009287-001:PB2, am1.1:22-009287-001:PB1, ea1:22-003707-003:NS, ea1:22-003707-003:MP, ea1:22-003707-003:HA, am1.2:22-009287-001:NP, ea1:22-003707-003:NA, ea1:22-003707-003:PA	99.69%, 99.87%, 99.76%, 100.00%, 99.71%, 99.80%, 99.93%, 99.91%	7, 3, 2, 0, 5, 3, 1, 2	Ran on FASTA - No Coverage Report	2026-05-29_14-48-50
A/double-crested_cormorant/MA/22MM00723/2022	A2	PB2:ea1, PB1:ea2, NS:ea1, MP:ea1, HA:ea2, NP:ea1, NA:ea2, PA:ea1	ea1:22-003707-003:PB2, ea2:22-036180-006:PB1, ea1:22-003707-003:NS, ea1:22-003707-003:MP, ea2:22-008064-001:HA, ea1:22-003707-003:NP, ea2:22-008064-001:NA, ea1:22-003707-003:PA	99.56%, 99.96%, 99.52%, 99.80%, 99.71%, 99.40%, 99.72%, 99.72%	10, 1, 4, 2, 5, 9, 4, 6	Ran on FASTA - No Coverage Report	2026-05-29_14-48-50
A/Chicken/Argentina/516-6/2025	Not assigned: Only 4 segments >98.0% match found of total 8 segments in input file	MP:ea1, HA:ea1, NP:am1.1, NA:ea1	am23:24-010726-001:PB2, am2:22-031266-001:PB1, am1.3:22-008760-007:NS, ea1:22-003707-003:MP, ea1:22-003707-003:HA, am1.1:22-007805-001:NP, ea1:22-003707-003:NA, ea1b:23-002693-004:PA	83.12%, 89.19%, 91.77%, 98.78%, 98.24%, 98.40%, 98.16%, 86.01%	383, 244, 69, 12, 30, 24, 26, 301	Ran on FASTA - No Coverage Report	2026-05-29_14-48-50
A/black-necked_swan/Uruguay/UDELAR-014-M3/2023	B3.2	PB2:am2.1, PB1:am1.2, NS:am1.1, MP:ea1, HA:ea1, NP:am1.4.1, NA:ea1, PA:ea1	am2.1:22-009329-001:PB2, am1.2:22-010085-001:PB1, am1.1:22-010085-001:NS, ea1:22-003707-003:MP, ea1:22-003707-003:HA, am1.4.1:22-009329-001:NP, ea1:22-003707-003:NA, ea1:22-003707-003:PA	99.76%, 99.21%, 99.52%, 99.49%, 99.18%, 99.13%, 99.22%, 99.39%	2, 11, 4, 5, 14, 13, 11, 13	Ran on FASTA - No Coverage Report	2026-05-29_14-48-50
A/mallard_duck/Tennessee/CEIRR-293/2022	A1	PB2:ea1, PB1:ea1, NS:ea1, MP:ea1, HA:ea1, NP:ea1, NA:ea1, PA:ea1	ea1:22-003707-003:PB2, ea1:22-003707-003:PB1, ea1:22-003707-003:NS, ea1:22-003707-003:MP, ea1:22-003707-003:HA, ea1:22-003707-003:NP, ea1:22-003707-003:NA, ea1:22-003707-003:PA	99.96%, 100.00%, 100.00%, 100.00%, 99.94%, 100.00%, 99.86%, 100.00%	1, 0, 0, 0, 1, 0, 2, 0	Ran on FASTA - No Coverage Report	2026-05-29_14-48-50
A/common_eider/Massachusetts/22-020416-003/2022	A2	PB2:ea1, PB1:ea2, NS:ea1, MP:ea1, HA:ea2, NP:ea1, NA:ea2, PA:ea1	ea1:22-003707-003:PB2, ea2:22-036180-006:PB1, ea1:22-003707-003:NS, ea1:22-003707-003:MP, ea2:22-008064-001:HA, ea1:22-003707-003:NP, ea2:22-008064-001:NA, ea1:22-003707-003:PA	99.56%, 99.87%, 99.52%, 99.80%, 99.71%, 99.47%, 99.64%, 99.63%	10, 3, 4, 2, 5, 8, 5, 8	Ran on FASTA - No Coverage Report	2026-05-29_14-48-50
A/canada_goose/California/22-023858-001/2022	B4.1	PB2:am2.2, PB1:ea1, NS:ea1, MP:ea1, HA:ea1, NP:am1.3, NA:ea1, PA:ea1	am2.2:22-010445-001:PB2, ea1:22-003707-003:PB1, ea1:22-003707-003:NS, ea1:22-003707-003:MP, ea1:22-003707-003:HA, am1.3:22-010445-001:NP, ea1:22-003707-003:NA, ea1:22-003707-003:PA	99.87%, 99.78%, 99.52%, 99.80%, 99.59%, 99.80%, 99.64%, 99.81%	3, 5, 4, 2, 7, 3, 5, 4	Ran on FASTA - No Coverage Report	2026-05-29_14-48-50
A/Ross's_Goose/North_Dakota/USDA-009482-001/2022	B2.1	PB2:am1.2, PB1:ea1, NS:ea1, MP:ea1, HA:ea1, NP:am1.1, NA:ea1, PA:ea1	am1.2:22-007805-001:PB2, ea1:22-003707-003:PB1, ea1:22-003707-003:NS, ea1:22-003707-003:MP, ea1:22-003707-003:HA, am1.1:22-007805-001:NP, ea1:22-003707-003:NA, ea1:22-003707-003:PA	99.96%, 99.87%, 99.88%, 100.00%, 99.88%, 99.93%, 99.93%, 99.86%	1, 3, 1, 0, 2, 1, 1, 3	Ran on FASTA - No Coverage Report	2026-05-29_14-48-51
A/Belcher_gull/Peru/UNMSM-A267/2022	B3.2	PB2:am2.1, PB1:am1.2, NS:am1.1, MP:ea1, HA:ea1, NP:am1.4.1, NA:ea1, PA:ea1	am2.1:22-009329-001:PB2, am1.2:22-010085-001:PB1, am1.1:22-010085-001:NS, ea1:22-003707-003:MP, ea1:22-003707-003:HA, am1.4.1:22-009329-001:NP, ea1:22-003707-003:NA, ea1:22-003707-003:PA	99.56%, 99.34%, 99.05%, 99.49%, 99.30%, 99.27%, 99.36%, 99.77%	10, 15, 8, 5, 12, 11, 9, 5	Ran on FASTA - No Coverage Report	2026-05-29_14-48-51
A/bald_eagle/Florida/W22-153A/2022	B1.1	PB2:am1.1, PB1:am1.1, NS:ea1, MP:ea1, HA:ea1, NP:am1.2, NA:ea1, PA:ea1	am1.1:22-009287-001:PB2, am1.1:22-009287-001:PB1, ea1:22-003707-003:NS, ea1:22-003707-003:MP, ea1:22-003707-003:HA, am1.2:22-009287-001:NP, ea1:22-003707-003:NA, ea1:22-003707-003:PA	99.74%, 99.82%, 99.88%, 99.90%, 99.77%, 99.73%, 99.72%, 99.91%	6, 4, 1, 1, 4, 4, 4, 2	Ran on FASTA - No Coverage Report	2026-05-29_14-48-51
A/canada_goose/Montana/22-040683-002/2022	B3.2	PB2:am2.1, PB1:am1.2, NS:am1.1, MP:ea1, HA:ea1, NP:am1.4.1, NA:ea1, PA:ea1	am2.1:22-009329-001:PB2, am1.2:22-010085-001:PB1, am1.1:22-010085-001:NS, ea1:22-003707-003:MP, ea1:22-003707-003:HA, am1.4.1:22-009329-001:NP, ea1:22-003707-003:NA, ea1:22-003707-003:PA	99.43%, 99.47%, 99.76%, 99.49%, 99.35%, 99.60%, 99.15%, 99.72%	13, 12, 2, 5, 11, 6, 12, 6	Ran on FASTA - No Coverage Report	2026-05-29_14-48-51
A/Swan/Chile/248536/2023	Not assigned: Only 7 segments >98.0% match found of total 8 segments in input file	PB2:am2.1, PB1:am1.2, NS:am1.1, MP:ea1, NP:am1.4.1, NA:ea1, PA:ea1	am2.1:22-009329-001:PB2, am1.2:22-010085-001:PB1, am1.1:22-010085-001:NS, ea1:22-003707-003:MP, ea1:EPI-ISL-20215425:HA, am1.4.1:22-009329-001:NP, ea1:22-003707-003:NA, ea1:22-003707-003:PA	99.34%, 99.03%, 99.28%, 99.39%, 97.75%, 99.20%, 99.29%, 99.63%	15, 22, 6, 6, 40, 12, 10, 8	Ran on FASTA - No Coverage Report	2026-05-29_14-48-51
A/royal_tern/Argentina/CH-PD036/2023	B3.2	PB2:am2.1, PB1:am1.2, NS:am1.1, MP:ea1, HA:ea1, NP:am1.4.1, NA:ea1, PA:ea1	am2.1:22-009329-001:PB2, am1.2:22-010085-001:PB1, am1.1:22-010085-001:NS, ea1:22-003707-003:MP, ea1:22-003707-003:HA, am1.4.1:22-009329-001:NP, ea1:22-003707-003:NA, ea1:22-003707-003:PA	99.43%, 99.08%, 98.81%, 99.38%, 99.24%, 98.86%, 99.50%, 99.44%	13, 21, 10, 6, 13, 17, 7, 12	Ran on FASTA - No Coverage Report	2026-05-29_14-48-51
A/South_polar_skua/Antarctica/INACH-UC-UCHILE-SKU2/2024	Not assigned: Only 6 segments >98.0% match found of total 8 segments in input file	PB2:am2.1, PB1:am1.2, NS:am1.1, MP:ea1, NP:am1.4.1, NA:ea1	am2.1:22-009329-001:PB2, am1.2:22-010085-001:PB1, am1.1:22-010085-001:NS, ea1:22-003707-003:MP, ea1:EPI-ISL-20215425:HA, am1.4.1:22-009329-001:NP, ea1:22-003707-003:NA, ea1:EPI-ISL-20215425:PA	99.21%, 98.86%, 99.28%, 98.88%, 97.64%, 98.73%, 98.58%, 97.81%	18, 26, 6, 11, 42, 19, 20, 49	Ran on FASTA - No Coverage Report	2026-05-29_14-48-51
A/chicken/Peru/LAM-INS-002/2022	B3.2	PB2:am2.1, PB1:am1.2, NS:am1.1, MP:ea1, HA:ea1, NP:am1.4.1, NA:ea1, PA:ea1	am2.1:22-009329-001:PB2, am1.2:22-010085-001:PB1, am1.1:22-010085-001:NS, ea1:22-003707-003:MP, ea1:22-003707-003:HA, am1.4.1:22-009329-001:NP, ea1:22-003707-003:NA, ea1:22-003707-003:PA	99.82%, 99.25%, 99.17%, 99.39%, 99.18%, 99.27%, 99.29%, 99.77%	1, 17, 7, 6, 14, 11, 10, 5	Ran on FASTA - No Coverage Report	2026-05-29_14-48-51
A/horned_grebe/Wyoming/22-017774-001/2022	A1	PB2:ea1, PB1:ea1, NS:ea1, MP:ea1, HA:ea1, NP:ea1, NA:ea1, PA:ea1	ea1:22-003707-003:PB2, ea1:22-003707-003:PB1, ea1:22-003707-003:NS, ea1:22-003707-003:MP, ea1:22-003707-003:HA, ea1:22-003707-003:NP, ea1:22-003707-003:NA, ea1:22-003707-003:PA	99.96%, 99.78%, 99.64%, 99.80%, 99.82%, 99.67%, 99.79%, 99.63%	1, 5, 3, 2, 3, 5, 3, 8	Ran on FASTA - No Coverage Report	2026-05-29_14-48-51
A/great_horned_owl/Oregon/22-018475-001/2022	B4.1	PB2:am2.2, PB1:ea1, NS:ea1, MP:ea1, HA:ea1, NP:am1.3, NA:ea1, PA:ea1	am2.2:22-010445-001:PB2, ea1:22-003707-003:PB1, ea1:22-003707-003:NS, ea1:22-003707-003:MP, ea1:22-003707-003:HA, am1.3:22-010445-001:NP, ea1:22-003707-003:NA, ea1:22-003707-003:PA	99.78%, 99.74%, 99.40%, 99.90%, 99.71%, 99.93%, 99.43%, 99.86%	5, 6, 5, 1, 5, 1, 8, 3	Ran on FASTA - No Coverage Report	2026-05-29_14-48-52
A/black_vulture/Florida/22-024092-001/2022	B1.1	PB2:am1.1, PB1:am1.1, NS:ea1, MP:ea1, HA:ea1, NP:am1.2, NA:ea1, PA:ea1	am1.1:22-009287-001:PB2, am1.1:22-009287-001:PB1, ea1:22-003707-003:NS, ea1:22-003707-003:MP, ea1:22-003707-003:HA, am1.2:22-009287-001:NP, ea1:22-003707-003:NA, ea1:22-003707-003:PA	99.74%, 99.74%, 99.76%, 99.90%, 99.65%, 99.73%, 99.50%, 99.77%	6, 6, 2, 1, 6, 4, 7, 5	Ran on FASTA - No Coverage Report	2026-05-29_14-48-52
A/caspian_tern/Wisconsin/22-017717-001/2022	B1.2	PB2:am1.1, PB1:am1.1, NS:ea1, MP:ea1, HA:ea1, NP:am1.2, NA:ea1, PA:am1	am1.1:22-009287-001:PB2, am1.1:22-009287-001:PB1, ea1:22-003707-003:NS, ea1:22-003707-003:MP, ea1:22-003707-003:HA, am1.2:22-009287-001:NP, ea1:22-003707-003:NA, am1:22-008890-001:PA	99.65%, 99.60%, 99.52%, 99.69%, 99.65%, 99.47%, 99.72%, 99.77%	8, 9, 4, 3, 6, 8, 4, 5	Ran on FASTA - No Coverage Report	2026-05-29_14-48-52
A/American_Wigeon/North_Carolina/USDA-003150-006/2022	A1	PB2:ea1, PB1:ea1, NS:ea1, MP:ea1, HA:ea1, NP:ea1, NA:ea1, PA:ea1	ea1:22-003707-003:PB2, ea1:22-003707-003:PB1, ea1:22-003707-003:NS, ea1:22-003707-003:MP, ea1:22-003707-003:HA, ea1:22-003707-003:NP, ea1:22-003707-003:NA, ea1:22-003707-003:PA	99.91%, 99.91%, 99.88%, 99.90%, 99.77%, 100.00%, 99.86%, 99.86%	2, 2, 1, 1, 4, 0, 2, 3	Ran on FASTA - No Coverage Report	2026-05-29_14-48-52
A/chicken/Utah/22-020377-006-original/2022	B3.2	PB2:am2.1, PB1:am1.2, NS:am1.1, MP:ea1, HA:ea1, NP:am1.4.1, NA:ea1, PA:ea1	am2.1:22-009329-001:PB2, am1.2:22-010085-001:PB1, am1.1:22-010085-001:NS, ea1:22-003707-003:MP, ea1:22-003707-003:HA, am1.4.1:22-009329-001:NP, ea1:22-003707-003:NA, ea1:22-003707-003:PA	99.61%, 99.56%, 99.52%, 99.69%, 99.82%, 99.67%, 99.86%, 99.81%	9, 10, 4, 3, 3, 5, 2, 4	Ran on FASTA - No Coverage Report	2026-05-29_14-48-52
A/herring_gull/Massachusetts/22-025071-001/2022	A2	PB2:ea1, PB1:ea2, NS:ea1, MP:ea1, HA:ea2, NP:ea1, NA:ea2, PA:ea1	ea1:22-003707-003:PB2, ea2:22-036180-006:PB1, ea1:22-003707-003:NS, ea1:22-003707-003:MP, ea2:22-008064-001:HA, ea1:22-003707-003:NP, ea2:22-008064-001:NA, ea1:22-003707-003:PA	99.56%, 99.96%, 99.52%, 99.69%, 99.65%, 99.40%, 99.50%, 99.58%	10, 1, 4, 3, 6, 9, 7, 9	Ran on FASTA - No Coverage Report	2026-05-29_14-48-52
A/chicken/Choco/ICA-3502/2022	B1.3	PB2:am1.3, PB1:am1.3, NS:ea1, MP:ea1, HA:ea1, NP:am1.2, NA:ea1, PA:am1.2	am1.3:23-003733-001:PB2, am1.3:23-003733-001:PB1, ea1:22-003707-003:NS, ea1:22-003707-003:MP, ea1:22-003707-003:HA, am1.2:22-009287-001:NP, ea1:22-003707-003:NA, am1.2:23-003733-001:PA	99.39%, 99.60%, 99.05%, 99.49%, 99.53%, 99.60%, 99.05%, 99.53%	14, 9, 8, 5, 8, 6, 13, 10	Ran on FASTA - No Coverage Report	2026-05-29_14-48-52
A/Great_Horned_Owl/North_Dakota/USDA-011571-001/2022	B3.1	PB2:am2.1, PB1:ea1, NS:ea1, MP:ea1, HA:ea1, NP:am1.4.1, NA:ea1, PA:ea1	am2.1:22-009329-001:PB2, ea1:22-003707-003:PB1, ea1:22-003707-003:NS, ea1:22-003707-003:MP, ea1:22-003707-003:HA, am1.4.1:22-009329-001:NP, ea1:22-003707-003:NA, ea1:22-003707-003:PA	99.91%, 99.87%, 100.00%, 99.80%, 99.82%, 99.93%, 99.79%, 99.91%	2, 3, 0, 2, 3, 1, 3, 2	Ran on FASTA - No Coverage Report	2026-05-29_14-48-52
A/chicken/Chile/241557-2/2023	B3.2	PB2:am2.1, PB1:am1.2, NS:am1.1, MP:ea1, HA:ea1, NP:am1.4.1, NA:ea1, PA:ea1	am2.1:22-009329-001:PB2, am1.2:22-010085-001:PB1, am1.1:22-010085-001:NS, ea1:22-003707-003:MP, ea1:EPI-ISL-20215425:HA, am1.4.1:22-009329-001:NP, ea1:22-003707-003:NA, ea1:22-003707-003:PA	99.34%, 99.08%, 99.40%, 99.19%, 98.03%, 99.33%, 99.29%, 99.58%	15, 21, 5, 8, 35, 10, 10, 9	Ran on FASTA - No Coverage Report	2026-05-29_14-48-52
A/chicken/Missouri/22-006639-001/2022	A1	PB2:ea1, PB1:ea1, NS:ea1, MP:ea1, HA:ea1, NP:ea1, NA:ea1, PA:ea1	ea1:22-003707-003:PB2, ea1:22-003707-003:PB1, ea1:22-003707-003:NS, ea1:22-003707-003:MP, ea1:22-003707-003:HA, ea1:22-003707-003:NP, ea1:22-003707-003:NA, ea1:22-003707-003:PA	99.91%, 99.82%, 99.88%, 99.90%, 99.77%, 99.87%, 99.72%, 99.86%	2, 4, 1, 1, 4, 2, 4, 3	Ran on FASTA - No Coverage Report	2026-05-29_14-48-53
A/brown_skua/Antartic/A324O/2025	Not assigned: Only 7 segments >98.0% match found of total 8 segments in input file	PB2:am2.1, PB1:am1.2, NS:am1.1, MP:ea1, NP:am1.4.1, NA:ea1, PA:ea1	am2.1:22-009329-001:PB2, am1.2:22-010085-001:PB1, am1.1:22-010085-001:NS, ea1:22-003707-003:MP, ea1:EPI-ISL-20215425:HA, am1.4.1:22-009329-001:NP, ea1:24-009110-019:NA, ea1:22-003707-003:PA	99.17%, 98.68%, 98.57%, 99.19%, 97.35%, 98.40%, 98.57%, 99.02%	19, 30, 12, 8, 47, 24, 17, 21	Ran on FASTA - No Coverage Report	2026-05-29_14-48-53
A/black_brant/Alaska/22-023553-002/2022	B3.2	PB2:am2.1, PB1:am1.2, NS:am1.1, MP:ea1, HA:ea1, NP:am1.4.1, NA:ea1, PA:ea1	am2.1:22-009329-001:PB2, am1.2:22-010085-001:PB1, am1.1:22-010085-001:NS, ea1:22-003707-003:MP, ea1:22-003707-003:HA, am1.4.1:22-009329-001:NP, ea1:22-003707-003:NA, ea1:22-003707-003:PA	99.74%, 99.65%, 99.88%, 99.80%, 99.53%, 99.87%, 99.50%, 99.86%	6, 8, 1, 2, 8, 2, 7, 3	Ran on FASTA - No Coverage Report	2026-05-29_14-48-53
A/common_tern/ME/COTE_20220612_1/2022	A2	PB2:ea1, PB1:ea2, NS:ea1, MP:ea1, HA:ea2, NP:ea1, NA:ea2, PA:ea1	ea1:22-003707-003:PB2, ea2:22-022528-003:PB1, ea1:22-003707-003:NS, ea1:22-003707-003:MP, ea2:23-030074-013:HA, ea1:22-003707-003:NP, ea2:22-022528-003:NA, ea1:22-003707-003:PA	99.52%, 99.91%, 99.40%, 99.90%, 99.47%, 99.53%, 99.86%, 99.77%	11, 2, 5, 1, 9, 7, 2, 5	Ran on FASTA - No Coverage Report	2026-05-29_14-48-53
A/black_vulture/Florida/22-022586-001/2022	B1.1	PB2:am1.1, PB1:am1.1, NS:ea1, MP:ea1, HA:ea1, NP:am1.2, NA:ea1, PA:ea1	am1.1:22-009287-001:PB2, am1.1:22-009287-001:PB1, ea1:22-003707-003:NS, ea1:22-003707-003:MP, ea1:22-003707-003:HA, am1.2:22-009287-001:NP, ea1:22-003707-003:NA, ea1:22-003707-003:PA	99.56%, 99.65%, 99.64%, 99.80%, 99.65%, 99.73%, 99.64%, 99.72%	10, 8, 3, 2, 6, 4, 5, 6	Ran on FASTA - No Coverage Report	2026-05-29_14-48-53
A/Chicken/Argentina/2034-5/2023	B3.2	PB2:am2.1, PB1:am1.2, NS:am1.1, MP:ea1, HA:ea1, NP:am1.4.1, NA:ea1, PA:ea1	am2.1:22-009329-001:PB2, am1.2:22-010085-001:PB1, am1.1:22-010085-001:NS, ea1:22-003707-003:MP, ea1:22-003707-003:HA, am1.4.1:22-009329-001:NP, ea1:22-003707-003:NA, ea1:22-003707-003:PA	99.34%, 99.12%, 99.05%, 99.19%, 99.06%, 99.20%, 99.36%, 99.49%	15, 20, 8, 8, 16, 12, 9, 11	Ran on FASTA - No Coverage Report	2026-05-29_14-48-53
A/Bald_Eagle/Minnesota/USDA-010027-005/2022	B2.1	PB2:am1.2, PB1:ea1, NS:ea1, MP:ea1, HA:ea1, NP:am1.1, NA:ea1, PA:ea1	am1.2:22-007805-001:PB2, ea1:22-003707-003:PB1, ea1:22-003707-003:NS, ea1:22-003707-003:MP, ea1:22-003707-003:HA, am1.1:22-007805-001:NP, ea1:22-003707-003:NA, ea1:22-003707-003:PA	99.87%, 99.96%, 99.88%, 100.00%, 99.82%, 99.93%, 99.93%, 99.77%	3, 1, 1, 0, 3, 1, 1, 5	Ran on FASTA - No Coverage Report	2026-05-29_14-48-53
A/turkey/South_Dakota/22-008242-002/2022	B3.1	PB2:am2.1, PB1:ea1, NS:ea1, MP:ea1, HA:ea1, NP:am1.4.1, NA:ea1, PA:ea1	am2.1:22-009329-001:PB2, ea1:22-003707-003:PB1, ea1:22-003707-003:NS, ea1:22-003707-003:MP, ea1:22-003707-003:HA, am1.4.1:22-009329-001:NP, ea1:22-003707-003:NA, ea1:22-003707-003:PA	99.96%, 99.96%, 100.00%, 99.80%, 99.82%, 99.93%, 99.79%, 99.91%	1, 1, 0, 2, 3, 1, 3, 2	Ran on FASTA - No Coverage Report	2026-05-29_14-48-53
A/Backyard_bird/Wisconsin/USDA-013183-002/2022	B3.2	PB2:am2.1, PB1:am1.2, NS:am1.1, MP:ea1, HA:ea1, NP:am1.4.1, NA:ea1, PA:ea1	am2.1:22-009329-001:PB2, am1.2:22-010085-001:PB1, am1.1:22-010085-001:NS, ea1:22-003707-003:MP, ea1:22-003707-003:HA, am1.4.1:22-009329-001:NP, ea1:22-003707-003:NA, ea1:22-003707-003:PA	99.61%, 99.60%, 99.76%, 99.69%, 99.88%, 99.80%, 99.86%, 99.86%	9, 9, 2, 3, 2, 3, 2, 3	Ran on FASTA - No Coverage Report	2026-05-29_14-48-53
A/domestic_goose/Michigan/22-008890-004/2022	B1.2	PB2:am1.1, PB1:am1.1, NS:ea1, MP:ea1, HA:ea1, NP:am1.2, NA:ea1, PA:am1	am1.1:22-009287-001:PB2, am1.1:22-009287-001:PB1, ea1:22-003707-003:NS, ea1:22-003707-003:MP, ea1:22-003707-003:HA, am1.2:22-009287-001:NP, ea1:22-003707-003:NA, am1:22-008890-001:PA	99.69%, 99.87%, 99.76%, 99.90%, 99.71%, 99.73%, 99.86%, 100.00%	7, 3, 2, 1, 5, 4, 2, 0	Ran on FASTA - No Coverage Report	2026-05-29_14-48-53
A/Red-shouldered_Hawk/North_Carolina/USDA-006530-001/2022	B1.1	PB2:am1.1, PB1:am1.1, NS:ea1, MP:ea1, HA:ea1, NP:am1.2, NA:ea1, PA:ea1	am1.1:22-009287-001:PB2, am1.1:22-009287-001:PB1, ea1:22-003707-003:NS, ea1:22-003707-003:MP, ea1:22-003707-003:HA, am1.2:22-009287-001:NP, ea1:22-003707-003:NA, ea1:22-003707-003:PA	99.69%, 99.87%, 99.76%, 100.00%, 99.65%, 99.80%, 99.79%, 99.91%	7, 3, 2, 0, 6, 3, 3, 2	Ran on FASTA - No Coverage Report	2026-05-29_14-48-54
A/Mallard/New_Hampshire/USDA-003417-043/2022	A1	PB2:ea1, PB1:ea1, NS:ea1, MP:ea1, HA:ea1, NP:ea1, NA:ea1, PA:ea1	ea1:22-003707-003:PB2, ea1:22-003707-003:PB1, ea1:22-003707-003:NS, ea1:22-003707-003:MP, ea1:22-003707-003:HA, ea1:22-003707-003:NP, ea1:22-003707-003:NA, ea1:22-003707-003:PA	99.74%, 99.82%, 99.76%, 99.90%, 99.65%, 99.87%, 99.86%, 99.81%	6, 4, 2, 1, 6, 2, 2, 4	Ran on FASTA - No Coverage Report	2026-05-29_14-48-54
A/canada_goose/California/22-023975-001/2022	B4.1	PB2:am2.2, PB1:ea1, NS:ea1, MP:ea1, HA:ea1, NP:am1.3, NA:ea1, PA:ea1	am2.2:22-010445-001:PB2, ea1:22-003707-003:PB1, ea1:22-003707-003:NS, ea1:22-003707-003:MP, ea1:22-003707-003:HA, am1.3:22-010445-001:NP, ea1:22-003707-003:NA, ea1:22-003707-003:PA	99.87%, 99.82%, 99.64%, 99.80%, 99.59%, 99.73%, 99.72%, 99.77%	3, 4, 3, 2, 7, 4, 4, 5	Ran on FASTA - No Coverage Report	2026-05-29_14-48-54
A/chicken/Utah/USDA-012375-001/2022	A1	PB2:ea1, PB1:ea1, NS:ea1, MP:ea1, HA:ea1, NP:ea1, NA:ea1, PA:ea1	ea1:22-003707-003:PB2, ea1:22-003707-003:PB1, ea1:22-003707-003:NS, ea1:22-003707-003:MP, ea1:22-003707-003:HA, ea1:22-003707-003:NP, ea1:22-003707-003:NA, ea1:22-003707-003:PA	99.87%, 99.82%, 99.52%, 100.00%, 99.71%, 99.87%, 99.57%, 99.81%	3, 4, 4, 0, 5, 2, 6, 4	Ran on FASTA - No Coverage Report	2026-05-29_14-48-54
A/Bald_Eagle/Missouri/USDA-012338-021/2022	B2.1	PB2:am1.2, PB1:ea1, NS:ea1, MP:ea1, HA:ea1, NP:am1.1, NA:ea1, PA:ea1	am1.2:22-007805-001:PB2, ea1:22-003707-003:PB1, ea1:22-003707-003:NS, ea1:22-003707-003:MP, ea1:22-003707-003:HA, am1.1:22-007805-001:NP, ea1:22-003707-003:NA, ea1:22-003707-003:PA	99.87%, 99.96%, 99.52%, 99.90%, 99.94%, 99.87%, 99.86%, 99.77%	3, 1, 4, 1, 1, 2, 2, 5	Ran on FASTA - No Coverage Report	2026-05-29_14-48-54
A/chicken/Wyoming/22-015810-001/2022	B2.1	PB2:am1.2, PB1:ea1, NS:ea1, MP:ea1, HA:ea1, NP:am1.1, NA:ea1, PA:ea1	am1.2:22-007805-001:PB2, ea1:22-003707-003:PB1, ea1:22-003707-003:NS, ea1:22-003707-003:MP, ea1:22-003707-003:HA, am1.1:22-007805-001:NP, ea1:22-003707-003:NA, ea1:22-003707-003:PA	99.78%, 99.78%, 99.64%, 100.00%, 99.59%, 99.67%, 99.64%, 99.63%	5, 5, 3, 0, 7, 5, 5, 8	Ran on FASTA - No Coverage Report	2026-05-29_14-48-54
A/red_tailed_hawk/Montana/22-040683-006/2022	A3	PB2:ea3, PB1:ea3, NS:ea3, MP:ea3, HA:ea3, NP:ea3, NA:ea3, PA:ea3	ea3:22-013001-001:PB2, ea3:22-013001-001:PB1, ea3:22-013001-001:NS, ea3:22-013001-001:MP, ea3:22-013001-001:HA, ea3:22-013001-001:NP, ea3:22-013001-001:NA, ea3:22-013001-001:PA	99.91%, 99.60%, 99.76%, 100.00%, 99.59%, 99.73%, 99.50%, 99.72%	2, 9, 2, 0, 7, 4, 7, 6	Ran on FASTA - No Coverage Report	2026-05-29_14-48-54
A/red_tailed_hawk/South_Dakota/22-013929-001/2022	B2.1	PB2:am1.2, PB1:ea1, NS:ea1, MP:ea1, HA:ea1, NP:am1.1, NA:ea1, PA:ea1	am1.2:22-007805-001:PB2, ea1:22-003707-003:PB1, ea1:22-003707-003:NS, ea1:22-003707-003:MP, ea1:22-003707-003:HA, am1.1:22-007805-001:NP, ea1:22-003707-003:NA, ea1:22-003707-003:PA	99.87%, 99.82%, 99.64%, 99.80%, 99.82%, 99.93%, 99.79%, 99.91%	3, 4, 3, 2, 3, 1, 3, 2	Ran on FASTA - No Coverage Report	2026-05-29_14-48-54
A/peregrine_falcon/Wyoming/22-014780-001/2022	B4.1	PB2:am2.2, PB1:ea1, NS:ea1, MP:ea1, HA:ea1, NP:am1.3, NA:ea1, PA:ea1	am2.2:22-010445-001:PB2, ea1:22-003707-003:PB1, ea1:22-003707-003:NS, ea1:22-003707-003:MP, ea1:22-003707-003:HA, am1.3:22-010445-001:NP, ea1:22-003707-003:NA, ea1:22-003707-003:PA	99.91%, 99.91%, 99.52%, 100.00%, 99.77%, 99.87%, 99.57%, 100.00%	2, 2, 4, 0, 4, 2, 6, 0	Ran on FASTA - No Coverage Report	2026-05-29_14-48-54
A/american_white_pelican/Minnesota/22-017940-001/2022	B3.2	PB2:am2.1, PB1:am1.2, NS:am1.1, MP:ea1, HA:ea1, NP:am1.4.1, NA:ea1, PA:ea1	am2.1:22-009329-001:PB2, am1.2:22-010085-001:PB1, am1.1:22-010085-001:NS, ea1:22-003707-003:MP, ea1:22-003707-003:HA, am1.4.1:22-009329-001:NP, ea1:22-003707-003:NA, ea1:22-003707-003:PA	99.69%, 99.65%, 99.64%, 99.69%, 99.71%, 99.87%, 99.72%, 99.72%	7, 8, 3, 3, 5, 2, 4, 6	Ran on FASTA - No Coverage Report	2026-05-29_14-48-55
A/turkey/Minnesota/22-009997-002/2022	A1	PB2:ea1, PB1:ea1, NS:ea1, MP:ea1, HA:ea1, NP:ea1, NA:ea1, PA:ea1	ea1:22-003707-003:PB2, ea1:22-003707-003:PB1, ea1:22-003707-003:NS, ea1:22-003707-003:MP, ea1:22-003707-003:HA, ea1:22-003707-003:NP, ea1:22-003707-003:NA, ea1:22-003707-003:PA	99.87%, 99.82%, 99.52%, 99.90%, 99.77%, 99.67%, 99.64%, 99.81%	3, 4, 4, 1, 4, 5, 5, 4	Ran on FASTA - No Coverage Report	2026-05-29_14-48-55
A/common_eider/Massachusetts/22-019521-001/2022	A2	PB2:ea1, PB1:ea2, NS:ea1, MP:ea1, HA:ea2, NP:ea1, NA:ea2, PA:ea1	ea1:22-003707-003:PB2, ea2:22-036180-006:PB1, ea1:22-003707-003:NS, ea1:22-003707-003:MP, ea2:22-008064-001:HA, ea1:22-003707-003:NP, ea2:22-008064-001:NA, ea1:22-003707-003:PA	99.52%, 99.96%, 99.52%, 99.69%, 99.71%, 99.47%, 99.72%, 99.58%	11, 1, 4, 3, 5, 8, 4, 9	Ran on FASTA - No Coverage Report	2026-05-29_14-48-55
A/Northern_Shoveler/North_Carolina/USDA-001330-016/2022	A1	PB2:ea1, PB1:ea1, NS:ea1, MP:ea1, HA:ea1, NP:ea1, NA:ea1, PA:ea1	ea1:22-003707-003:PB2, ea1:22-003707-003:PB1, ea1:22-003707-003:NS, ea1:22-003707-003:MP, ea1:22-003707-003:HA, ea1:22-003707-003:NP, ea1:22-003707-003:NA, ea1:22-003707-003:PA	99.83%, 99.96%, 99.88%, 99.90%, 99.82%, 99.87%, 99.79%, 99.91%	4, 1, 1, 1, 3, 2, 3, 2	Ran on FASTA - No Coverage Report	2026-05-29_14-48-55
A/red_tailed_hawk/Michigan/22-020919-002/2022	B1.1	PB2:am1.1, PB1:am1.1, NS:ea1, MP:ea1, HA:ea1, NP:am1.2, NA:ea1, PA:ea1	am1.1:22-009287-001:PB2, am1.1:22-009287-001:PB1, ea1:22-003707-003:NS, ea1:22-003707-003:MP, ea1:22-003707-003:HA, am1.2:22-009287-001:NP, ea1:22-003707-003:NA, ea1:22-003707-003:PA	99.78%, 99.78%, 99.76%, 99.80%, 99.47%, 99.80%, 99.64%, 99.77%	5, 5, 2, 2, 9, 3, 5, 5	Ran on FASTA - No Coverage Report	2026-05-29_14-48-55
A/Chicken/Argentina/32033-2/2025	Not assigned: Only 4 segments >98.0% match found of total 8 segments in input file	MP:ea1, HA:ea1, NP:am1.1, NA:ea1	am23:24-010726-001:PB2, am12:23-004320-002:PB1, am1.3:22-008760-007:NS, ea1:22-003707-003:MP, ea1:22-003707-003:HA, am1.1:22-007805-001:NP, ea1:22-003707-003:NA, ea1b:23-002693-004:PA	83.03%, 88.97%, 91.53%, 98.78%, 98.00%, 98.20%, 98.16%, 85.87%	385, 249, 71, 12, 34, 27, 26, 304	Ran on FASTA - No Coverage Report	2026-05-29_14-48-55
A/Black_Vulture/Florida/USDA-012334-001/2022	B1.1	PB2:am1.1, PB1:am1.1, NS:ea1, MP:ea1, HA:ea1, NP:am1.2, NA:ea1, PA:ea1	am1.1:22-009287-001:PB2, am1.1:22-009287-001:PB1, ea1:22-003707-003:NS, ea1:22-003707-003:MP, ea1:22-003707-003:HA, am1.2:22-009287-001:NP, ea1:22-003707-003:NA, ea1:22-003707-003:PA	99.52%, 99.78%, 99.88%, 100.00%, 99.77%, 99.73%, 99.86%, 99.81%	11, 5, 1, 0, 4, 4, 2, 4	Ran on FASTA - No Coverage Report	2026-05-29_14-48-55
A/duck/Pennsylvania/22-017013-003-original/2022	A1	PB2:ea1, PB1:ea1, NS:ea1, MP:ea1, HA:ea1, NP:ea1, NA:ea1, PA:ea1	ea1:22-003707-003:PB2, ea1:22-003707-003:PB1, ea1:22-003707-003:NS, ea1:22-003707-003:MP, ea1:22-003707-003:HA, ea1:22-003707-003:NP, ea1:22-003707-003:NA, ea1:22-003707-003:PA	99.78%, 99.69%, 99.52%, 99.80%, 99.53%, 99.13%, 99.79%, 99.63%	5, 7, 4, 2, 8, 13, 3, 8	Ran on FASTA - No Coverage Report	2026-05-29_14-48-55
A/great_horned_owl/Minnesota/22-016288-001/2022	B2.1	PB2:am1.2, PB1:ea1, NS:ea1, MP:ea1, HA:ea1, NP:am1.1, NA:ea1, PA:ea1	am1.2:22-007805-001:PB2, ea1:22-003707-003:PB1, ea1:22-003707-003:NS, ea1:22-003707-003:MP, ea1:22-003707-003:HA, am1.1:22-007805-001:NP, ea1:22-003707-003:NA, ea1:22-003707-003:PA	99.83%, 99.82%, 99.52%, 100.00%, 99.71%, 100.00%, 99.72%, 99.86%	4, 4, 4, 0, 5, 0, 4, 3	Ran on FASTA - No Coverage Report	2026-05-29_14-48-55
A/American_Wigeon/North_Carolina/USDA-001330-025/2022	A1	PB2:ea1, PB1:ea1, NS:ea1, MP:ea1, HA:ea1, NP:ea1, NA:ea1, PA:ea1	ea1:22-003707-003:PB2, ea1:22-003707-003:PB1, ea1:22-003707-003:NS, ea1:22-003707-003:MP, ea1:22-003707-003:HA, ea1:22-003707-003:NP, ea1:22-003707-003:NA, ea1:22-003707-003:PA	99.91%, 99.91%, 99.88%, 99.90%, 99.71%, 99.93%, 99.86%, 99.91%	2, 2, 1, 1, 5, 1, 2, 2	Ran on FASTA - No Coverage Report	2026-05-29_14-48-55
A/wood_duck/Wisconsin/22-016279-001/2022	B3.2	PB2:am2.1, PB1:am1.2, NS:am1.1, MP:ea1, HA:ea1, NP:am1.4.1, NA:ea1, PA:ea1	am2.1:22-009329-001:PB2, am1.2:22-010085-001:PB1, am1.1:22-010085-001:NS, ea1:22-003707-003:MP, ea1:22-003707-003:HA, am1.4.1:22-009329-001:NP, ea1:22-003707-003:NA, ea1:22-003707-003:PA	99.69%, 99.65%, 99.88%, 99.80%, 99.71%, 99.93%, 99.86%, 99.86%	7, 8, 1, 2, 5, 1, 2, 3	Ran on FASTA - No Coverage Report	2026-05-29_14-48-56
A/chicken/Washington/22-020399-001-original/2022	B4.1	PB2:am2.2, PB1:ea1, NS:ea1, MP:ea1, HA:ea1, NP:am1.3, NA:ea1, PA:ea1	am2.2:22-010445-001:PB2, ea1:22-003707-003:PB1, ea1:22-003707-003:NS, ea1:22-003707-003:MP, ea1:22-003707-003:HA, am1.3:22-010445-001:NP, ea1:22-003707-003:NA, ea1:22-003707-003:PA	99.74%, 99.82%, 99.52%, 99.90%, 99.65%, 99.80%, 99.57%, 99.77%	6, 4, 4, 1, 6, 3, 6, 5	Ran on FASTA - No Coverage Report	2026-05-29_14-48-56
A/owl/Montana/22-014430-002/2022	B4.1	PB2:am2.2, PB1:ea1, NS:ea1, MP:ea1, HA:ea1, NP:am1.3, NA:ea1, PA:ea1	am2.2:22-010445-001:PB2, ea1:22-003707-003:PB1, ea1:22-003707-003:NS, ea1:22-003707-003:MP, ea1:22-003707-003:HA, am1.3:22-010445-001:NP, ea1:22-003707-003:NA, ea1:22-003707-003:PA	99.87%, 99.91%, 99.76%, 99.90%, 99.77%, 99.80%, 99.72%, 99.91%	3, 2, 2, 1, 4, 3, 4, 2	Ran on FASTA - No Coverage Report	2026-05-29_14-48-56
A/chicken/Cochabamba/39383/2023	Not assigned: Only 7 segments >98.0% match found of total 8 segments in input file	PB2:am2.1, PB1:am1.2, NS:am1.1, MP:ea1, NP:am1.4.1, NA:ea1, PA:ea1	am2.1:22-009329-001:PB2, am1.2:22-010085-001:PB1, am1.1:22-010085-001:NS, ea1:22-003707-003:MP, ea1:EPI-ISL-20215425:HA, am1.4.1:22-009329-001:NP, ea1:22-003707-003:NA, ea1:22-003707-003:PA	99.39%, 99.21%, 99.05%, 99.29%, 97.92%, 99.20%, 99.29%, 99.53%	14, 18, 8, 7, 37, 12, 10, 10	Ran on FASTA - No Coverage Report	2026-05-29_14-48-56
A/turkey/Indiana/USDA-004688-002/2022	A1	PB2:ea1, PB1:ea1, NS:ea1, MP:ea1, HA:ea1, NP:ea1, NA:ea1, PA:ea1	ea1:22-003707-003:PB2, ea1:22-003707-003:PB1, ea1:22-003707-003:NS, ea1:22-003707-003:MP, ea1:22-003707-003:HA, ea1:22-003707-003:NP, ea1:22-003707-003:NA, ea1:22-003707-003:PA	99.96%, 100.00%, 100.00%, 100.00%, 100.00%, 99.93%, 99.93%, 100.00%	1, 0, 0, 0, 0, 1, 1, 0	Ran on FASTA - No Coverage Report	2026-05-29_14-48-56
A/Kelp_gull/Maule/239349/2023	B3.2	PB2:am2.1, PB1:am1.2, NS:am1.1, MP:ea1, HA:ea1, NP:am1.4.1, NA:ea1, PA:ea1	am2.1:22-009329-001:PB2, am1.2:22-010085-001:PB1, am1.1:22-010085-001:NS, ea1:22-003707-003:MP, ea1:22-003707-003:HA, am1.4.1:22-009329-001:NP, ea1:22-003707-003:NA, ea1:22-003707-003:PA	99.43%, 99.30%, 99.28%, 99.49%, 99.24%, 99.06%, 99.29%, 99.07%	13, 16, 6, 5, 13, 14, 10, 20	Ran on FASTA - No Coverage Report	2026-05-29_14-48-56
A/sanderling/Peru/PIU-005/2022	B3.2	PB2:am2.1, PB1:am1.2, NS:am1.1, MP:ea1, HA:ea1, NP:am1.4.1, NA:ea1, PA:ea1	am2.1:22-009329-001:PB2, am1.2:22-010085-001:PB1, am1.1:22-010085-001:NS, ea1:22-003707-003:MP, ea1:EPI-ISL-20215425:HA, am1.4.1:22-009329-001:NP, ea1:22-003707-003:NA, ea1:22-003707-003:PA	99.56%, 99.43%, 99.28%, 99.39%, 98.09%, 99.33%, 99.36%, 99.72%	10, 13, 6, 6, 34, 10, 9, 6	Ran on FASTA - No Coverage Report	2026-05-29_14-48-56
A/turkey/Kentucky/22-004546-001/2022	A1	PB2:ea1, PB1:ea1, NS:ea1, MP:ea1, HA:ea1, NP:ea1, NA:ea1, PA:ea1	ea1:22-003707-003:PB2, ea1:22-003707-003:PB1, ea1:22-003707-003:NS, ea1:22-003707-003:MP, ea1:22-003707-003:HA, ea1:22-003707-003:NP, ea1:22-003707-003:NA, ea1:22-003707-003:PA	100.00%, 99.87%, 99.88%, 99.90%, 99.88%, 99.93%, 99.93%, 99.95%	0, 3, 1, 1, 2, 1, 1, 1	Ran on FASTA - No Coverage Report	2026-05-29_14-48-56
A/pelican/Antofagasta/228318-1/2022	B3.2	PB2:am2.1, PB1:am1.2, NS:am1.1, MP:ea1, HA:ea1, NP:am1.4.1, NA:ea1, PA:ea1	am2.1:22-009329-001:PB2, am1.2:22-010085-001:PB1, am1.1:22-010085-001:NS, ea1:22-003707-003:MP, ea1:22-003707-003:HA, am1.4.1:22-009329-001:NP, ea1:22-003707-003:NA, ea1:22-003707-003:PA	99.52%, 99.34%, 99.17%, 99.49%, 99.18%, 99.27%, 99.36%, 99.67%	11, 15, 7, 5, 14, 11, 9, 7	Ran on FASTA - No Coverage Report	2026-05-29_14-48-56
A/peruvian_booby/Peru/CAL-INS-008/2023	B3.2	PB2:am2.1, PB1:am1.2, NS:am1.1, MP:ea1, HA:ea1, NP:am1.4.1, NA:ea1, PA:ea1	am2.1:22-009329-001:PB2, am1.2:22-010085-001:PB1, am1.1:22-010085-001:NS, ea1:22-003707-003:MP, ea1:22-003707-003:HA, am1.4.1:22-009329-001:NP, ea1:22-003707-003:NA, ea1:22-003707-003:PA	99.34%, 99.34%, 99.36%, 99.49%, 99.12%, 99.27%, 99.50%, 99.53%	15, 15, 5, 5, 15, 11, 7, 10	Ran on FASTA - No Coverage Report	2026-05-29_14-48-56
A/Mallard/New_Jersey/USDA-005110-003/2022	A1	PB2:ea1, PB1:ea1, NS:ea1, MP:ea1, HA:ea1, NP:ea1, NA:ea1, PA:ea1	ea1:22-003707-003:PB2, ea1:22-003707-003:PB1, ea1:22-003707-003:NS, ea1:22-003707-003:MP, ea1:22-003707-003:HA, ea1:22-003707-003:NP, ea1:22-003707-003:NA, ea1:22-003707-003:PA	99.83%, 99.74%, 99.52%, 100.00%, 99.77%, 99.93%, 99.86%, 99.58%	4, 6, 4, 0, 4, 1, 2, 9	Ran on FASTA - No Coverage Report	2026-05-29_14-48-57
A/Great_grabe/Atacama/231482-2/2023	B3.2	PB2:am2.1, PB1:am1.2, NS:am1.1, MP:ea1, HA:ea1, NP:am1.4.1, NA:ea1, PA:ea1	am2.1:22-009329-001:PB2, am1.2:22-010085-001:PB1, am1.1:22-010085-001:NS, ea1:22-003707-003:MP, ea1:22-003707-003:HA, am1.4.1:22-009329-001:NP, ea1:22-003707-003:NA, ea1:22-003707-003:PA	99.56%, 99.16%, 99.17%, 99.49%, 99.24%, 99.27%, 99.50%, 99.58%	10, 19, 7, 5, 13, 11, 7, 9	Ran on FASTA - No Coverage Report	2026-05-29_14-48-57
A/goose/Illinois/22-008377-004/2022	A1	PB2:ea1, PB1:ea1, NS:ea1, MP:ea1, HA:ea1, NP:ea1, NA:ea1, PA:ea1	ea1:22-003707-003:PB2, ea1:22-003707-003:PB1, ea1:22-003707-003:NS, ea1:22-003707-003:MP, ea1:22-003707-003:HA, ea1:22-003707-003:NP, ea1:22-003707-003:NA, ea1:22-003707-003:PA	99.91%, 99.96%, 99.64%, 99.90%, 99.94%, 100.00%, 99.93%, 100.00%	2, 1, 3, 1, 1, 0, 1, 0	Ran on FASTA - No Coverage Report	2026-05-29_14-48-57
A/Chicken/Argentina/1147-2/2023	B3.2	PB2:am2.1, PB1:am1.2, NS:am1.1, MP:ea1, HA:ea1, NP:am1.4.1, NA:ea1, PA:ea1	am2.1:22-009329-001:PB2, am1.2:22-010085-001:PB1, am1.1:22-010085-001:NS, ea1:22-003707-003:MP, ea1:22-003707-003:HA, am1.4.1:22-009329-001:NP, ea1:22-003707-003:NA, ea1:22-003707-003:PA	99.47%, 99.08%, 99.40%, 99.29%, 99.35%, 99.27%, 99.36%, 99.67%	12, 21, 5, 7, 11, 11, 9, 7	Ran on FASTA - No Coverage Report	2026-05-29_14-48-57
A/american_crow/North_Dakota/22-014532-002/2022	B3.1	PB2:am2.1, PB1:ea1, NS:ea1, MP:ea1, HA:ea1, NP:am1.4.1, NA:ea1, PA:ea1	am2.1:22-009329-001:PB2, ea1:22-003707-003:PB1, ea1:22-003707-003:NS, ea1:22-003707-003:MP, ea1:22-003707-003:HA, am1.4.1:22-009329-001:NP, ea1:22-003707-003:NA, ea1:22-003707-003:PA	99.96%, 99.96%, 99.76%, 99.90%, 99.77%, 99.93%, 99.93%, 99.95%	1, 1, 2, 1, 4, 1, 1, 1	Ran on FASTA - No Coverage Report	2026-05-29_14-48-57
A/common_raven/Alaska/22-022817-001/2022	B3.2	PB2:am2.1, PB1:am1.2, NS:am1.1, MP:ea1, HA:ea1, NP:am1.4.1, NA:ea1, PA:ea1	am2.1:22-009329-001:PB2, am1.2:22-010085-001:PB1, am1.1:22-010085-001:NS, ea1:22-003707-003:MP, ea1:22-003707-003:HA, am1.4.1:22-009329-001:NP, ea1:22-003707-003:NA, ea1:22-003707-003:PA	99.69%, 99.69%, 99.88%, 99.69%, 99.41%, 99.80%, 99.36%, 99.81%	7, 7, 1, 3, 10, 3, 9, 4	Ran on FASTA - No Coverage Report	2026-05-29_14-48-57
A/Avian/Argentina/1790-5/2023	B3.2	PB2:am2.1, PB1:am1.2, NS:am1.1, MP:ea1, HA:ea1, NP:am1.4.1, NA:ea1, PA:ea1	am2.1:22-009329-001:PB2, am1.2:22-010085-001:PB1, am1.1:22-010085-001:NS, ea1:22-003707-003:MP, ea1:22-003707-003:HA, am1.4.1:22-009329-001:NP, ea1:22-003707-003:NA, ea1:22-003707-003:PA	99.08%, 99.08%, 99.05%, 99.29%, 99.00%, 99.13%, 99.22%, 99.53%	21, 21, 8, 7, 17, 13, 11, 10	Ran on FASTA - No Coverage Report	2026-05-29_14-48-57
A/black_vulture/Florida/22-023280-001/2022	B1.1	PB2:am1.1, PB1:am1.1, NS:ea1, MP:ea1, HA:ea1, NP:am1.2, NA:ea1, PA:ea1	am1.1:22-009287-001:PB2, am1.1:22-009287-001:PB1, ea1:22-003707-003:NS, ea1:22-003707-003:MP, ea1:22-003707-003:HA, am1.2:22-009287-001:NP, ea1:22-003707-003:NA, ea1:22-003707-003:PA	99.61%, 99.82%, 99.76%, 99.69%, 99.53%, 99.53%, 99.57%, 99.49%	9, 4, 2, 3, 8, 7, 6, 11	Ran on FASTA - No Coverage Report	2026-05-29_14-48-58
A/avian/Chile/276542/2023	Not assigned: Only 7 segments >98.0% match found of total 8 segments in input file	PB2:am2.1, PB1:am1.2, NS:am1.1, MP:ea1, NP:am1.4.1, NA:ea1, PA:ea1	am2.1:22-009329-001:PB2, am1.2:22-010085-001:PB1, am1.1:22-010085-001:NS, ea1:22-003707-003:MP, ea1:EPI-ISL-20215425:HA, am1.4.1:22-009329-001:NP, ea1:22-003707-003:NA, ea1:22-003707-003:PA	99.30%, 98.77%, 98.81%, 99.29%, 97.75%, 98.93%, 99.15%, 99.49%	16, 28, 10, 7, 40, 16, 12, 11	Ran on FASTA - No Coverage Report	2026-05-29_14-48-58
A/avian/Chile/278220/2023	Not assigned: Only 7 segments >98.0% match found of total 8 segments in input file	PB2:am2.1, PB1:am1.2, NS:am1.1, MP:ea1, NP:am1.4.1, NA:ea1, PA:ea1	am2.1:22-009329-001:PB2, am1.2:22-010085-001:PB1, am1.1:22-010085-001:NS, ea1:22-003707-003:MP, ea1:EPI-ISL-20215425:HA, am1.4.1:22-009329-001:NP, ea1:22-003707-003:NA, ea1:22-003707-003:PA	99.25%, 98.77%, 98.81%, 99.08%, 97.86%, 98.86%, 99.08%, 99.49%	17, 28, 10, 9, 38, 17, 13, 11	Ran on FASTA - No Coverage Report	2026-05-29_14-48-58
A/gadwall/North_Carolina/AH0182894/2022	A1	PB2:ea1, PB1:ea1, NS:ea1, MP:ea1, HA:ea1, NP:ea1, NA:ea1, PA:ea1	ea1:22-003707-003:PB2, ea1:22-003707-003:PB1, ea1:22-003707-003:NS, ea1:22-003707-003:MP, ea1:22-003707-003:HA, ea1:22-003707-003:NP, ea1:22-003707-003:NA, ea1:22-003707-003:PA	99.83%, 99.96%, 99.88%, 99.90%, 99.82%, 99.87%, 99.79%, 99.91%	4, 1, 1, 1, 3, 2, 3, 2	Ran on FASTA - No Coverage Report	2026-05-29_14-48-58
A/sanderling/MA/22HP00127/2022	A2	PB2:ea1, PB1:ea2, NS:ea1, MP:ea1, HA:ea2, NP:ea1, NA:ea2, PA:ea1	ea1:22-003707-003:PB2, ea2:22-036180-006:PB1, ea1:22-003707-003:NS, ea1:22-003707-003:MP, ea2:22-008064-001:HA, ea1:22-003707-003:NP, ea2:22-008064-001:NA, ea1:22-003707-003:PA	99.61%, 99.87%, 99.64%, 99.80%, 99.88%, 99.53%, 99.72%, 99.86%	9, 3, 3, 2, 2, 7, 4, 3	Ran on FASTA - No Coverage Report	2026-05-29_14-48-58
A/herring_gull/Michigan/22-017243-001/2022	B1.2	PB2:am1.1, PB1:am1.1, NS:ea1, MP:ea1, HA:ea1, NP:am1.2, NA:ea1, PA:am1	am1.1:22-009287-001:PB2, am1.1:22-009287-001:PB1, ea1:22-003707-003:NS, ea1:22-003707-003:MP, ea1:22-003707-003:HA, am1.2:22-009287-001:NP, ea1:22-003707-003:NA, am1:22-008890-001:PA	99.78%, 99.78%, 99.64%, 99.80%, 99.65%, 99.60%, 99.79%, 99.77%	5, 5, 3, 2, 6, 6, 3, 5	Ran on FASTA - No Coverage Report	2026-05-29_14-48-58
A/muscovy_duck/Georgia/W23-823A/2022	B1.1	PB2:am1.1, PB1:am1.1, NS:ea1, MP:ea1, HA:ea1, NP:am1.2, NA:ea1, PA:ea1	am1.1:22-009287-001:PB2, am1.1:22-009287-001:PB1, ea1:22-003707-003:NS, ea1:22-003707-003:MP, ea1:22-003707-003:HA, am1.2:22-009287-001:NP, ea1:22-003707-003:NA, ea1:22-003707-003:PA	99.34%, 99.34%, 99.64%, 99.69%, 99.47%, 99.67%, 99.50%, 99.49%	15, 15, 3, 3, 9, 5, 7, 11	Ran on FASTA - No Coverage Report	2026-05-29_14-48-58
A/chicken/Maule/247588-1/2023	Not assigned: Only 7 segments >98.0% match found of total 8 segments in input file	PB2:am2.1, PB1:am1.2, NS:am1.1, MP:ea1, NP:am1.4.1, NA:ea1, PA:ea1	am2.1:22-009329-001:PB2, am1.2:22-010085-001:PB1, am1.1:22-010085-001:NS, ea1:22-003707-003:MP, ea1:EPI-ISL-20215425:HA, am1.4.1:22-009329-001:NP, ea1:22-003707-003:NA, ea1:22-003707-003:PA	99.21%, 98.86%, 99.17%, 99.19%, 97.80%, 99.05%, 99.36%, 99.44%	18, 26, 7, 8, 39, 10, 9, 12	Ran on FASTA - No Coverage Report	2026-05-29_14-48-59
A/chicken/Chile/250722-1/2023	Not assigned: Only 7 segments >98.0% match found of total 8 segments in input file	PB2:am2.1, PB1:am1.2, NS:am1.1, MP:ea1, NP:am1.4.1, NA:ea1, PA:ea1	am2.1:22-009329-001:PB2, am1.2:22-010085-001:PB1, am1.1:22-010085-001:NS, ea1:22-003707-003:MP, ea1:EPI-ISL-20215425:HA, am1.4.1:22-009329-001:NP, ea1:22-003707-003:NA, ea1:22-003707-003:PA	99.21%, 98.94%, 99.17%, 99.19%, 97.92%, 99.00%, 99.29%, 99.53%	18, 24, 7, 8, 37, 15, 10, 10	Ran on FASTA - No Coverage Report	2026-05-29_14-48-59
A/herring_gull/New_York/22-022596-002/2022	B2.1	PB2:am1.2, PB1:ea1, NS:ea1, MP:ea1, HA:ea1, NP:am1.1, NA:ea1, PA:ea1	am1.2:22-007805-001:PB2, ea1:22-003707-003:PB1, ea1:22-003707-003:NS, ea1:22-003707-003:MP, ea1:22-003707-003:HA, am1.1:22-007805-001:NP, ea1:22-003707-003:NA, ea1:22-003707-003:PA	99.78%, 99.82%, 99.64%, 99.90%, 99.77%, 99.73%, 99.72%, 99.81%	5, 4, 3, 1, 4, 4, 4, 4	Ran on FASTA - No Coverage Report	2026-05-29_14-48-59
A/bald_eagle/Minnesota/22-014529-001/2022	B3.2	PB2:am2.1, PB1:am1.2, NS:am1.1, MP:ea1, HA:ea1, NP:am1.4.1, NA:ea1, PA:ea1	am2.1:22-009329-001:PB2, am1.2:22-010085-001:PB1, am1.1:22-010085-001:NS, ea1:22-003707-003:MP, ea1:22-003707-003:HA, am1.4.1:22-009329-001:NP, ea1:22-003707-003:NA, ea1:22-003707-003:PA	99.65%, 99.69%, 99.88%, 99.80%, 99.82%, 99.87%, 99.79%, 99.72%	8, 7, 1, 2, 3, 2, 3, 6	Ran on FASTA - No Coverage Report	2026-05-29_14-48-59
A/Procellaria_aequinoctialis/Sao_Paulo/2259-N/2023	B3.2	PB2:am2.1, PB1:am1.2, NS:am1.1, MP:ea1, HA:ea1, NP:am1.4.1, NA:ea1, PA:ea1	am2.1:22-009329-001:PB2, am1.2:22-010085-001:PB1, am1.1:22-010085-001:NS, ea1:22-003707-003:MP, ea1:22-003707-003:HA, am1.4.1:22-009329-001:NP, ea1:22-003707-003:NA, ea1:22-003707-003:PA	99.34%, 99.21%, 99.05%, 99.28%, 99.24%, 99.06%, 99.22%, 99.40%	15, 18, 8, 7, 13, 14, 11, 13	Ran on FASTA - No Coverage Report	2026-05-29_14-48-59
A/Black_Vulture/Florida/USDA-012628-001/2022	B1.1	PB2:am1.1, PB1:am1.1, NS:ea1, MP:ea1, HA:ea1, NP:am1.2, NA:ea1, PA:ea1	am1.1:22-009287-001:PB2, am1.1:22-009287-001:PB1, ea1:22-003707-003:NS, ea1:22-003707-003:MP, ea1:22-003707-003:HA, am1.2:22-009287-001:NP, ea1:22-003707-003:NA, ea1:22-003707-003:PA	99.65%, 99.74%, 99.88%, 100.00%, 99.71%, 99.80%, 99.79%, 99.86%	8, 6, 1, 0, 5, 3, 3, 3	Ran on FASTA - No Coverage Report	2026-05-29_14-48-59
A/black_vulture/Florida/22-020388-001/2022	B1.1	PB2:am1.1, PB1:am1.1, NS:ea1, MP:ea1, HA:ea1, NP:am1.2, NA:ea1, PA:ea1	am1.1:22-009287-001:PB2, am1.1:22-009287-001:PB1, ea1:22-003707-003:NS, ea1:22-003707-003:MP, ea1:22-003707-003:HA, am1.2:22-009287-001:NP, ea1:22-003707-003:NA, ea1:22-003707-003:PA	99.65%, 99.60%, 99.76%, 99.80%, 99.65%, 99.73%, 99.79%, 99.86%	8, 9, 2, 2, 6, 4, 3, 3	Ran on FASTA - No Coverage Report	2026-05-29_14-48-59
A/Turkey/Argentina/1348-3/2023	B3.2	PB2:am2.1, PB1:am1.2, NS:am1.1, MP:ea1, HA:ea1, NP:am1.4.1, NA:ea1, PA:ea1	am2.1:22-009329-001:PB2, am1.2:22-010085-001:PB1, am1.1:22-010085-001:NS, ea1:22-003707-003:MP, ea1:22-003707-003:HA, am1.4.1:22-009329-001:NP, ea1:22-003707-003:NA, ea1:22-003707-003:PA	99.25%, 99.21%, 99.40%, 99.19%, 99.18%, 99.13%, 99.29%, 99.40%	17, 18, 5, 8, 14, 13, 10, 13	Ran on FASTA - No Coverage Report	2026-05-29_14-49-00
A/american_white_pelican/Wisconsin/22-013642-002/2022	B1.1	PB2:am1.1, PB1:am1.1, NS:ea1, MP:ea1, HA:ea1, NP:am1.2, NA:ea1, PA:ea1	am1.1:22-009287-001:PB2, am1.1:22-009287-001:PB1, ea1:22-003707-003:NS, ea1:22-003707-003:MP, ea1:22-003707-003:HA, am1.2:22-009287-001:NP, ea1:22-003707-003:NA, ea1:22-003707-003:PA	99.87%, 99.74%, 99.76%, 99.90%, 99.71%, 99.93%, 99.79%, 99.86%	3, 6, 2, 1, 5, 1, 3, 3	Ran on FASTA - No Coverage Report	2026-05-29_14-49-00
A/great_horned_owl/Minnesota/22-014336-007/2022	B2.1	PB2:am1.2, PB1:ea1, NS:ea1, MP:ea1, HA:ea1, NP:am1.1, NA:ea1, PA:ea1	am1.2:22-007805-001:PB2, ea1:22-003707-003:PB1, ea1:22-003707-003:NS, ea1:22-003707-003:MP, ea1:22-003707-003:HA, am1.1:22-007805-001:NP, ea1:22-003707-003:NA, ea1:22-003707-003:PA	99.83%, 99.74%, 99.88%, 100.00%, 99.82%, 99.93%, 99.79%, 99.81%	4, 6, 1, 0, 3, 1, 3, 4	Ran on FASTA - No Coverage Report	2026-05-29_14-49-00
A/backyard_chicken/Uruguay/UDELAR-124-M1/2023	B3.2	PB2:am2.1, PB1:am1.2, NS:am1.1, MP:ea1, HA:ea1, NP:am1.4.1, NA:ea1, PA:ea1	am2.1:22-009329-001:PB2, am1.2:22-010085-001:PB1, am1.1:22-010085-001:NS, ea1:22-003707-003:MP, ea1:22-003707-003:HA, am1.4.1:22-009329-001:NP, ea1:22-003707-003:NA, ea1:22-003707-003:PA	99.25%, 99.21%, 99.28%, 99.39%, 99.18%, 99.00%, 99.22%, 99.53%	17, 18, 6, 6, 14, 15, 11, 10	Ran on FASTA - No Coverage Report	2026-05-29_14-49-00
A/Turkey/Argentina/1711-2/2023	B3.2	PB2:am2.1, PB1:am1.2, NS:am1.1, MP:ea1, HA:ea1, NP:am1.4.1, NA:ea1, PA:ea1	am2.1:22-009329-001:PB2, am1.2:22-010085-001:PB1, am1.1:22-010085-001:NS, ea1:22-003707-003:MP, ea1:22-003707-003:HA, am1.4.1:22-009329-001:NP, ea1:22-003707-003:NA, ea1:22-003707-003:PA	99.39%, 99.03%, 99.40%, 99.39%, 99.12%, 99.20%, 99.29%, 99.58%	14, 22, 5, 6, 15, 12, 10, 9	Ran on FASTA - No Coverage Report	2026-05-29_14-49-00
A/Bald_Eagle/Florida/USDA-006544-004/2022	B1.1	PB2:am1.1, PB1:am1.1, NS:ea1, MP:ea1, HA:ea1, NP:am1.2, NA:ea1, PA:ea1	am1.1:22-009287-001:PB2, am1.1:22-009287-001:PB1, ea1:22-003707-003:NS, ea1:22-003707-003:MP, ea1:22-003707-003:HA, am1.2:22-009287-001:NP, ea1:22-003707-003:NA, ea1:22-003707-003:PA	99.69%, 99.87%, 99.88%, 100.00%, 99.77%, 99.87%, 99.93%, 99.81%	7, 3, 1, 0, 4, 2, 1, 4	Ran on FASTA - No Coverage Report	2026-05-29_14-49-00
A/peruvian_booby/Peru/LIM-INS-012/2023	B3.2	PB2:am2.1, PB1:am1.2, NS:am1.1, MP:ea1, HA:ea1, NP:am1.4.1, NA:ea1, PA:ea1	am2.1:22-009329-001:PB2, am1.2:22-010085-001:PB1, am1.1:22-010085-001:NS, ea1:22-003707-003:MP, ea1:22-003707-003:HA, am1.4.1:22-009329-001:NP, ea1:22-003707-003:NA, ea1:EPI-ISL-20215425:PA	99.44%, 99.55%, 98.99%, 99.19%, 99.12%, 99.13%, 98.94%, 98.16%	4, 4, 8, 8, 15, 13, 13, 18	Ran on FASTA - No Coverage Report	2026-05-29_14-49-00
A/great_horned_owl/Minnesota/22-017275-002/2022	B3.2	PB2:am2.1, PB1:am1.2, NS:am1.1, MP:ea1, HA:ea1, NP:am1.4.1, NA:ea1, PA:ea1	am2.1:22-009329-001:PB2, am1.2:22-010085-001:PB1, am1.1:22-010085-001:NS, ea1:22-003707-003:MP, ea1:22-003707-003:HA, am1.4.1:22-009329-001:NP, ea1:22-003707-003:NA, ea1:22-003707-003:PA	99.69%, 99.69%, 99.88%, 99.69%, 99.82%, 99.60%, 99.64%, 99.77%	7, 7, 1, 3, 3, 6, 5, 5	Ran on FASTA - No Coverage Report	2026-05-29_14-49-00
A/Sterna_hirundo/SaoFranciscoItabapoanaBR/1060-N-2024/2024	Not assigned: Only 7 segments >98.0% match found of total 8 segments in input file	PB2:am2.1, PB1:am1.2, NS:am1.1, MP:ea1, NP:am1.4.1, NA:ea1, PA:ea1	am2.1:22-009329-001:PB2, am1.2:22-010085-001:PB1, am1.1:22-010085-001:NS, ea1:22-003707-003:MP, ea1:EPI-ISL-20215425:HA, am1.4.1:22-009329-001:NP, ea1:22-003707-003:NA, ea1:22-003707-003:PA	98.95%, 98.68%, 99.17%, 98.57%, 97.58%, 98.73%, 99.08%, 99.16%	24, 30, 7, 14, 43, 19, 13, 18	Ran on FASTA - No Coverage Report	2026-05-29_14-49-01
A/bald_eagle/Michigan/22-018806-002/2022	B1.2	PB2:am1.1, PB1:am1.1, NS:ea1, MP:ea1, HA:ea1, NP:am1.2, NA:ea1, PA:am1	am1.1:22-009287-001:PB2, am1.1:22-009287-001:PB1, ea1:22-003707-003:NS, ea1:22-003707-003:MP, ea1:22-003707-003:HA, am1.2:22-009287-001:NP, ea1:22-003707-003:NA, am1:22-008890-001:PA	99.74%, 99.87%, 99.40%, 99.90%, 99.77%, 99.87%, 99.86%, 99.86%	6, 3, 5, 1, 4, 2, 2, 3	Ran on FASTA - No Coverage Report	2026-05-29_14-49-01
A/chicken/Idaho/22-012045-002/2022	B4.1	PB2:am2.2, PB1:ea1, NS:ea1, MP:ea1, HA:ea1, NP:am1.3, NA:ea1, PA:ea1	am2.2:22-010445-001:PB2, ea1:22-003707-003:PB1, ea1:22-003707-003:NS, ea1:22-003707-003:MP, ea1:22-003707-003:HA, am1.3:22-010445-001:NP, ea1:22-003707-003:NA, ea1:22-003707-003:PA	99.96%, 99.91%, 99.76%, 100.00%, 99.82%, 99.93%, 99.57%, 99.91%	1, 2, 2, 0, 3, 1, 6, 2	Ran on FASTA - No Coverage Report	2026-05-29_14-49-01
A/Great_Horned_Owl/North_Dakota/USDA-013133-001/2022	B2.1	PB2:am1.2, PB1:ea1, NS:ea1, MP:ea1, HA:ea1, NP:am1.1, NA:ea1, PA:ea1	am1.2:22-007805-001:PB2, ea1:22-003707-003:PB1, ea1:22-003707-003:NS, ea1:22-003707-003:MP, ea1:22-003707-003:HA, am1.1:22-007805-001:NP, ea1:22-003707-003:NA, ea1:22-003707-003:PA	99.96%, 99.87%, 99.88%, 100.00%, 99.88%, 100.00%, 99.64%, 99.91%	1, 3, 1, 0, 2, 0, 5, 2	Ran on FASTA - No Coverage Report	2026-05-29_14-49-01
A/vulture/South_Carolina/22-032727-001/2022	B1.1	PB2:am1.1, PB1:am1.1, NS:ea1, MP:ea1, HA:ea1, NP:am1.2, NA:ea1, PA:ea1	am1.1:22-009287-001:PB2, am1.1:22-009287-001:PB1, ea1:22-003707-003:NS, ea1:22-003707-003:MP, ea1:22-003707-003:HA, am1.2:22-009287-001:NP, ea1:22-003707-003:NA, ea1:22-003707-003:PA	99.47%, 99.25%, 99.52%, 99.39%, 99.18%, 99.53%, 99.64%, 99.49%	12, 17, 4, 6, 14, 7, 5, 11	Ran on FASTA - No Coverage Report	2026-05-29_14-49-01
A/Backyard_bird/New_York/USDA-005647-002/2022	A1	PB2:ea1, PB1:ea1, NS:ea1, MP:ea1, HA:ea1, NP:ea1, NA:ea1, PA:ea1	ea1:22-003707-003:PB2, ea1:22-003707-003:PB1, ea1:22-003707-003:NS, ea1:22-003707-003:MP, ea1:22-003707-003:HA, ea1:22-003707-003:NP, ea1:22-003707-003:NA, ea1:22-003707-003:PA	99.83%, 99.87%, 99.88%, 99.90%, 99.71%, 99.87%, 99.79%, 99.77%	4, 3, 1, 1, 5, 2, 3, 5	Ran on FASTA - No Coverage Report	2026-05-29_14-49-01
A/american_white_pelican/California/22-023791-001/2022	B4.1	PB2:am2.2, PB1:ea1, NS:ea1, MP:ea1, HA:ea1, NP:am1.3, NA:ea1, PA:ea1	am2.2:22-010445-001:PB2, ea1:22-003707-003:PB1, ea1:22-003707-003:NS, ea1:22-003707-003:MP, ea1:22-003707-003:HA, am1.3:22-010445-001:NP, ea1:22-003707-003:NA, ea1:22-003707-003:PA	99.65%, 99.82%, 99.64%, 99.80%, 99.59%, 99.67%, 99.64%, 99.67%	8, 4, 3, 2, 7, 5, 5, 7	Ran on FASTA - No Coverage Report	2026-05-29_14-49-01
A/mallard/North_Carolina/AH0182886/2022	A1	PB2:ea1, PB1:ea1, NS:ea1, MP:ea1, HA:ea1, NP:ea1, NA:ea1, PA:ea1	ea1:22-003707-003:PB2, ea1:22-003707-003:PB1, ea1:22-003707-003:NS, ea1:22-003707-003:MP, ea1:22-003707-003:HA, ea1:22-003707-003:NP, ea1:22-003707-003:NA, ea1:22-003707-003:PA	99.87%, 100.00%, 99.88%, 100.00%, 99.82%, 99.73%, 99.93%, 99.91%	3, 0, 1, 0, 3, 4, 1, 2	Ran on FASTA - No Coverage Report	2026-05-29_14-49-02
A/Avian/Chile/275433/2023	Not assigned: Only 6 segments >98.0% match found of total 8 segments in input file	PB2:am2.1, NS:am1.1, MP:ea1, NP:am1.4.1, NA:ea1, PA:ea1	am2.1:22-009329-001:PB2, am1.2:22-010085-001:PB1, am1.1:22-010085-001:NS, ea1:22-003707-003:MP, ea1:EPI-ISL-20215425:HA, am1.4.1:22-009329-001:NP, ea1:22-003707-003:NA, ea1:22-003707-003:PA	99.30%, 94.42%, 99.28%, 99.08%, 97.80%, 99.00%, 99.29%, 99.53%	16, 127, 6, 9, 39, 15, 10, 10	Ran on FASTA - No Coverage Report	2026-05-29_14-49-02
A/Pelican/Antofagasta/228246-2/2022	B3.2	PB2:am2.1, PB1:am1.2, NS:am1.1, MP:ea1, HA:ea1, NP:am1.4.1, NA:ea1, PA:ea1	am2.1:22-009329-001:PB2, am1.2:22-010085-001:PB1, am1.1:22-010085-001:NS, ea1:22-003707-003:MP, ea1:22-003707-003:HA, am1.4.1:22-009329-001:NP, ea1:22-003707-003:NA, ea1:22-003707-003:PA	99.56%, 99.38%, 99.28%, 99.29%, 99.24%, 99.13%, 99.36%, 99.67%	10, 14, 6, 7, 13, 13, 9, 7	Ran on FASTA - No Coverage Report	2026-05-29_14-49-02
A/Ross's_Goose/Iowa/USDA-007766-003/2022	B2.1	PB2:am1.2, PB1:ea1, NS:ea1, MP:ea1, HA:ea1, NP:am1.1, NA:ea1, PA:ea1	am1.2:22-007805-001:PB2, ea1:22-003707-003:PB1, ea1:22-003707-003:NS, ea1:22-003707-003:MP, ea1:22-003707-003:HA, am1.1:22-007805-001:NP, ea1:22-003707-003:NA, ea1:22-003707-003:PA	99.91%, 99.96%, 99.88%, 99.90%, 99.94%, 99.93%, 99.93%, 99.95%	2, 1, 1, 1, 1, 1, 1, 1	Ran on FASTA - No Coverage Report	2026-05-29_14-49-02
A/Phalacrocorax_bougainvillii/Ica/UPCH_4418/2023	B3.2	PB2:am2.1, PB1:am1.2, NS:am1.1, MP:ea1, HA:ea1, NP:am1.4.1, NA:ea1, PA:ea1	am2.1:22-009329-001:PB2, am1.2:22-010085-001:PB1, am1.1:22-010085-001:NS, ea1:22-003707-003:MP, ea1:22-003707-003:HA, am1.4.1:22-009329-001:NP, ea1:22-003707-003:NA, ea1:22-003707-003:PA	99.52%, 99.34%, 99.05%, 99.19%, 99.41%, 99.27%, 98.94%, 99.53%	11, 15, 8, 8, 10, 11, 13, 10	Ran on FASTA - No Coverage Report	2026-05-29_14-49-02
A/South_polar_skua/Antarctica/INACH-UC-UCHILE-SKU4/2024	Not assigned: Only 6 segments >98.0% match found of total 8 segments in input file	PB2:am2.1, PB1:am1.2, NS:am1.1, MP:ea1, NP:am1.4.1, NA:ea1	am2.1:22-009329-001:PB2, am1.2:22-010085-001:PB1, am1.1:22-010085-001:NS, ea1:22-003707-003:MP, ea1:EPI-ISL-20215425:HA, am1.4.1:22-009329-001:NP, ea1:22-003707-003:NA, ea1:EPI-ISL-20215425:PA	99.21%, 98.90%, 99.17%, 98.88%, 97.69%, 98.80%, 98.58%, 97.76%	18, 25, 7, 11, 41, 18, 20, 50	Ran on FASTA - No Coverage Report	2026-05-29_14-49-02
A/Calidris_alba/Lima/Villa01/2023__(this)	B3.2	PB2:am2.1, PB1:am1.2, NS:am1.1, MP:ea1, HA:ea1, NP:am1.4.1, NA:ea1, PA:ea1	am2.1:22-009329-001:PB2, am1.2:22-010085-001:PB1, am1.1:22-010085-001:NS, ea1:22-003707-003:MP, ea1:22-003707-003:HA, am1.4.1:22-009329-001:NP, ea1:22-003707-003:NA, ea1:22-003707-003:PA	99.21%, 99.19%, 99.17%, 99.04%, 99.00%, 99.13%, 99.36%, 99.53%	18, 14, 7, 7, 17, 13, 9, 10	Ran on FASTA - No Coverage Report	2026-05-29_14-49-02
A/vulture/Georgia/22-026328-002/2022	B1.1	PB2:am1.1, PB1:am1.1, NS:ea1, MP:ea1, HA:ea1, NP:am1.2, NA:ea1, PA:ea1	am1.1:22-009287-001:PB2, am1.1:22-009287-001:PB1, ea1:22-003707-003:NS, ea1:22-003707-003:MP, ea1:22-003707-003:HA, am1.2:22-009287-001:NP, ea1:22-003707-003:NA, ea1:22-003707-003:PA	99.47%, 99.52%, 99.64%, 99.69%, 99.53%, 99.67%, 99.36%, 99.67%	12, 11, 3, 3, 8, 5, 9, 7	Ran on FASTA - No Coverage Report	2026-05-29_14-49-02
A/canada_goose/California/22-022940-002/2022	B4.1	PB2:am2.2, PB1:ea1, NS:ea1, MP:ea1, HA:ea1, NP:am1.3, NA:ea1, PA:ea1	am2.2:22-010445-001:PB2, ea1:22-003707-003:PB1, ea1:22-003707-003:NS, ea1:22-003707-003:MP, ea1:22-003707-003:HA, am1.3:22-010445-001:NP, ea1:22-003707-003:NA, ea1:22-003707-003:PA	99.87%, 99.87%, 99.52%, 99.80%, 99.65%, 99.73%, 99.57%, 99.77%	3, 3, 4, 2, 6, 4, 6, 5	Ran on FASTA - No Coverage Report	2026-05-29_14-49-03
A/Snow_Goose/North_Dakota/USDA-010663-015/2022	B2.1	PB2:am1.2, PB1:ea1, NS:ea1, MP:ea1, HA:ea1, NP:am1.1, NA:ea1, PA:ea1	am1.2:22-007805-001:PB2, ea1:22-003707-003:PB1, ea1:22-003707-003:NS, ea1:22-003707-003:MP, ea1:22-003707-003:HA, am1.1:22-007805-001:NP, ea1:22-003707-003:NA, ea1:22-003707-003:PA	99.83%, 99.87%, 99.76%, 100.00%, 99.82%, 99.93%, 99.86%, 99.95%	4, 3, 2, 0, 3, 1, 2, 1	Ran on FASTA - No Coverage Report	2026-05-29_14-49-03
A/peruvian_booby/Coquimbo/242304/2023	Not assigned: Only 7 segments >98.0% match found of total 8 segments in input file	PB2:am2.1, PB1:am1.2, NS:am1.1, MP:ea1, NP:am1.4.1, NA:ea1, PA:ea1	am2.1:22-009329-001:PB2, am1.2:22-010085-001:PB1, am1.1:22-010085-001:NS, ea1:22-003707-003:MP, ea1:EPI-ISL-20215425:HA, am1.4.1:22-009329-001:NP, ea1:22-003707-003:NA, ea1:22-003707-003:PA	99.30%, 99.16%, 98.93%, 99.29%, 97.75%, 99.13%, 99.43%, 99.58%	16, 19, 9, 7, 40, 13, 8, 9	Ran on FASTA - No Coverage Report	2026-05-29_14-49-03
A/duck/Minnesota/22-016738-004-original/2022	B2.1	PB2:am1.2, PB1:ea1, NS:ea1, MP:ea1, HA:ea1, NP:am1.1, NA:ea1, PA:ea1	am1.2:22-007805-001:PB2, ea1:22-003707-003:PB1, ea1:22-003707-003:NS, ea1:22-003707-003:MP, ea1:22-003707-003:HA, am1.1:22-007805-001:NP, ea1:22-003707-003:NA, ea1:22-003707-003:PA	99.87%, 99.78%, 99.76%, 99.90%, 99.88%, 99.93%, 99.86%, 99.81%	3, 5, 2, 1, 2, 1, 2, 4	Ran on FASTA - No Coverage Report	2026-05-29_14-49-03
A/goose/Minnesota/22-013221-002/2022	B3.2	PB2:am2.1, PB1:am1.2, NS:am1.1, MP:ea1, HA:ea1, NP:am1.4.1, NA:ea1, PA:ea1	am2.1:22-009329-001:PB2, am1.2:22-010085-001:PB1, am1.1:22-010085-001:NS, ea1:22-003707-003:MP, ea1:22-003707-003:HA, am1.4.1:22-009329-001:NP, ea1:22-003707-003:NA, ea1:22-003707-003:PA	99.78%, 99.60%, 100.00%, 99.90%, 99.77%, 100.00%, 99.57%, 99.86%	5, 9, 0, 1, 4, 0, 6, 3	Ran on FASTA - No Coverage Report	2026-05-29_14-49-03
A/turkey/Indiana/USDA-006259-001/2022	A1	PB2:ea1, PB1:ea1, NS:ea1, MP:ea1, HA:ea1, NP:ea1, NA:ea1, PA:ea1	ea1:22-003707-003:PB2, ea1:22-003707-003:PB1, ea1:22-003707-003:NS, ea1:22-003707-003:MP, ea1:22-003707-003:HA, ea1:22-003707-003:NP, ea1:22-003707-003:NA, ea1:22-003707-003:PA	100.00%, 99.87%, 100.00%, 100.00%, 100.00%, 100.00%, 100.00%, 99.91%	0, 3, 0, 0, 0, 0, 0, 2	Ran on FASTA - No Coverage Report	2026-05-29_14-49-03
A/Backyard_bird/Minnesota/USDA-010928-003/2022	B3.2	PB2:am2.1, PB1:am1.2, NS:am1.1, MP:ea1, HA:ea1, NP:am1.4.1, NA:ea1, PA:ea1	am2.1:22-009329-001:PB2, am1.2:22-010085-001:PB1, am1.1:22-010085-001:NS, ea1:22-003707-003:MP, ea1:22-003707-003:HA, am1.4.1:22-009329-001:NP, ea1:22-003707-003:NA, ea1:22-003707-003:PA	99.78%, 99.74%, 99.88%, 99.80%, 99.65%, 99.93%, 99.79%, 99.91%	5, 6, 1, 2, 6, 1, 3, 2	Ran on FASTA - No Coverage Report	2026-05-29_14-49-03
A/Chicken/Argentina/1200-1/2023	B3.2	PB2:am2.1, PB1:am1.2, NS:am1.1, MP:ea1, HA:ea1, NP:am1.4.1, NA:ea1, PA:ea1	am2.1:22-009329-001:PB2, am1.2:22-010085-001:PB1, am1.1:22-010085-001:NS, ea1:22-003707-003:MP, ea1:22-003707-003:HA, am1.4.1:22-009329-001:NP, ea1:22-003707-003:NA, ea1:22-003707-003:PA	99.25%, 99.08%, 99.17%, 98.88%, 99.18%, 98.86%, 99.22%, 99.53%	17, 21, 7, 11, 14, 17, 11, 10	Ran on FASTA - No Coverage Report	2026-05-29_14-49-04
A/black_vulture/Pennsylvania/22-018839-001/2022	B1.1	PB2:am1.1, PB1:am1.1, NS:ea1, MP:ea1, HA:ea1, NP:am1.2, NA:ea1, PA:ea1	am1.1:22-009287-001:PB2, am1.1:22-009287-001:PB1, ea1:22-003707-003:NS, ea1:22-003707-003:MP, ea1:22-003707-003:HA, am1.2:22-009287-001:NP, ea1:22-003707-003:NA, ea1:22-003707-003:PA	99.65%, 99.69%, 99.76%, 99.80%, 99.65%, 99.80%, 99.72%, 99.81%	8, 7, 2, 2, 6, 3, 4, 4	Ran on FASTA - No Coverage Report	2026-05-29_14-49-04
A/sanderling/MA/22HP00124/2022	A2	PB2:ea1, PB1:ea2, NS:ea1, MP:ea1, HA:ea2, NP:ea1, NA:ea2, PA:ea1	ea1:22-003707-003:PB2, ea2:22-036180-006:PB1, ea1:22-003707-003:NS, ea1:22-003707-003:MP, ea2:22-008064-001:HA, ea1:22-003707-003:NP, ea2:22-008064-001:NA, ea1:22-003707-003:PA	99.61%, 99.87%, 99.64%, 99.80%, 99.77%, 99.47%, 99.72%, 99.86%	9, 3, 3, 2, 4, 8, 4, 3	Ran on FASTA - No Coverage Report	2026-05-29_14-49-04
A/chicken/Idaho/22-014701-002/2022	B3.1	PB2:am2.1, PB1:ea1, NS:ea1, MP:ea1, HA:ea1, NP:am1.4.1, NA:ea1, PA:ea1	am2.1:22-009329-001:PB2, ea1:22-003707-003:PB1, ea1:22-003707-003:NS, ea1:22-003707-003:MP, ea1:22-003707-003:HA, am1.4.1:22-009329-001:NP, ea1:22-003707-003:NA, ea1:22-003707-003:PA	99.87%, 99.82%, 99.64%, 99.90%, 99.53%, 100.00%, 99.72%, 99.81%	3, 4, 3, 1, 8, 0, 4, 4	Ran on FASTA - No Coverage Report	2026-05-29_14-49-04
A/Great_Black-Backed_Gull/NL/OTH-0114	A2	PB2:ea1, PB1:ea2, NS:ea1, MP:ea1, HA:ea2, NP:ea1, NA:ea2, PA:ea1	ea1:22-003707-003:PB2, ea2:23-004612-024:PB1, ea1:22-003707-003:NS, ea1:22-003707-003:MP, ea2:23-030074-013:HA, ea1:22-003707-003:NP, ea2:23-004612-024:NA, ea1:22-003707-003:PA	99.69%, 99.74%, 99.64%, 100.00%, 99.88%, 99.60%, 99.57%, 99.72%	7, 6, 3, 0, 2, 6, 6, 6	Ran on FASTA - No Coverage Report	2026-05-29_14-49-04
A/merganser/Minnesota/22-030258-001/2022	B1.3	PB2:am1.3, PB1:am1.3, NS:ea1, MP:ea1, HA:ea1, NP:am1.2, NA:ea1, PA:am1.2	am1.3:23-003733-001:PB2, am1.3:23-003733-001:PB1, ea1:22-003707-003:NS, ea1:22-003707-003:MP, ea1:22-003707-003:HA, am1.2:22-009287-001:NP, ea1:22-003707-003:NA, am1.2:23-003733-001:PA	99.43%, 99.52%, 99.28%, 99.49%, 99.41%, 99.60%, 99.36%, 99.67%	13, 11, 6, 5, 10, 6, 9, 7	Ran on FASTA - No Coverage Report	2026-05-29_14-49-04
A/chicken/Chile/248751-1/2023	Not assigned: Only 7 segments >98.0% match found of total 8 segments in input file	PB2:am2.1, PB1:am1.2, NS:am1.1, MP:ea1, NP:am1.4.1, NA:ea1, PA:ea1	am2.1:22-009329-001:PB2, am1.2:22-010085-001:PB1, am1.1:22-010085-001:NS, ea1:22-003707-003:MP, ea1:EPI-ISL-20215425:HA, am1.4.1:22-009329-001:NP, ea1:22-003707-003:NA, ea1:22-003707-003:PA	99.34%, 99.16%, 99.17%, 99.29%, 97.58%, 99.00%, 99.29%, 99.67%	15, 19, 7, 7, 43, 15, 10, 7	Ran on FASTA - No Coverage Report	2026-05-29_14-49-04
A/turkey/Iowa/USDA-009550-001/2022	B2.1	PB2:am1.2, PB1:ea1, NS:ea1, MP:ea1, HA:ea1, NP:am1.1, NA:ea1, PA:ea1	am1.2:22-007805-001:PB2, ea1:22-003707-003:PB1, ea1:22-003707-003:NS, ea1:22-003707-003:MP, ea1:22-003707-003:HA, am1.1:22-007805-001:NP, ea1:22-003707-003:NA, ea1:22-003707-003:PA	99.83%, 99.87%, 99.64%, 100.00%, 99.88%, 100.00%, 99.79%, 99.95%	4, 3, 3, 0, 2, 0, 3, 1	Ran on FASTA - No Coverage Report	2026-05-29_14-48-49
A/Royal_Tern/Florida/USDA-005590-001/2022	A1	PB2:ea1, PB1:ea1, NS:ea1, MP:ea1, HA:ea1, NP:ea1, NA:ea1, PA:ea1	ea1:22-003707-003:PB2, ea1:22-003707-003:PB1, ea1:22-003707-003:NS, ea1:22-003707-003:MP, ea1:22-003707-003:HA, ea1:22-003707-003:NP, ea1:22-003707-003:NA, ea1:22-003707-003:PA	99.78%, 99.96%, 99.76%, 100.00%, 99.82%, 99.80%, 99.64%, 99.95%	5, 1, 2, 0, 3, 3, 5, 1	Ran on FASTA - No Coverage Report	2026-05-29_14-48-49
A/Lesser_Scaup/Wisconsin/USDA-009407-001/2022	B1.1	PB2:am1.1, PB1:am1.1, NS:ea1, MP:ea1, HA:ea1, NP:am1.2, NA:ea1, PA:ea1	am1.1:22-009287-001:PB2, am1.1:22-009287-001:PB1, ea1:22-003707-003:NS, ea1:22-003707-003:MP, ea1:22-003707-003:HA, am1.2:22-009287-001:NP, ea1:22-003707-003:NA, ea1:22-003707-003:PA	99.87%, 99.82%, 99.76%, 99.90%, 99.65%, 99.80%, 99.79%, 99.77%	3, 4, 2, 1, 6, 3, 3, 5	Ran on FASTA - No Coverage Report	2026-05-29_14-48-49
A/pelican/Bio_Bio/236574/2023	Not assigned: Only 7 segments >98.0% match found of total 8 segments in input file	PB2:am2.1, PB1:am1.2, NS:am1.1, MP:ea1, NP:am1.4.1, NA:ea1, PA:ea1	am2.1:22-009329-001:PB2, am1.2:22-010085-001:PB1, am1.1:22-010085-001:NS, ea1:22-003707-003:MP, ea1:EPI-ISL-20215425:HA, am1.4.1:22-009329-001:NP, ea1:22-003707-003:NA, ea1:22-003707-003:PA	99.43%, 99.30%, 99.28%, 99.49%, 97.86%, 99.20%, 99.29%, 99.67%	13, 16, 6, 5, 38, 12, 10, 7	Ran on FASTA - No Coverage Report	2026-05-29_14-48-49
A/great_horned_owl/Wyoming/22-014006-002/2022	B2.1	PB2:am1.2, PB1:ea1, NS:ea1, MP:ea1, HA:ea1, NP:am1.1, NA:ea1, PA:ea1	am1.2:22-007805-001:PB2, ea1:22-003707-003:PB1, ea1:22-003707-003:NS, ea1:22-003707-003:MP, ea1:22-003707-003:HA, am1.1:22-007805-001:NP, ea1:22-003707-003:NA, ea1:22-003707-003:PA	99.83%, 99.74%, 99.64%, 99.80%, 99.82%, 100.00%, 99.57%, 99.86%	4, 6, 3, 2, 3, 0, 6, 3	Ran on FASTA - No Coverage Report	2026-05-29_14-48-49
A/gull/Maine/22-022526-005/2022	A2	PB2:ea1, PB1:ea2, NS:ea1, MP:ea1, HA:ea2, NP:ea1, NA:ea2, PA:ea1	ea1:22-003707-003:PB2, ea2:22-036180-006:PB1, ea1:22-003707-003:NS, ea1:22-003707-003:MP, ea2:22-008064-001:HA, ea1:22-003707-003:NP, ea2:22-008064-001:NA, ea1:22-003707-003:PA	99.56%, 99.87%, 99.40%, 99.69%, 99.47%, 99.47%, 99.64%, 99.58%	10, 3, 5, 3, 9, 8, 5, 9	Ran on FASTA - No Coverage Report	2026-05-29_14-48-49
A/black_vulture/Florida/22-021793-001/2022	B1.1	PB2:am1.1, PB1:am1.1, NS:ea1, MP:ea1, HA:ea1, NP:am1.2, NA:ea1, PA:ea1	am1.1:22-009287-001:PB2, am1.1:22-009287-001:PB1, ea1:22-003707-003:NS, ea1:22-003707-003:MP, ea1:22-003707-003:HA, am1.2:22-009287-001:NP, ea1:22-003707-003:NA, ea1:22-003707-003:PA	99.61%, 99.87%, 99.76%, 99.69%, 99.65%, 99.73%, 99.57%, 99.49%	9, 3, 2, 3, 6, 4, 6, 11	Ran on FASTA - No Coverage Report	2026-05-29_14-48-49
A/Gull/Chile/276100/2023	Not assigned: Only 7 segments >98.0% match found of total 8 segments in input file	PB2:am2.1, PB1:am1.2, NS:am1.1, MP:ea1, NP:am1.4.1, NA:ea1, PA:ea1	am2.1:22-009329-001:PB2, am1.2:22-010085-001:PB1, am1.1:22-010085-001:NS, ea1:22-003707-003:MP, ea1:EPI-ISL-20215425:HA, am1.4.1:22-009329-001:NP, ea1:22-003707-003:NA, ea1:22-003707-003:PA	99.34%, 98.72%, 98.81%, 99.19%, 97.86%, 98.93%, 99.15%, 99.49%	15, 29, 10, 8, 38, 16, 12, 11	Ran on FASTA - No Coverage Report	2026-05-29_14-48-50
A/Snow_Goose/North_Dakota/USDA-011034-004/2022	B2.1	PB2:am1.2, PB1:ea1, NS:ea1, MP:ea1, HA:ea1, NP:am1.1, NA:ea1, PA:ea1	am1.2:22-007805-001:PB2, ea1:22-003707-003:PB1, ea1:22-003707-003:NS, ea1:22-003707-003:MP, ea1:22-003707-003:HA, am1.1:22-007805-001:NP, ea1:22-003707-003:NA, ea1:22-003707-003:PA	99.87%, 99.78%, 99.76%, 99.80%, 99.77%, 99.93%, 99.86%, 99.91%	3, 5, 2, 2, 4, 1, 2, 2	Ran on FASTA - No Coverage Report	2026-05-29_14-48-50
A/bald_eagle/Michigan/22-019205-002/2022	B1.1	PB2:am1.1, PB1:am1.1, NS:ea1, MP:ea1, HA:ea1, NP:am1.2, NA:ea1, PA:ea1	am1.1:22-009287-001:PB2, am1.1:22-009287-001:PB1, ea1:22-003707-003:NS, ea1:22-003707-003:MP, ea1:22-003707-003:HA, am1.2:22-009287-001:NP, ea1:22-003707-003:NA, ea1:22-003707-003:PA	99.69%, 99.78%, 99.64%, 99.80%, 99.71%, 99.80%, 99.86%, 99.77%	7, 5, 3, 2, 5, 3, 2, 5	Ran on FASTA - No Coverage Report	2026-05-29_14-48-50
A/common_eider/Massachusetts/22-020416-009/2022	A2	PB2:ea1, PB1:ea2, NS:ea1, MP:ea1, HA:ea2, NP:ea1, NA:ea2, PA:ea1	ea1:22-003707-003:PB2, ea2:22-036180-006:PB1, ea1:22-003707-003:NS, ea1:22-003707-003:MP, ea2:22-008064-001:HA, ea1:22-003707-003:NP, ea2:22-008064-001:NA, ea1:22-003707-003:PA	99.56%, 99.91%, 99.52%, 99.80%, 99.71%, 99.47%, 99.72%, 99.72%	10, 2, 4, 2, 5, 8, 4, 6	Ran on FASTA - No Coverage Report	2026-05-29_14-48-50
A/Chicken/Argentina/501-1/2023	B3.2	PB2:am2.1, PB1:am1.2, NS:am1.1, MP:ea1, HA:ea1, NP:am1.4.1, NA:ea1, PA:ea1	am2.1:22-009329-001:PB2, am1.2:22-010085-001:PB1, am1.1:22-010085-001:NS, ea1:22-003707-003:MP, ea1:22-003707-003:HA, am1.4.1:22-009329-001:NP, ea1:22-003707-003:NA, ea1:22-003707-003:PA	99.21%, 99.25%, 99.40%, 99.19%, 99.06%, 99.00%, 99.36%, 99.72%	18, 17, 5, 8, 16, 15, 9, 6	Ran on FASTA - No Coverage Report	2026-05-29_14-48-50
A/Gull/Chile/251513/2023	Not assigned: Only 7 segments >98.0% match found of total 8 segments in input file	PB2:am2.1, PB1:am1.2, NS:am1.1, MP:ea1, NP:am1.4.1, NA:ea1, PA:ea1	am2.1:22-009329-001:PB2, am1.2:22-010085-001:PB1, am1.1:22-010085-001:NS, ea1:22-003707-003:MP, ea1:EPI-ISL-20215425:HA, am1.4.1:22-009329-001:NP, ea1:22-003707-003:NA, ea1:22-003707-003:PA	99.39%, 99.34%, 98.93%, 99.19%, 97.86%, 99.13%, 99.36%, 99.49%	14, 15, 9, 8, 38, 13, 9, 11	Ran on FASTA - No Coverage Report	2026-05-29_14-48-50
A/turkey/South_Dakota/22-009196-002/2022	B2.1	PB2:am1.2, PB1:ea1, NS:ea1, MP:ea1, HA:ea1, NP:am1.1, NA:ea1, PA:ea1	am1.2:22-007805-001:PB2, ea1:22-003707-003:PB1, ea1:22-003707-003:NS, ea1:22-003707-003:MP, ea1:22-003707-003:HA, am1.1:22-007805-001:NP, ea1:22-003707-003:NA, ea1:22-003707-003:PA	99.87%, 99.91%, 99.88%, 100.00%, 99.94%, 100.00%, 99.86%, 99.77%	3, 2, 1, 0, 1, 0, 2, 5	Ran on FASTA - No Coverage Report	2026-05-29_14-48-50
A/Chicken/Argentina/2796-2/2023	B3.2	PB2:am2.1, PB1:am1.2, NS:am1.1, MP:ea1, HA:ea1, NP:am1.4.1, NA:ea1, PA:ea1	am2.1:22-009329-001:PB2, am1.2:22-010085-001:PB1, am1.1:22-010085-001:NS, ea1:22-003707-003:MP, ea1:22-003707-003:HA, am1.4.1:22-009329-001:NP, ea1:22-003707-003:NA, ea1:22-003707-003:PA	99.17%, 99.16%, 99.05%, 99.29%, 99.06%, 99.13%, 99.29%, 99.44%	19, 19, 8, 7, 16, 13, 10, 12	Ran on FASTA - No Coverage Report	2026-05-29_14-48-50
A/Gallus_gallus/QuixeramobimBR/2086-N-2025/2025	Not assigned: Only 5 segments >98.0% match found of total 8 segments in input file	NS:am1.1, MP:ea1, HA:ea1, NA:ea1, PA:ea1	am7:22-035442-001:PB2, am12:23-004320-002:PB1, am1.1:22-010085-001:NS, ea1:22-003707-003:MP, ea1:24-009110-019:HA, am5:23-013078-002:NP, ea1:24-009110-019:NA, ea1:22-003707-003:PA	90.36%, 96.00%, 98.57%, 98.17%, 98.77%, 92.58%, 99.08%, 98.98%	218, 91, 12, 18, 21, 111, 13, 22	Ran on FASTA - No Coverage Report	2026-05-29_14-48-50
A/chicken/Washington/22-019261-004-original/2022	B2.1	PB2:am1.2, PB1:ea1, NS:ea1, MP:ea1, HA:ea1, NP:am1.1, NA:ea1, PA:ea1	am1.2:22-007805-001:PB2, ea1:22-003707-003:PB1, ea1:22-003707-003:NS, ea1:22-003707-003:MP, ea1:22-003707-003:HA, am1.1:22-007805-001:NP, ea1:22-003707-003:NA, ea1:22-003707-003:PA	99.83%, 99.65%, 99.88%, 99.90%, 99.71%, 99.93%, 99.22%, 99.63%	4, 8, 1, 1, 5, 1, 11, 8	Ran on FASTA - No Coverage Report	2026-05-29_14-48-51
A/canada_goose/Massachusetts/22-036181-005/2022	B1.2	PB2:am1.1, PB1:am1.1, NS:ea1, MP:ea1, HA:ea1, NP:am1.2, NA:ea1, PA:am1	am1.1:22-009287-001:PB2, am1.1:22-009287-001:PB1, ea1:22-003707-003:NS, ea1:22-003707-003:MP, ea1:22-003707-003:HA, am1.2:22-009287-001:NP, ea1:22-003707-003:NA, am1:22-008890-001:PA	99.52%, 99.69%, 99.40%, 99.80%, 99.00%, 99.67%, 99.43%, 99.21%	11, 7, 5, 2, 17, 5, 8, 17	Ran on FASTA - No Coverage Report	2026-05-29_14-48-51
A/turkey/Valparaiso/245886-5/2023	Not assigned: Only 7 segments >98.0% match found of total 8 segments in input file	PB2:am2.1, PB1:am1.2, NS:am1.1, MP:ea1, NP:am1.4.1, NA:ea1, PA:ea1	am2.1:22-009329-001:PB2, am1.2:22-010085-001:PB1, am1.1:22-010085-001:NS, ea1:22-003707-003:MP, ea1:EPI-ISL-20215425:HA, am1.4.1:22-009329-001:NP, ea1:22-003707-003:NA, ea1:22-003707-003:PA	99.17%, 99.30%, 99.40%, 99.29%, 97.86%, 98.93%, 99.36%, 99.44%	19, 16, 5, 7, 38, 16, 9, 12	Ran on FASTA - No Coverage Report	2026-05-29_14-48-51
A/chicken/Utah/22-011468-002/2022	B2.1	PB2:am1.2, PB1:ea1, NS:ea1, MP:ea1, HA:ea1, NP:am1.1, NA:ea1, PA:ea1	am1.2:22-007805-001:PB2, ea1:22-003707-003:PB1, ea1:22-003707-003:NS, ea1:22-003707-003:MP, ea1:22-003707-003:HA, am1.1:22-007805-001:NP, ea1:22-003707-003:NA, ea1:22-003707-003:PA	99.83%, 99.91%, 99.64%, 99.90%, 99.88%, 99.93%, 99.86%, 99.86%	4, 2, 3, 1, 2, 1, 2, 3	Ran on FASTA - No Coverage Report	2026-05-29_14-48-51
A/goose/Washington/22-022010-002-original/2022	B4.1	PB2:am2.2, PB1:ea1, NS:ea1, MP:ea1, HA:ea1, NP:am1.3, NA:ea1, PA:ea1	am2.2:22-010445-001:PB2, ea1:22-003707-003:PB1, ea1:22-003707-003:NS, ea1:22-003707-003:MP, ea1:22-003707-003:HA, am1.3:22-010445-001:NP, ea1:22-003707-003:NA, ea1:22-003707-003:PA	99.78%, 99.74%, 99.76%, 100.00%, 99.65%, 99.93%, 99.57%, 99.86%	5, 6, 2, 0, 6, 1, 6, 3	Ran on FASTA - No Coverage Report	2026-05-29_14-48-51
A/Thalasseus_acuflavidus/Parana/2277-N/2023	Not assigned: Only 7 segments >98.0% match found of total 8 segments in input file	PB2:am2.1, PB1:am1.2, NS:am1.1, MP:ea1, NP:am1.4.1, NA:ea1, PA:ea1	am2.1:22-009329-001:PB2, am1.2:22-010085-001:PB1, am1.1:22-010085-001:NS, ea1:22-003707-003:MP, ea1:EPI-ISL-20215425:HA, am1.4.1:22-009329-001:NP, ea1:22-003707-003:NA, ea1:22-003707-003:PA	99.21%, 98.94%, 98.93%, 99.29%, 97.58%, 98.93%, 99.22%, 99.40%	18, 24, 9, 7, 43, 16, 11, 13	Ran on FASTA - No Coverage Report	2026-05-29_14-48-51
A/Nasua_nasua/Uruguay/145M1/2023	B3.2	PB2:am2.1, PB1:am1.2, NS:am1.1, MP:ea1, HA:ea1, NP:am1.4.1, NA:ea1, PA:ea1	am2.1:22-009329-001:PB2, am1.2:22-010085-001:PB1, am1.1:22-010085-001:NS, ea1:22-003707-003:MP, ea1:22-003707-003:HA, am1.4.1:22-009329-001:NP, ea1:22-003707-003:NA, ea1:22-003707-003:PA	99.25%, 99.16%, 99.28%, 99.39%, 99.12%, 99.00%, 99.15%, 99.53%	17, 19, 6, 6, 15, 15, 12, 10	Ran on FASTA - No Coverage Report	2026-05-29_14-48-51
A/canada_goose/Oregon/22-021070-001/2022	B4.1	PB2:am2.2, PB1:ea1, NS:ea1, MP:ea1, HA:ea1, NP:am1.3, NA:ea1, PA:ea1	am2.2:22-010445-001:PB2, ea1:22-003707-003:PB1, ea1:22-003707-003:NS, ea1:22-003707-003:MP, ea1:22-003707-003:HA, am1.3:22-010445-001:NP, ea1:22-003707-003:NA, ea1:22-003707-003:PA	99.78%, 99.74%, 99.28%, 99.80%, 99.77%, 99.67%, 99.50%, 99.77%	5, 6, 6, 2, 4, 5, 7, 5	Ran on FASTA - No Coverage Report	2026-05-29_14-48-51
A/chicken/Araucania/239569-1/2023	B3.2	PB2:am2.1, PB1:am1.2, NS:am1.1, MP:ea1, HA:ea1, NP:am1.4.1, NA:ea1, PA:ea1	am2.1:22-009329-001:PB2, am1.2:22-010085-001:PB1, am1.1:22-010085-001:NS, ea1:22-003707-003:MP, ea1:22-003707-003:HA, am1.4.1:22-009329-001:NP, ea1:22-003707-003:NA, ea1:22-003707-003:PA	99.39%, 99.21%, 99.52%, 99.39%, 99.00%, 99.13%, 99.01%, 99.63%	14, 18, 4, 6, 17, 13, 14, 8	Ran on FASTA - No Coverage Report	2026-05-29_14-48-51
A/mallard/Alaska/22-018767-001/2022	B3.1	PB2:am2.1, PB1:ea1, NS:ea1, MP:ea1, HA:ea1, NP:am1.4.1, NA:ea1, PA:ea1	am2.1:22-009329-001:PB2, ea1:22-003707-003:PB1, ea1:22-003707-003:NS, ea1:22-003707-003:MP, ea1:22-003707-003:HA, am1.4.1:22-009329-001:NP, ea1:22-003707-003:NA, ea1:22-003707-003:PA	99.65%, 99.82%, 99.88%, 99.90%, 99.71%, 99.80%, 99.72%, 99.77%	8, 4, 1, 1, 5, 3, 4, 5	Ran on FASTA - No Coverage Report	2026-05-29_14-48-52
A/Chicken/Argentina/1530-3/2023	B3.2	PB2:am2.1, PB1:am1.2, NS:am1.1, MP:ea1, HA:ea1, NP:am1.4.1, NA:ea1, PA:ea1	am2.1:22-009329-001:PB2, am1.2:22-010085-001:PB1, am1.1:22-010085-001:NS, ea1:22-003707-003:MP, ea1:22-003707-003:HA, am1.4.1:22-009329-001:NP, ea1:22-003707-003:NA, ea1:22-003707-003:PA	99.25%, 99.21%, 99.17%, 99.29%, 99.18%, 98.80%, 99.15%, 99.44%	17, 18, 7, 7, 14, 18, 12, 12	Ran on FASTA - No Coverage Report	2026-05-29_14-48-52
A/Chicken/Argentina/1976-2/2023	B3.2	PB2:am2.1, PB1:am1.2, NS:am1.1, MP:ea1, HA:ea1, NP:am1.4.1, NA:ea1, PA:ea1	am2.1:22-009329-001:PB2, am1.2:22-010085-001:PB1, am1.1:22-010085-001:NS, ea1:22-003707-003:MP, ea1:22-003707-003:HA, am1.4.1:22-009329-001:NP, ea1:22-003707-003:NA, ea1:22-003707-003:PA	99.25%, 99.08%, 99.40%, 99.19%, 99.24%, 99.06%, 99.08%, 99.44%	17, 21, 5, 8, 13, 14, 13, 12	Ran on FASTA - No Coverage Report	2026-05-29_14-48-52
A/Chicken/Argentina/21810-5/2025	Not assigned: Only 2 segments >98.0% match found of total 8 segments in input file	MP:ea1, HA:ea1	am23:24-010726-001:PB2, am2:22-031266-001:PB1, am1.3:22-008760-007:NS, ea1:22-003707-003:MP, ea1:22-003707-003:HA, am1.1:22-007805-001:NP, ea1:22-003707-003:NA, ea1b:23-002693-004:PA	83.03%, 89.06%, 91.29%, 98.68%, 98.06%, 98.00%, 97.80%, 85.87%	385, 247, 73, 13, 33, 30, 31, 304	Ran on FASTA - No Coverage Report	2026-05-29_14-48-52
A/chicken/Idaho/22-015410-001/2022	B3.1	PB2:am2.1, PB1:ea1, NS:ea1, MP:ea1, HA:ea1, NP:am1.4.1, NA:ea1, PA:ea1	am2.1:22-009329-001:PB2, ea1:22-003707-003:PB1, ea1:22-003707-003:NS, ea1:22-003707-003:MP, ea1:22-003707-003:HA, am1.4.1:22-009329-001:NP, ea1:22-003707-003:NA, ea1:22-003707-003:PA	99.83%, 99.78%, 99.52%, 99.90%, 99.47%, 100.00%, 99.72%, 99.81%	4, 5, 4, 1, 9, 0, 4, 4	Ran on FASTA - No Coverage Report	2026-05-29_14-48-52
A/herring_gull/MA/22HP00137/2022	A2	PB2:ea1, PB1:ea2, NS:ea1, MP:ea1, HA:ea2, NP:ea1, NA:ea2, PA:ea1	ea1:22-003707-003:PB2, ea2:22-036180-006:PB1, ea1:22-003707-003:NS, ea1:22-003707-003:MP, ea2:22-008064-001:HA, ea1:22-003707-003:NP, ea2:22-008064-001:NA, ea1:22-003707-003:PA	99.61%, 99.87%, 99.64%, 99.80%, 99.88%, 99.53%, 99.72%, 99.86%	9, 3, 3, 2, 2, 7, 4, 3	Ran on FASTA - No Coverage Report	2026-05-29_14-48-52
A/black_vulture/New_Jersey/22-016599-001/2022	B1.1	PB2:am1.1, PB1:am1.1, NS:ea1, MP:ea1, HA:ea1, NP:am1.2, NA:ea1, PA:ea1	am1.1:22-009287-001:PB2, am1.1:22-009287-001:PB1, ea1:22-003707-003:NS, ea1:22-003707-003:MP, ea1:22-003707-003:HA, am1.2:22-009287-001:NP, ea1:22-003707-003:NA, ea1:22-003707-003:PA	99.78%, 99.74%, 99.76%, 99.90%, 99.65%, 99.87%, 99.86%, 99.86%	5, 6, 2, 1, 6, 2, 2, 3	Ran on FASTA - No Coverage Report	2026-05-29_14-48-52
A/Avian/Argentina/586-4/2023	B3.2	PB2:am2.1, PB1:am1.2, NS:am1.1, MP:ea1, HA:ea1, NP:am1.4.1, NA:ea1, PA:ea1	am2.1:22-009329-001:PB2, am1.2:22-010085-001:PB1, am1.1:22-010085-001:NS, ea1:22-003707-003:MP, ea1:22-003707-003:HA, am1.4.1:22-009329-001:NP, ea1:22-003707-003:NA, ea1:22-003707-003:PA	99.43%, 99.12%, 99.40%, 99.39%, 99.24%, 99.27%, 99.36%, 99.63%	13, 20, 5, 6, 13, 11, 9, 8	Ran on FASTA - No Coverage Report	2026-05-29_14-48-52
A/peregrine_falcon/MA/22MM00802/2022	A2	PB2:ea1, PB1:ea2, NS:ea1, MP:ea1, HA:ea2, NP:ea1, NA:ea2, PA:ea1	ea1:22-003707-003:PB2, ea2:22-036180-006:PB1, ea1:22-003707-003:NS, ea1:22-003707-003:MP, ea2:22-008064-001:HA, ea1:22-003707-003:NP, ea2:22-008064-001:NA, ea1:22-003707-003:PA	99.47%, 99.96%, 99.52%, 99.80%, 99.71%, 99.47%, 99.64%, 99.63%	12, 1, 4, 2, 5, 8, 5, 8	Ran on FASTA - No Coverage Report	2026-05-29_14-48-52
A/black_vulture/Georgia/W23-823/2022	B1.1	PB2:am1.1, PB1:am1.1, NS:ea1, MP:ea1, HA:ea1, NP:am1.2, NA:ea1, PA:ea1	am1.1:22-009287-001:PB2, am1.1:22-009287-001:PB1, ea1:22-003707-003:NS, ea1:22-003707-003:MP, ea1:22-003707-003:HA, am1.2:22-009287-001:NP, ea1:22-003707-003:NA, ea1:22-003707-003:PA	99.39%, 99.38%, 99.40%, 99.39%, 99.59%, 99.60%, 99.43%, 99.53%	14, 14, 5, 6, 7, 6, 8, 10	Ran on FASTA - No Coverage Report	2026-05-29_14-48-53
A/snowy_owl/Massachusetts/22-016611-003/2022	A1	PB2:ea1, PB1:ea1, NS:ea1, MP:ea1, HA:ea1, NP:ea1, NA:ea1, PA:ea1	ea1:22-003707-003:PB2, ea1:22-003707-003:PB1, ea1:22-003707-003:NS, ea1:22-003707-003:MP, ea1:22-003707-003:HA, ea1:22-003707-003:NP, ea1:22-003707-003:NA, ea1:22-003707-003:PA	99.74%, 99.78%, 99.76%, 99.90%, 99.65%, 99.87%, 99.86%, 99.77%	6, 5, 2, 1, 6, 2, 2, 5	Ran on FASTA - No Coverage Report	2026-05-29_14-48-53
A/Gallus_gallus/SantoAntoniodaBarraBR/1611-N3/2025	Not assigned: Only 5 segments >98.0% match found of total 8 segments in input file	NS:am1.1, MP:ea1, HA:ea1, NA:ea1, PA:ea1	am2.1:22-009329-001:PB2, am1.2:22-010085-001:PB1, am1.1:22-010085-001:NS, ea1:22-003707-003:MP, ea1:24-009110-019:HA, am5:23-013078-002:NP, ea1:24-009110-019:NA, ea1:22-003707-003:PA	95.79%, 97.89%, 98.69%, 98.17%, 98.30%, 92.58%, 98.86%, 99.12%	96, 48, 11, 18, 29, 111, 16, 19	Ran on FASTA - No Coverage Report	2026-05-29_14-48-53
A/chicken/Chile/248751-6/2023	Not assigned: Only 7 segments >98.0% match found of total 8 segments in input file	PB2:am2.1, PB1:am1.2, NS:am1.1, MP:ea1, NP:am1.4.1, NA:ea1, PA:ea1	am2.1:22-009329-001:PB2, am1.2:22-010085-001:PB1, am1.1:22-010085-001:NS, ea1:22-003707-003:MP, ea1:EPI-ISL-20215425:HA, am1.4.1:22-009329-001:NP, ea1:22-003707-003:NA, ea1:22-003707-003:PA	99.34%, 99.21%, 99.17%, 99.29%, 97.58%, 99.00%, 99.36%, 99.72%	15, 18, 7, 7, 43, 15, 9, 6	Ran on FASTA - No Coverage Report	2026-05-29_14-48-53
A/common_tern/ME/COTE_20220614_2/2022	A2	PB2:ea1, PB1:ea2, NS:ea1, MP:ea1, HA:ea2, NP:ea1, NA:ea2, PA:ea1	ea1:22-003707-003:PB2, ea2:22-022528-003:PB1, ea1:22-003707-003:NS, ea1:22-003707-003:MP, ea2:23-030074-013:HA, ea1:22-003707-003:NP, ea2:22-022528-003:NA, ea1:22-003707-003:PA	99.56%, 99.82%, 99.40%, 99.90%, 99.35%, 99.53%, 99.93%, 99.72%	10, 4, 5, 1, 11, 7, 1, 6	Ran on FASTA - No Coverage Report	2026-05-29_14-48-53
A/Gadwall/North_Carolina/USDA-001672-002/2022	A1	PB2:ea1, PB1:ea1, NS:ea1, MP:ea1, HA:ea1, NP:ea1, NA:ea1, PA:ea1	ea1:22-003707-003:PB2, ea1:22-003707-003:PB1, ea1:22-003707-003:NS, ea1:22-003707-003:MP, ea1:22-003707-003:HA, ea1:22-003707-003:NP, ea1:22-003707-003:NA, ea1:22-003707-003:PA	99.83%, 99.96%, 99.88%, 99.90%, 99.82%, 99.93%, 99.93%, 99.95%	4, 1, 1, 1, 3, 1, 1, 1	Ran on FASTA - No Coverage Report	2026-05-29_14-48-53
A/Sula_leucogaster/Brazil-PR/A0001-IBTEC/2023	Not assigned: Only 7 segments >98.0% match found of total 8 segments in input file	PB2:am2.1, PB1:am1.2, NS:am1.1, MP:ea1, NP:am1.4.1, NA:ea1, PA:ea1	am2.1:22-009329-001:PB2, am1.2:22-010085-001:PB1, am1.1:22-010085-001:NS, ea1:22-003707-003:MP, ea1:EPI-ISL-20215425:HA, am1.4.1:22-009329-001:NP, ea1:22-003707-003:NA, ea1:22-003707-003:PA	99.21%, 98.94%, 99.17%, 99.29%, 97.86%, 98.93%, 99.22%, 98.65%	18, 24, 7, 7, 38, 16, 11, 29	Ran on FASTA - No Coverage Report	2026-05-29_14-48-53
A/American_blue-winged_teal/South_Carolina/AH0195150/2021	A1	PB2:ea1, PB1:ea1, NS:ea1, MP:ea1, HA:ea1, NP:ea1, NA:ea1, PA:ea1	ea1:22-003707-003:PB2, ea1:22-003707-003:PB1, ea1:22-003707-003:NS, ea1:22-003707-003:MP, ea1:22-003707-003:HA, ea1:22-003707-003:NP, ea1:22-003707-003:NA, ea1:22-003707-003:PA	99.91%, 99.91%, 99.88%, 100.00%, 99.59%, 99.93%, 99.86%, 99.95%	2, 2, 1, 0, 7, 1, 2, 1	Ran on FASTA - No Coverage Report	2026-05-29_14-48-53
A/Bald_Eagle/Florida/USDA-007915-009/2022	B1.1	PB2:am1.1, PB1:am1.1, NS:ea1, MP:ea1, HA:ea1, NP:am1.2, NA:ea1, PA:ea1	am1.1:22-009287-001:PB2, am1.1:22-009287-001:PB1, ea1:22-003707-003:NS, ea1:22-003707-003:MP, ea1:22-003707-003:HA, am1.2:22-009287-001:NP, ea1:22-003707-003:NA, ea1:22-003707-003:PA	99.87%, 99.87%, 99.64%, 99.90%, 99.77%, 99.87%, 99.93%, 99.91%	3, 3, 3, 1, 4, 2, 1, 2	Ran on FASTA - No Coverage Report	2026-05-29_14-48-53
A/Great_Blue_Heron/Florida/USDA-007915-004/2022	B1.2	PB2:am1.1, PB1:am1.1, NS:ea1, MP:ea1, HA:ea1, NP:am1.2, NA:ea1, PA:am1	am1.1:22-009287-001:PB2, am1.1:22-009287-001:PB1, ea1:22-003707-003:NS, ea1:22-003707-003:MP, ea1:22-003707-003:HA, am1.2:22-009287-001:NP, ea1:22-003707-003:NA, am1:22-008890-001:PA	99.69%, 99.78%, 99.88%, 100.00%, 99.59%, 99.80%, 99.79%, 99.81%	7, 5, 1, 0, 7, 3, 3, 4	Ran on FASTA - No Coverage Report	2026-05-29_14-48-53
A/black_vulture/Florida/22-021007-002/2022	B1.1	PB2:am1.1, PB1:am1.1, NS:ea1, MP:ea1, HA:ea1, NP:am1.2, NA:ea1, PA:ea1	am1.1:22-009287-001:PB2, am1.1:22-009287-001:PB1, ea1:22-003707-003:NS, ea1:22-003707-003:MP, ea1:22-003707-003:HA, am1.2:22-009287-001:NP, ea1:22-003707-003:NA, ea1:22-003707-003:PA	99.65%, 99.82%, 99.88%, 99.80%, 99.59%, 99.73%, 99.57%, 99.44%	8, 4, 1, 2, 7, 4, 6, 12	Ran on FASTA - No Coverage Report	2026-05-29_14-48-53
A/duck/Indiana/22-017489-004-original/2022	B2.1	PB2:am1.2, PB1:ea1, NS:ea1, MP:ea1, HA:ea1, NP:am1.1, NA:ea1, PA:ea1	am1.2:22-007805-001:PB2, ea1:22-003707-003:PB1, ea1:22-003707-003:NS, ea1:22-003707-003:MP, ea1:22-003707-003:HA, am1.1:22-007805-001:NP, ea1:22-003707-003:NA, ea1:22-003707-003:PA	99.87%, 99.78%, 99.88%, 99.90%, 99.94%, 99.87%, 99.86%, 99.86%	3, 5, 1, 1, 1, 2, 2, 3	Ran on FASTA - No Coverage Report	2026-05-29_14-48-54
A/peregrine_falcon/Massachusetts/22-020416-004/2022	A2	PB2:ea1, PB1:ea2, NS:ea1, MP:ea1, HA:ea2, NP:ea1, NA:ea2, PA:ea1	ea1:22-003707-003:PB2, ea2:22-036180-006:PB1, ea1:22-003707-003:NS, ea1:22-003707-003:MP, ea2:22-008064-001:HA, ea1:22-003707-003:NP, ea2:22-008064-001:NA, ea1:22-003707-003:PA	99.61%, 99.96%, 99.52%, 99.80%, 99.71%, 99.47%, 99.72%, 99.67%	9, 1, 4, 2, 5, 8, 4, 7	Ran on FASTA - No Coverage Report	2026-05-29_14-48-54
A/bald_eagle/Montana/22-021498-001/2022	B2.1	PB2:am1.2, PB1:ea1, NS:ea1, MP:ea1, HA:ea1, NP:am1.1, NA:ea1, PA:ea1	am1.2:22-007805-001:PB2, ea1:22-003707-003:PB1, ea1:22-003707-003:NS, ea1:22-003707-003:MP, ea1:22-003707-003:HA, am1.1:22-007805-001:NP, ea1:22-003707-003:NA, ea1:22-003707-003:PA	99.78%, 99.65%, 99.52%, 99.90%, 99.71%, 99.80%, 99.64%, 99.67%	5, 8, 4, 1, 5, 3, 5, 7	Ran on FASTA - No Coverage Report	2026-05-29_14-48-54
A/Backyard_bird/Iowa/USDA-006114-001/2022	A1	PB2:ea1, PB1:ea1, NS:ea1, MP:ea1, HA:ea1, NP:ea1, NA:ea1, PA:ea1	ea1:22-003707-003:PB2, ea1:22-003707-003:PB1, ea1:22-003707-003:NS, ea1:22-003707-003:MP, ea1:22-003707-003:HA, ea1:22-003707-003:NP, ea1:22-003707-003:NA, ea1:22-003707-003:PA	99.87%, 99.82%, 99.88%, 99.90%, 99.88%, 100.00%, 99.79%, 99.95%	3, 4, 1, 1, 2, 0, 3, 1	Ran on FASTA - No Coverage Report	2026-05-29_14-48-54
A/chicken/Minnesota/22-015398-001/2022	B3.2	PB2:am2.1, PB1:am1.2, NS:am1.1, MP:ea1, HA:ea1, NP:am1.4.1, NA:ea1, PA:ea1	am2.1:22-009329-001:PB2, am1.2:22-010085-001:PB1, am1.1:22-010085-001:NS, ea1:22-003707-003:MP, ea1:22-003707-003:HA, am1.4.1:22-009329-001:NP, ea1:22-003707-003:NA, ea1:22-003707-003:PA	99.61%, 99.69%, 99.88%, 99.80%, 99.71%, 99.87%, 99.93%, 99.86%	9, 7, 1, 2, 5, 2, 1, 3	Ran on FASTA - No Coverage Report	2026-05-29_14-48-54
A/goose/Utah/22-018176-001/2022	B3.2	PB2:am2.1, PB1:am1.2, NS:am1.1, MP:ea1, HA:ea1, NP:am1.4.1, NA:ea1, PA:ea1	am2.1:22-009329-001:PB2, am1.2:22-010085-001:PB1, am1.1:22-010085-001:NS, ea1:22-003707-003:MP, ea1:22-003707-003:HA, am1.4.1:22-009329-001:NP, ea1:22-003707-003:NA, ea1:22-003707-003:PA	99.65%, 99.52%, 99.76%, 99.80%, 99.82%, 99.73%, 99.72%, 99.77%	8, 11, 2, 2, 3, 4, 4, 5	Ran on FASTA - No Coverage Report	2026-05-29_14-48-54
A/avian/Chile/279618/2023	B3.2	PB2:am2.1, PB1:am1.2, NS:am1.1, MP:ea1, HA:ea1, NP:am1.4.1, NA:ea1, PA:ea1	am2.1:22-009329-001:PB2, am1.2:22-010085-001:PB1, am1.1:22-010085-001:NS, ea1:22-003707-003:MP, ea1:22-003707-003:HA, am1.4.1:22-009329-001:NP, ea1:22-003707-003:NA, ea1:22-003707-003:PA	99.17%, 98.90%, 98.33%, 99.39%, 98.89%, 99.13%, 99.15%, 99.53%	19, 25, 14, 6, 19, 13, 12, 10	Ran on FASTA - No Coverage Report	2026-05-29_14-48-54
A/avian/Chile/284944/2023	Not assigned: Only 7 segments >98.0% match found of total 8 segments in input file	PB2:am2.1, PB1:am1.2, NS:am1.1, MP:ea1, NP:am1.4.1, NA:ea1, PA:ea1	am2.1:22-009329-001:PB2, am1.2:22-010085-001:PB1, am1.1:22-010085-001:NS, ea1:22-003707-003:MP, ea1:EPI-ISL-20215425:HA, am1.4.1:22-009329-001:NP, ea1:22-003707-003:NA, ea1:22-003707-003:PA	99.21%, 98.68%, 98.81%, 99.08%, 97.52%, 98.86%, 99.22%, 99.44%	18, 30, 10, 9, 44, 17, 11, 12	Ran on FASTA - No Coverage Report	2026-05-29_14-48-54
A/Parrot/Michigan/USDA-010848-002/2022	A1	PB2:ea1, PB1:ea1, NS:ea1, MP:ea1, HA:ea1, NP:ea1, NA:ea1, PA:ea1	ea1:22-003707-003:PB2, ea1:22-003707-003:PB1, ea1:22-003707-003:NS, ea1:22-003707-003:MP, ea1:22-003707-003:HA, ea1:22-003707-003:NP, ea1:22-003707-003:NA, ea1:22-003707-003:PA	99.96%, 99.78%, 99.76%, 100.00%, 99.77%, 99.73%, 99.79%, 99.91%	1, 5, 2, 0, 4, 4, 3, 2	Ran on FASTA - No Coverage Report	2026-05-29_14-48-54
A/Turkey/Argentina/753-1/2023	B3.2	PB2:am2.1, PB1:am1.2, NS:am1.1, MP:ea1, HA:ea1, NP:am1.4.1, NA:ea1, PA:ea1	am2.1:22-009329-001:PB2, am1.2:22-010085-001:PB1, am1.1:22-010085-001:NS, ea1:22-003707-003:MP, ea1:22-003707-003:HA, am1.4.1:22-009329-001:NP, ea1:22-003707-003:NA, ea1:22-003707-003:PA	99.34%, 99.12%, 99.28%, 99.39%, 99.24%, 99.06%, 99.15%, 99.63%	15, 20, 6, 6, 13, 14, 12, 8	Ran on FASTA - No Coverage Report	2026-05-29_14-48-55
A/red_tailed_hawk/Washington/22-019255-002/2022	B4.1	PB2:am2.2, PB1:ea1, NS:ea1, MP:ea1, HA:ea1, NP:am1.3, NA:ea1, PA:ea1	am2.2:22-010445-001:PB2, ea1:22-003707-003:PB1, ea1:22-003707-003:NS, ea1:22-003707-003:MP, ea1:22-003707-003:HA, am1.3:22-010445-001:NP, ea1:22-003707-003:NA, ea1:22-003707-003:PA	99.74%, 99.78%, 99.76%, 100.00%, 99.53%, 100.00%, 99.72%, 99.91%	6, 5, 2, 0, 8, 0, 4, 2	Ran on FASTA - No Coverage Report	2026-05-29_14-48-55
A/Thalasseus_maximus/Parana/1775-N/2023	B3.2	PB2:am2.1, PB1:am1.2, NS:am1.1, MP:ea1, HA:ea1, NP:am1.4.1, NA:ea1, PA:ea1	am2.1:22-009329-001:PB2, am1.2:22-010085-001:PB1, am1.1:22-010085-001:NS, ea1:22-003707-003:MP, ea1:22-003707-003:HA, am1.4.1:22-009329-001:NP, ea1:22-003707-003:NA, ea1:22-003707-003:PA	99.34%, 98.99%, 99.17%, 99.29%, 99.06%, 99.00%, 99.29%, 99.26%	15, 23, 7, 7, 16, 15, 10, 16	Ran on FASTA - No Coverage Report	2026-05-29_14-48-55
A/bald_eagle/Alaska/22-035250-002/2022	A3	PB2:ea3, PB1:ea3, NS:ea3, MP:ea3, HA:ea3, NP:ea3, NA:ea3, PA:ea3	ea3:22-013001-001:PB2, ea3:22-013001-001:PB1, ea3:22-013001-001:NS, ea3:22-013001-001:MP, ea3:22-013001-001:HA, ea3:22-013001-001:NP, ea3:22-013001-001:NA, ea3:22-013001-001:PA	99.78%, 99.82%, 99.52%, 99.80%, 99.77%, 99.87%, 99.79%, 99.67%	5, 4, 4, 2, 4, 2, 3, 7	Ran on FASTA - No Coverage Report	2026-05-29_14-48-55
A/chicken/Washington/22-019264-001-original/2022	B2.1	PB2:am1.2, PB1:ea1, NS:ea1, MP:ea1, HA:ea1, NP:am1.1, NA:ea1, PA:ea1	am1.2:22-007805-001:PB2, ea1:22-003707-003:PB1, ea1:22-003707-003:NS, ea1:22-003707-003:MP, ea1:22-003707-003:HA, am1.1:22-007805-001:NP, ea1:22-003707-003:NA, ea1:22-003707-003:PA	99.69%, 99.74%, 99.88%, 100.00%, 99.71%, 100.00%, 99.43%, 99.72%	7, 6, 1, 0, 5, 0, 8, 6	Ran on FASTA - No Coverage Report	2026-05-29_14-48-55
A/canada_goose/Wyoming/22-041262-001/2022	B3.2	PB2:am2.1, PB1:am1.2, NS:am1.1, MP:ea1, HA:ea1, NP:am1.4.1, NA:ea1, PA:ea1	am2.1:22-009329-001:PB2, am1.2:22-010085-001:PB1, am1.1:22-010085-001:NS, ea1:22-003707-003:MP, ea1:22-003707-003:HA, am1.4.1:22-009329-001:NP, ea1:22-003707-003:NA, ea1:22-003707-003:PA	99.56%, 99.25%, 99.17%, 99.49%, 99.24%, 99.67%, 99.22%, 99.77%	10, 17, 7, 5, 13, 5, 11, 5	Ran on FASTA - No Coverage Report	2026-05-29_14-48-55
A/turkey/Minnesota/22-011792-001/2022	B3.2	PB2:am2.1, PB1:am1.2, NS:am1.1, MP:ea1, HA:ea1, NP:am1.4.1, NA:ea1, PA:ea1	am2.1:22-009329-001:PB2, am1.2:22-010085-001:PB1, am1.1:22-010085-001:NS, ea1:22-003707-003:MP, ea1:22-003707-003:HA, am1.4.1:22-009329-001:NP, ea1:22-003707-003:NA, ea1:22-003707-003:PA	99.78%, 100.00%, 100.00%, 99.80%, 99.77%, 99.93%, 99.79%, 99.72%	5, 0, 0, 2, 4, 1, 3, 6	Ran on FASTA - No Coverage Report	2026-05-29_14-48-55
A/common_eider/MA/22MM00763/2022	A2	PB2:ea1, PB1:ea2, NS:ea1, MP:ea1, HA:ea2, NP:ea1, NA:ea2, PA:ea1	ea1:22-003707-003:PB2, ea2:22-036180-006:PB1, ea1:22-003707-003:NS, ea1:22-003707-003:MP, ea2:22-008064-001:HA, ea1:22-003707-003:NP, ea2:22-008064-001:NA, ea1:22-003707-003:PA	99.56%, 99.82%, 99.40%, 99.80%, 99.71%, 99.47%, 99.72%, 99.67%	10, 4, 5, 2, 5, 8, 4, 7	Ran on FASTA - No Coverage Report	2026-05-29_14-48-55
A/Green-winged_Teal/North_Carolina/USDA-004007-005/2022	A1	PB2:ea1, PB1:ea1, NS:ea1, MP:ea1, HA:ea1, NP:ea1, NA:ea1, PA:ea1	ea1:22-003707-003:PB2, ea1:22-003707-003:PB1, ea1:22-003707-003:NS, ea1:22-003707-003:MP, ea1:22-003707-003:HA, ea1:22-003707-003:NP, ea1:22-003707-003:NA, ea1:22-003707-003:PA	99.78%, 99.91%, 99.88%, 100.00%, 99.71%, 99.87%, 99.79%, 99.77%	5, 2, 1, 0, 5, 2, 3, 5	Ran on FASTA - No Coverage Report	2026-05-29_14-48-55
A/domestic_goose/Washington/22-014023-001/2022	B4.1	PB2:am2.2, PB1:ea1, NS:ea1, MP:ea1, HA:ea1, NP:am1.3, NA:ea1, PA:ea1	am2.2:22-010445-001:PB2, ea1:22-003707-003:PB1, ea1:22-003707-003:NS, ea1:22-003707-003:MP, ea1:22-003707-003:HA, am1.3:22-010445-001:NP, ea1:22-003707-003:NA, ea1:22-003707-003:PA	99.83%, 99.87%, 99.52%, 100.00%, 99.71%, 99.93%, 99.72%, 99.86%	4, 3, 4, 0, 5, 1, 4, 3	Ran on FASTA - No Coverage Report	2026-05-29_14-48-55
A/Inca_tern/Coquimbo/239619/2023	B3.2	PB2:am2.1, PB1:am1.2, NS:am1.1, MP:ea1, HA:ea1, NP:am1.4.1, NA:ea1, PA:ea1	am2.1:22-009329-001:PB2, am1.2:22-010085-001:PB1, am1.1:22-010085-001:NS, ea1:22-003707-003:MP, ea1:22-003707-003:HA, am1.4.1:22-009329-001:NP, ea1:22-003707-003:NA, ea1:22-003707-003:PA	99.47%, 99.34%, 99.17%, 99.39%, 99.12%, 99.20%, 99.36%, 99.58%	12, 15, 7, 6, 15, 12, 9, 9	Ran on FASTA - No Coverage Report	2026-05-29_14-48-56
A/avian/Chile/273341/2023	Not assigned: Only 7 segments >98.0% match found of total 8 segments in input file	PB2:am2.1, PB1:am1.2, NS:am1.1, MP:ea1, NP:am1.4.1, NA:ea1, PA:ea1	am2.1:22-009329-001:PB2, am1.2:22-010085-001:PB1, am1.1:22-010085-001:NS, ea1:22-003707-003:MP, ea1:EPI-ISL-20215425:HA, am1.4.1:22-009329-001:NP, ea1:22-003707-003:NA, ea1:22-003707-003:PA	99.21%, 99.03%, 98.57%, 99.29%, 97.75%, 99.00%, 99.01%, 99.35%	18, 22, 12, 7, 40, 15, 14, 14	Ran on FASTA - No Coverage Report	2026-05-29_14-48-56
A/Sula_leucogaster/Sao_Francisco_do_Sul/2122-N/2023	B3.2	PB2:am2.1, PB1:am1.2, NS:am1.1, MP:ea1, HA:ea1, NP:am1.4.1, NA:ea1, PA:ea1	am2.1:22-009329-001:PB2, am1.2:22-010085-001:PB1, am1.1:22-010085-001:NS, ea1:22-003707-003:MP, ea1:22-003707-003:HA, am1.4.1:22-009329-001:NP, ea1:22-003707-003:NA, ea1:22-003707-003:PA	99.47%, 98.99%, 99.00%, 99.39%, 98.94%, 98.80%, 99.29%, 99.38%	12, 23, 8, 6, 18, 18, 10, 13	Ran on FASTA - No Coverage Report	2026-05-29_14-48-56
A/Chicken/Argentina/485-6/2023	B3.2	PB2:am2.1, PB1:am1.2, NS:am1.1, MP:ea1, HA:ea1, NP:am1.4.1, NA:ea1, PA:ea1	am2.1:22-009329-001:PB2, am1.2:22-010085-001:PB1, am1.1:22-010085-001:NS, ea1:22-003707-003:MP, ea1:22-003707-003:HA, am1.4.1:22-009329-001:NP, ea1:22-003707-003:NA, ea1:22-003707-003:PA	99.39%, 99.21%, 99.52%, 99.49%, 99.06%, 99.20%, 99.29%, 99.72%	14, 18, 4, 5, 16, 12, 10, 6	Ran on FASTA - No Coverage Report	2026-05-29_14-48-56
A/canada_goose/Kentucky/22-038743-001/2022	B1.3	PB2:am1.3, PB1:am1.3, NS:ea1, MP:ea1, HA:ea1, NP:am1.2, NA:ea1, PA:am1.2	am1.3:23-003733-001:PB2, am1.3:23-003733-001:PB1, ea1:22-003707-003:NS, ea1:22-003707-003:MP, ea1:22-003707-003:HA, am1.2:22-009287-001:NP, ea1:22-003707-003:NA, am1.2:23-003733-001:PA	99.56%, 99.56%, 99.52%, 99.49%, 99.53%, 99.53%, 99.36%, 99.26%	10, 10, 4, 5, 8, 7, 9, 16	Ran on FASTA - No Coverage Report	2026-05-29_14-48-56
A/Dendrocygna_viduata/BrasiliaBR/1480-N1/2025	Not assigned: Only 5 segments >98.0% match found of total 8 segments in input file	NS:am1.1, MP:ea1, HA:ea1, NA:ea1, PA:ea1	am7:22-035442-001:PB2, am12:23-004320-002:PB1, am1.1:22-010085-001:NS, ea1:22-003707-003:MP, ea1:24-009110-019:HA, am5:23-013078-002:NP, ea1:24-009110-019:NA, ea1:22-003707-003:PA	90.31%, 96.09%, 98.57%, 98.27%, 98.71%, 92.72%, 99.08%, 98.98%	219, 89, 12, 17, 22, 109, 13, 22	Ran on FASTA - No Coverage Report	2026-05-29_14-48-56
A/great_horned_owl/Minnesota/22-015458-001/2022	B3.2	PB2:am2.1, PB1:am1.2, NS:am1.1, MP:ea1, HA:ea1, NP:am1.4.1, NA:ea1, PA:ea1	am2.1:22-009329-001:PB2, am1.2:22-010085-001:PB1, am1.1:22-010085-001:NS, ea1:22-003707-003:MP, ea1:22-003707-003:HA, am1.4.1:22-009329-001:NP, ea1:22-003707-003:NA, ea1:22-003707-003:PA	99.69%, 99.56%, 99.76%, 99.69%, 99.88%, 99.80%, 99.72%, 99.77%	7, 10, 2, 3, 2, 3, 4, 5	Ran on FASTA - No Coverage Report	2026-05-29_14-48-56
A/avian/Chile/274497/2023	Not assigned: Only 7 segments >98.0% match found of total 8 segments in input file	PB2:am2.1, PB1:am1.2, NS:am1.1, MP:ea1, NP:am1.4.1, NA:ea1, PA:ea1	am2.1:22-009329-001:PB2, am1.2:22-010085-001:PB1, am1.1:22-010085-001:NS, ea1:22-003707-003:MP, ea1:EPI-ISL-20215425:HA, am1.4.1:22-009329-001:NP, ea1:22-003707-003:NA, ea1:22-003707-003:PA	99.17%, 99.03%, 98.69%, 99.29%, 97.75%, 99.00%, 98.94%, 99.30%	19, 22, 11, 7, 40, 15, 15, 15	Ran on FASTA - No Coverage Report	2026-05-29_14-48-56
A/black_vulture/Pennsylvania/22-021282-001/2022	B1.1	PB2:am1.1, PB1:am1.1, NS:ea1, MP:ea1, HA:ea1, NP:am1.2, NA:ea1, PA:ea1	am1.1:22-009287-001:PB2, am1.1:22-009287-001:PB1, ea1:22-003707-003:NS, ea1:22-003707-003:MP, ea1:22-003707-003:HA, am1.2:22-009287-001:NP, ea1:22-003707-003:NA, ea1:22-003707-003:PA	99.61%, 99.74%, 99.64%, 99.80%, 99.65%, 99.67%, 99.79%, 99.81%	9, 6, 3, 2, 6, 5, 3, 4	Ran on FASTA - No Coverage Report	2026-05-29_14-48-56
A/Swan/Chile/246529/2023	Not assigned: Only 7 segments >98.0% match found of total 8 segments in input file	PB2:am2.1, PB1:am1.2, NS:am1.1, MP:ea1, NP:am1.4.1, NA:ea1, PA:ea1	am2.1:22-009329-001:PB2, am1.2:22-010085-001:PB1, am1.1:22-010085-001:NS, ea1:22-003707-003:MP, ea1:EPI-ISL-20215425:HA, am1.4.1:22-009329-001:NP, ea1:22-003707-003:NA, ea1:22-003707-003:PA	99.30%, 99.03%, 99.40%, 99.39%, 97.80%, 99.27%, 99.29%, 99.67%	16, 22, 5, 6, 39, 11, 10, 7	Ran on FASTA - No Coverage Report	2026-05-29_14-48-57
A/chicken/Minnesota/22-014734-001/2022	B2.1	PB2:am1.2, PB1:ea1, NS:ea1, MP:ea1, HA:ea1, NP:am1.1, NA:ea1, PA:ea1	am1.2:22-007805-001:PB2, ea1:22-003707-003:PB1, ea1:22-003707-003:NS, ea1:22-003707-003:MP, ea1:22-003707-003:HA, am1.1:22-007805-001:NP, ea1:22-003707-003:NA, ea1:22-003707-003:PA	99.96%, 99.87%, 99.88%, 100.00%, 99.94%, 99.93%, 99.72%, 99.91%	1, 3, 1, 0, 1, 1, 4, 2	Ran on FASTA - No Coverage Report	2026-05-29_14-48-57
A/Thalasseus_maximus/Sao_Paulo/2339-N/2023	Not assigned: Only 7 segments >98.0% match found of total 8 segments in input file	PB2:am2.1, PB1:am1.2, NS:am1.1, MP:ea1, NP:am1.4.1, NA:ea1, PA:ea1	am2.1:22-009329-001:PB2, am1.2:22-010085-001:PB1, am1.1:22-010085-001:NS, ea1:22-003707-003:MP, ea1:EPI-ISL-20215425:HA, am1.4.1:22-009329-001:NP, ea1:22-003707-003:NA, ea1:22-003707-003:PA	99.12%, 98.81%, 99.17%, 98.88%, 97.52%, 98.86%, 99.01%, 99.26%	20, 27, 7, 11, 44, 17, 14, 16	Ran on FASTA - No Coverage Report	2026-05-29_14-48-57
A/turkey/Minnesota/USDA-013084-001/2022	B3.1	PB2:am2.1, PB1:ea1, NS:ea1, MP:ea1, HA:ea1, NP:am1.4.1, NA:ea1, PA:ea1	am2.1:22-009329-001:PB2, ea1:22-003707-003:PB1, ea1:22-003707-003:NS, ea1:22-003707-003:MP, ea1:22-003707-003:HA, am1.4.1:22-009329-001:NP, ea1:22-003707-003:NA, ea1:22-003707-003:PA	99.91%, 99.87%, 99.88%, 99.80%, 99.77%, 99.80%, 99.93%, 99.95%	2, 3, 1, 2, 4, 3, 1, 1	Ran on FASTA - No Coverage Report	2026-05-29_14-48-57
A/brown_skua/Antartic/A324C/2025	Not assigned: Only 7 segments >98.0% match found of total 8 segments in input file	PB2:am2.1, PB1:am1.2, NS:am1.1, MP:ea1, NP:am1.4.1, NA:ea1, PA:ea1	am2.1:22-009329-001:PB2, am1.2:22-010085-001:PB1, am1.1:22-010085-001:NS, ea1:22-003707-003:MP, ea1:EPI-ISL-20215425:HA, am1.4.1:22-009329-001:NP, ea1:24-009110-019:NA, ea1:22-003707-003:PA	99.17%, 98.68%, 98.57%, 99.19%, 97.30%, 98.40%, 98.57%, 99.02%	19, 30, 12, 8, 48, 24, 17, 21	Ran on FASTA - No Coverage Report	2026-05-29_14-48-57
A/Swan/Chile/246275/2023	B3.2	PB2:am2.1, PB1:am1.2, NS:am1.1, MP:ea1, HA:ea1, NP:am1.4.1, NA:ea1, PA:ea1	am2.1:22-009329-001:PB2, am1.2:22-010085-001:PB1, am1.1:22-010085-001:NS, ea1:22-003707-003:MP, ea1:22-003707-003:HA, am1.4.1:22-009329-001:NP, ea1:22-003707-003:NA, ea1:22-003707-003:PA	99.39%, 98.46%, 99.40%, 99.19%, 99.24%, 99.13%, 99.29%, 99.67%	14, 35, 5, 8, 13, 13, 10, 7	Ran on FASTA - No Coverage Report	2026-05-29_14-48-57
A/Royal_Tern/Florida/USDA-008226-001/2022	A1	PB2:ea1, PB1:ea1, NS:ea1, MP:ea1, HA:ea1, NP:ea1, NA:ea1, PA:ea1	ea1:22-003707-003:PB2, ea1:22-003707-003:PB1, ea1:22-003707-003:NS, ea1:22-003707-003:MP, ea1:22-003707-003:HA, ea1:22-003707-003:NP, ea1:22-003707-003:NA, ea1:22-003707-003:PA	99.91%, 99.82%, 99.64%, 100.00%, 99.82%, 100.00%, 99.79%, 99.77%	2, 4, 3, 0, 3, 0, 3, 5	Ran on FASTA - No Coverage Report	2026-05-29_14-48-57
A/duck/Peru/LAM-INS-014/2023	B3.2	PB2:am2.1, PB1:am1.2, NS:am1.1, MP:ea1, HA:ea1, NP:am1.4.1, NA:ea1, PA:ea1	am2.1:22-009329-001:PB2, am1.2:22-010085-001:PB1, am1.1:22-010085-001:NS, ea1:22-003707-003:MP, ea1:22-003707-003:HA, am1.4.1:22-009329-001:NP, ea1:22-003707-003:NA, ea1:22-003707-003:PA	99.17%, 98.99%, 99.11%, 98.88%, 98.83%, 99.20%, 98.86%, 99.30%	19, 23, 7, 11, 20, 12, 16, 15	Ran on FASTA - No Coverage Report	2026-05-29_14-48-58
A/eagle/Minnesota/22-018088-001/2022	B2.1	PB2:am1.2, PB1:ea1, NS:ea1, MP:ea1, HA:ea1, NP:am1.1, NA:ea1, PA:ea1	am1.2:22-007805-001:PB2, ea1:22-003707-003:PB1, ea1:22-003707-003:NS, ea1:22-003707-003:MP, ea1:22-003707-003:HA, am1.1:22-007805-001:NP, ea1:22-003707-003:NA, ea1:22-003707-003:PA	99.78%, 99.82%, 99.64%, 99.90%, 99.77%, 99.93%, 99.57%, 99.95%	5, 4, 3, 1, 4, 1, 6, 1	Ran on FASTA - No Coverage Report	2026-05-29_14-48-58
A/turkey/Nuble/241568-1/2023	B3.2	PB2:am2.1, PB1:am1.2, NS:am1.1, MP:ea1, HA:ea1, NP:am1.4.1, NA:ea1, PA:ea1	am2.1:22-009329-001:PB2, am1.2:22-010085-001:PB1, am1.1:22-010085-001:NS, ea1:22-003707-003:MP, ea1:22-003707-003:HA, am1.4.1:22-009329-001:NP, ea1:22-003707-003:NA, ea1:22-003707-003:PA	99.34%, 99.03%, 99.40%, 99.19%, 99.24%, 99.33%, 99.29%, 99.58%	15, 22, 5, 8, 13, 10, 10, 9	Ran on FASTA - No Coverage Report	2026-05-29_14-48-58
A/chicken/Utah/22-020377-001-original/2022	B3.2	PB2:am2.1, PB1:am1.2, NS:am1.1, MP:ea1, HA:ea1, NP:am1.4.1, NA:ea1, PA:ea1	am2.1:22-009329-001:PB2, am1.2:22-010085-001:PB1, am1.1:22-010085-001:NS, ea1:22-003707-003:MP, ea1:22-003707-003:HA, am1.4.1:22-009329-001:NP, ea1:22-003707-003:NA, ea1:22-003707-003:PA	99.61%, 99.56%, 99.52%, 99.69%, 99.82%, 99.67%, 99.86%, 99.81%	9, 10, 4, 3, 3, 5, 2, 4	Ran on FASTA - No Coverage Report	2026-05-29_14-48-58
A/Chicken/Argentina/21822-4/2025	Not assigned: Only 4 segments >98.0% match found of total 8 segments in input file	MP:ea1, HA:ea1, NP:am1.1, NA:ea1	am2.1:22-009329-001:PB2, am2:22-031266-001:PB1, am1.3:22-008760-007:NS, ea1:22-003707-003:MP, ea1:22-003707-003:HA, am1.1:22-007805-001:NP, ea1:22-003707-003:NA, ea1b:23-002693-004:PA	95.31%, 88.75%, 91.53%, 98.47%, 98.18%, 98.06%, 98.16%, 85.91%	107, 254, 71, 15, 31, 29, 26, 303	Ran on FASTA - No Coverage Report	2026-05-29_14-48-58
A/turkey/Utah/22-021497-003-original/2022	B2.2	PB2:am1.2, PB1:ea1, NS:am1.2, MP:ea1, HA:ea1, NP:am1.1, NA:ea1, PA:ea1	am1.2:22-007805-001:PB2, ea1:22-003707-003:PB1, am1.2:22-010668-001:NS, ea1:22-003707-003:MP, ea1:22-003707-003:HA, am1.1:22-007805-001:NP, ea1:22-003707-003:NA, ea1:22-003707-003:PA	99.65%, 99.78%, 99.52%, 99.80%, 99.82%, 99.60%, 99.50%, 99.91%	8, 5, 4, 2, 3, 6, 7, 2	Ran on FASTA - No Coverage Report	2026-05-29_14-48-58
A/chicken/Washington/22-017872-001-original/2022	B4.1	PB2:am2.2, PB1:ea1, NS:ea1, MP:ea1, HA:ea1, NP:am1.3, NA:ea1, PA:ea1	am2.2:22-010445-001:PB2, ea1:22-003707-003:PB1, ea1:22-003707-003:NS, ea1:22-003707-003:MP, ea1:22-003707-003:HA, am1.3:22-010445-001:NP, ea1:22-003707-003:NA, ea1:22-003707-003:PA	99.96%, 99.82%, 99.76%, 99.90%, 99.65%, 99.87%, 99.72%, 99.86%	1, 4, 2, 1, 6, 2, 4, 3	Ran on FASTA - No Coverage Report	2026-05-29_14-48-58
A/Gallus_gallus/SaoPauloBR/2000-N2/2025	Not assigned: Only 5 segments >98.0% match found of total 8 segments in input file	NS:am1.1, MP:ea1, HA:ea1, NA:ea1, PA:ea1	am7:22-035442-001:PB2, am12:23-004320-002:PB1, am1.1:22-010085-001:NS, ea1:22-003707-003:MP, ea1:24-009110-019:HA, am5:23-013078-002:NP, ea1:24-009110-019:NA, ea1:22-003707-003:PA	90.22%, 96.13%, 98.57%, 98.06%, 98.65%, 92.52%, 98.94%, 98.93%	221, 88, 12, 19, 23, 112, 15, 23	Ran on FASTA - No Coverage Report	2026-05-29_14-48-59
A/chicken/Nuble/240684/2023	B3.2	PB2:am2.1, PB1:am1.2, NS:am1.1, MP:ea1, HA:ea1, NP:am1.4.1, NA:ea1, PA:ea1	am2.1:22-009329-001:PB2, am1.2:22-010085-001:PB1, am1.1:22-010085-001:NS, ea1:22-003707-003:MP, ea1:22-003707-003:HA, am1.4.1:22-009329-001:NP, ea1:22-003707-003:NA, ea1:22-003707-003:PA	99.34%, 99.03%, 99.40%, 99.19%, 99.24%, 99.33%, 99.29%, 99.58%	15, 22, 5, 8, 13, 10, 10, 9	Ran on FASTA - No Coverage Report	2026-05-29_14-48-59
A/Vulture/Wyoming/USDA-011672-001/2022	B2.1	PB2:am1.2, PB1:ea1, NS:ea1, MP:ea1, HA:ea1, NP:am1.1, NA:ea1, PA:ea1	am1.2:22-007805-001:PB2, ea1:22-003707-003:PB1, ea1:22-003707-003:NS, ea1:22-003707-003:MP, ea1:22-003707-003:HA, am1.1:22-007805-001:NP, ea1:22-003707-003:NA, ea1:22-003707-003:PA	99.96%, 99.91%, 99.64%, 99.80%, 99.88%, 99.93%, 99.72%, 99.86%	1, 2, 3, 2, 2, 1, 4, 3	Ran on FASTA - No Coverage Report	2026-05-29_14-48-59
A/turkey/North_Carolina/22-010146-002/2022	A1	PB2:ea1, PB1:ea1, NS:ea1, MP:ea1, HA:ea1, NP:ea1, NA:ea1, PA:ea1	ea1:22-003707-003:PB2, ea1:22-003707-003:PB1, ea1:22-003707-003:NS, ea1:22-003707-003:MP, ea1:22-003707-003:HA, ea1:22-003707-003:NP, ea1:22-003707-003:NA, ea1:22-003707-003:PA	99.87%, 99.69%, 99.64%, 100.00%, 99.71%, 99.87%, 99.64%, 99.53%	3, 7, 3, 0, 5, 2, 5, 10	Ran on FASTA - No Coverage Report	2026-05-29_14-48-59
A/pelican/Valparaiso/234040/2023	B3.2	PB2:am2.1, PB1:am1.2, NS:am1.1, MP:ea1, HA:ea1, NP:am1.4.1, NA:ea1, PA:ea1	am2.1:22-009329-001:PB2, am1.2:22-010085-001:PB1, am1.1:22-010085-001:NS, ea1:22-003707-003:MP, ea1:22-003707-003:HA, am1.4.1:22-009329-001:NP, ea1:22-003707-003:NA, ea1:22-003707-003:PA	99.43%, 99.30%, 99.28%, 99.49%, 99.18%, 99.27%, 99.29%, 99.67%	13, 16, 6, 5, 14, 11, 10, 7	Ran on FASTA - No Coverage Report	2026-05-29_14-48-59
A/snowy_owl/MA/22MM00467/2022	A1	PB2:ea1, PB1:ea1, NS:ea1, MP:ea1, HA:ea1, NP:ea1, NA:ea1, PA:ea1	ea1:22-003707-003:PB2, ea1:22-003707-003:PB1, ea1:22-003707-003:NS, ea1:22-003707-003:MP, ea1:22-003707-003:HA, ea1:22-003707-003:NP, ea1:22-003707-003:NA, ea1:22-003707-003:PA	99.74%, 99.78%, 99.76%, 99.90%, 99.65%, 99.87%, 99.86%, 99.77%	6, 5, 2, 1, 6, 2, 2, 5	Ran on FASTA - No Coverage Report	2026-05-29_14-48-59
A/mallard/Tennessee/22-024871-017/2022	A1	PB2:ea1, PB1:ea1, NS:ea1, MP:ea1, HA:ea1, NP:ea1, NA:ea1, PA:ea1	ea1:22-003707-003:PB2, ea1:22-003707-003:PB1, ea1:22-003707-003:NS, ea1:22-003707-003:MP, ea1:22-003707-003:HA, ea1:22-003707-003:NP, ea1:22-003707-003:NA, ea1:22-003707-003:PA	99.74%, 99.87%, 99.88%, 99.90%, 99.77%, 99.93%, 99.79%, 99.81%	6, 3, 1, 1, 4, 1, 3, 4	Ran on FASTA - No Coverage Report	2026-05-29_14-48-59
A/peregrine_falcon/Texas/22-017713-001/2022	A1	PB2:ea1, PB1:ea1, NS:ea1, MP:ea1, HA:ea1, NP:ea1, NA:ea1, PA:ea1	ea1:22-003707-003:PB2, ea1:22-003707-003:PB1, ea1:22-003707-003:NS, ea1:22-003707-003:MP, ea1:22-003707-003:HA, ea1:22-003707-003:NP, ea1:22-003707-003:NA, ea1:22-003707-003:PA	99.83%, 99.91%, 99.88%, 100.00%, 99.82%, 100.00%, 99.79%, 99.95%	4, 2, 1, 0, 3, 0, 3, 1	Ran on FASTA - No Coverage Report	2026-05-29_14-49-00
A/Franklin's_gull/OHiggins/236195-1/2023	Not assigned: Only 7 segments >98.0% match found of total 8 segments in input file	PB2:am2.1, PB1:am1.2, NS:am1.1, MP:ea1, NP:am1.4.1, NA:ea1, PA:ea1	am2.1:22-009329-001:PB2, am1.2:22-010085-001:PB1, am1.1:22-010085-001:NS, ea1:22-003707-003:MP, ea1:EPI-ISL-20215425:HA, am1.4.1:22-009329-001:NP, ea1:22-003707-003:NA, ea1:22-003707-003:PA	99.47%, 99.43%, 99.17%, 99.29%, 97.69%, 99.13%, 99.29%, 99.53%	12, 13, 7, 7, 41, 13, 10, 10	Ran on FASTA - No Coverage Report	2026-05-29_14-49-00
A/pelican/Peru/PIU-013/2022	B3.2	PB2:am2.1, PB1:am1.2, NS:am1.1, MP:ea1, HA:ea1, NP:am1.4.1, NA:ea1, PA:ea1	am2.1:22-009329-001:PB2, am1.2:22-010085-001:PB1, am1.1:22-010085-001:NS, ea1:22-003707-003:MP, ea1:EPI-ISL-20215425:HA, am1.4.1:22-009329-001:NP, ea1:22-003707-003:NA, ea1:22-003707-003:PA	99.61%, 99.47%, 99.17%, 99.28%, 98.18%, 99.20%, 99.36%, 99.67%	9, 12, 7, 7, 16, 12, 9, 7	Ran on FASTA - No Coverage Report	2026-05-29_14-49-00
A/turkey_vulture/Nebraska/22-013651-001/2022	B2.1	PB2:am1.2, PB1:ea1, NS:ea1, MP:ea1, HA:ea1, NP:am1.1, NA:ea1, PA:ea1	am1.2:22-007805-001:PB2, ea1:22-003707-003:PB1, ea1:22-003707-003:NS, ea1:22-003707-003:MP, ea1:22-003707-003:HA, am1.1:22-007805-001:NP, ea1:22-003707-003:NA, ea1:22-003707-003:PA	99.87%, 99.96%, 99.88%, 99.90%, 99.88%, 99.80%, 99.86%, 99.86%	3, 1, 1, 1, 2, 3, 2, 3	Ran on FASTA - No Coverage Report	2026-05-29_14-49-00
A/Chicken/Argentina/21810-1/2025	Not assigned: Only 4 segments >98.0% match found of total 8 segments in input file	MP:ea1, HA:ea1, NP:am1.1, NA:ea1	am23:24-010726-001:PB2, am2:22-031266-001:PB1, am1.3:22-008760-007:NS, ea1:22-003707-003:MP, ea1:22-003707-003:HA, am1.1:22-007805-001:NP, ea1:22-003707-003:NA, ea1b:23-002693-004:PA	83.03%, 89.01%, 91.41%, 98.68%, 98.06%, 98.13%, 98.01%, 85.87%	385, 248, 72, 13, 33, 28, 28, 304	Ran on FASTA - No Coverage Report	2026-05-29_14-49-00
A/Chicken/Argentina/477-5/2023	B3.2	PB2:am2.1, PB1:am1.2, NS:am1.1, MP:ea1, HA:ea1, NP:am1.4.1, NA:ea1, PA:ea1	am2.1:22-009329-001:PB2, am1.2:22-010085-001:PB1, am1.1:22-010085-001:NS, ea1:22-003707-003:MP, ea1:22-003707-003:HA, am1.4.1:22-009329-001:NP, ea1:22-003707-003:NA, ea1:22-003707-003:PA	99.43%, 99.16%, 99.40%, 99.39%, 99.30%, 99.27%, 99.36%, 99.58%	13, 19, 5, 6, 12, 11, 9, 9	Ran on FASTA - No Coverage Report	2026-05-29_14-49-00
A/Chicken/Argentina/2049-3/2023	B3.2	PB2:am2.1, PB1:am1.2, NS:am1.1, MP:ea1, HA:ea1, NP:am1.4.1, NA:ea1, PA:ea1	am2.1:22-009329-001:PB2, am1.2:22-010085-001:PB1, am1.1:22-010085-001:NS, ea1:22-003707-003:MP, ea1:22-003707-003:HA, am1.4.1:22-009329-001:NP, ea1:22-003707-003:NA, ea1:22-003707-003:PA	99.47%, 99.08%, 99.40%, 99.49%, 99.18%, 99.13%, 99.22%, 99.30%	12, 21, 5, 5, 14, 13, 11, 15	Ran on FASTA - No Coverage Report	2026-05-29_14-49-00
A/chicken/North_Carolina/USDA-010929-001/2022	A1	PB2:ea1, PB1:ea1, NS:ea1, MP:ea1, HA:ea1, NP:ea1, NA:ea1, PA:ea1	ea1:22-003707-003:PB2, ea1:22-003707-003:PB1, ea1:22-003707-003:NS, ea1:22-003707-003:MP, ea1:22-003707-003:HA, ea1:22-003707-003:NP, ea1:22-003707-003:NA, ea1:22-003707-003:PA	99.87%, 99.69%, 99.64%, 99.90%, 99.71%, 99.87%, 99.57%, 99.44%	3, 7, 3, 1, 5, 2, 6, 12	Ran on FASTA - No Coverage Report	2026-05-29_14-49-00
A/chicken/Idaho/22-014275-002/2022	B3.2	PB2:am2.1, PB1:am1.2, NS:am1.1, MP:ea1, HA:ea1, NP:am1.4.1, NA:ea1, PA:ea1	am2.1:22-009329-001:PB2, am1.2:22-010085-001:PB1, am1.1:22-010085-001:NS, ea1:22-003707-003:MP, ea1:22-003707-003:HA, am1.4.1:22-009329-001:NP, ea1:22-003707-003:NA, ea1:22-003707-003:PA	99.78%, 99.74%, 99.88%, 99.59%, 99.47%, 99.80%, 99.79%, 99.81%	5, 6, 1, 4, 9, 3, 3, 4	Ran on FASTA - No Coverage Report	2026-05-29_14-49-01
A/Franklin_gull/OHiggins/236195-1/2023	Not assigned: Only 7 segments >98.0% match found of total 8 segments in input file	PB2:am2.1, PB1:am1.2, NS:am1.1, MP:ea1, NP:am1.4.1, NA:ea1, PA:ea1	am2.1:22-009329-001:PB2, am1.2:22-010085-001:PB1, am1.1:22-010085-001:NS, ea1:22-003707-003:MP, ea1:EPI-ISL-20215425:HA, am1.4.1:22-009329-001:NP, ea1:22-003707-003:NA, ea1:22-003707-003:PA	99.47%, 99.43%, 99.17%, 99.29%, 97.69%, 99.13%, 99.29%, 99.53%	12, 13, 7, 7, 41, 13, 10, 10	Ran on FASTA - No Coverage Report	2026-05-29_14-49-01
A/Snow_Goose/North_Dakota/USDA-011566-002/2022	B2.1	PB2:am1.2, PB1:ea1, NS:ea1, MP:ea1, HA:ea1, NP:am1.1, NA:ea1, PA:ea1	am1.2:22-007805-001:PB2, ea1:22-003707-003:PB1, ea1:22-003707-003:NS, ea1:22-003707-003:MP, ea1:22-003707-003:HA, am1.1:22-007805-001:NP, ea1:22-003707-003:NA, ea1:22-003707-003:PA	99.83%, 99.96%, 99.88%, 100.00%, 99.94%, 99.93%, 99.93%, 99.91%	4, 1, 1, 0, 1, 1, 1, 2	Ran on FASTA - No Coverage Report	2026-05-29_14-49-01
A/Backyard_bird/Maine/USDA-008064-002/2022	A2	PB2:ea1, PB1:ea2, NS:ea1, MP:ea1, HA:ea2, NP:ea1, NA:ea2, PA:ea1	ea1:22-003707-003:PB2, ea2:22-008064-001:PB1, ea1:22-003707-003:NS, ea1:22-003707-003:MP, ea2:22-008064-001:HA, ea1:22-003707-003:NP, ea2:22-008064-001:NA, ea1:22-003707-003:PA	99.61%, 100.00%, 99.52%, 99.90%, 100.00%, 99.53%, 99.86%, 99.63%	9, 0, 4, 1, 0, 7, 2, 8	Ran on FASTA - No Coverage Report	2026-05-29_14-49-01
A/turkey/Missouri/USDA-007087-001/2022	A1	PB2:ea1, PB1:ea1, NS:ea1, MP:ea1, HA:ea1, NP:ea1, NA:ea1, PA:ea1	ea1:22-003707-003:PB2, ea1:22-003707-003:PB1, ea1:22-003707-003:NS, ea1:22-003707-003:MP, ea1:22-003707-003:HA, ea1:22-003707-003:NP, ea1:22-003707-003:NA, ea1:22-003707-003:PA	99.83%, 99.96%, 99.88%, 99.90%, 99.82%, 99.93%, 99.93%, 100.00%	4, 1, 1, 1, 3, 1, 1, 0	Ran on FASTA - No Coverage Report	2026-05-29_14-49-01
A/Duck/Chile/240466-1/2023	Not assigned: Only 7 segments >98.0% match found of total 8 segments in input file	PB2:am2.1, PB1:am1.2, NS:am1.1, MP:ea1, NP:am1.4.1, NA:ea1, PA:ea1	am2.1:22-009329-001:PB2, am1.2:22-010085-001:PB1, am1.1:22-010085-001:NS, ea1:22-003707-003:MP, ea1:EPI-ISL-20215425:HA, am1.4.1:22-009329-001:NP, ea1:22-003707-003:NA, ea1:22-003707-003:PA	99.43%, 99.03%, 99.05%, 99.39%, 97.97%, 99.13%, 99.29%, 99.63%	13, 22, 8, 6, 36, 13, 10, 8	Ran on FASTA - No Coverage Report	2026-05-29_14-49-01
A/chicken/Chile/241681-2/2023	B3.2	PB2:am2.1, PB1:am1.2, NS:am1.1, MP:ea1, HA:ea1, NP:am1.4.1, NA:ea1, PA:ea1	am2.1:22-009329-001:PB2, am1.2:22-010085-001:PB1, am1.1:22-010085-001:NS, ea1:22-003707-003:MP, ea1:EPI-ISL-20215425:HA, am1.4.1:22-009329-001:NP, ea1:22-003707-003:NA, ea1:22-003707-003:PA	99.34%, 99.08%, 99.40%, 99.08%, 98.03%, 99.33%, 99.29%, 99.63%	15, 21, 5, 9, 35, 10, 10, 8	Ran on FASTA - No Coverage Report	2026-05-29_14-49-01
A/guinea_fowl/Maine/22-009412-002/2022	A1	PB2:ea1, PB1:ea1, NS:ea1, MP:ea1, HA:ea1, NP:ea1, NA:ea1, PA:ea1	ea1:22-003707-003:PB2, ea1:22-003707-003:PB1, ea1:22-003707-003:NS, ea1:22-003707-003:MP, ea1:22-003707-003:HA, ea1:22-003707-003:NP, ea1:22-003707-003:NA, ea1:22-003707-003:PA	99.74%, 99.74%, 99.88%, 100.00%, 99.65%, 99.73%, 99.64%, 99.77%	6, 6, 1, 0, 6, 4, 5, 5	Ran on FASTA - No Coverage Report	2026-05-29_14-49-02
A/goose/Araucania/239189-1/2023	B3.2	PB2:am2.1, PB1:am1.2, NS:am1.1, MP:ea1, HA:ea1, NP:am1.4.1, NA:ea1, PA:ea1	am2.1:22-009329-001:PB2, am1.2:22-010085-001:PB1, am1.1:22-010085-001:NS, ea1:22-003707-003:MP, ea1:22-003707-003:HA, am1.4.1:22-009329-001:NP, ea1:22-003707-003:NA, ea1:22-003707-003:PA	99.39%, 99.30%, 99.52%, 99.39%, 99.06%, 99.00%, 99.22%, 99.63%	14, 16, 4, 6, 16, 15, 11, 8	Ran on FASTA - No Coverage Report	2026-05-29_14-49-02
A/bald_eagle/Wisconsin/22-015319-001/2022	B2.1	PB2:am1.2, PB1:ea1, NS:ea1, MP:ea1, HA:ea1, NP:am1.1, NA:ea1, PA:ea1	am1.2:22-007805-001:PB2, ea1:22-003707-003:PB1, ea1:22-003707-003:NS, ea1:22-003707-003:MP, ea1:22-003707-003:HA, am1.1:22-007805-001:NP, ea1:22-003707-003:NA, ea1:22-003707-003:PA	99.87%, 99.96%, 99.76%, 100.00%, 99.88%, 99.93%, 99.93%, 99.81%	3, 1, 2, 0, 2, 1, 1, 4	Ran on FASTA - No Coverage Report	2026-05-29_14-49-02
A/guinea_fowl/Washington/22-019261-003-original/2022	B2.1	PB2:am1.2, PB1:ea1, NS:ea1, MP:ea1, HA:ea1, NP:am1.1, NA:ea1, PA:ea1	am1.2:22-007805-001:PB2, ea1:22-003707-003:PB1, ea1:22-003707-003:NS, ea1:22-003707-003:MP, ea1:22-003707-003:HA, am1.1:22-007805-001:NP, ea1:22-003707-003:NA, ea1:22-003707-003:PA	99.78%, 99.74%, 99.76%, 99.90%, 99.71%, 99.93%, 99.29%, 99.63%	5, 6, 2, 1, 5, 1, 10, 8	Ran on FASTA - No Coverage Report	2026-05-29_14-49-02
A/goose/Ohio/USDA-008995-001/2022	B1.1	PB2:am1.1, PB1:am1.1, NS:ea1, MP:ea1, HA:ea1, NP:am1.2, NA:ea1, PA:ea1	am1.1:22-009287-001:PB2, am1.1:22-009287-001:PB1, ea1:22-003707-003:NS, ea1:22-003707-003:MP, ea1:22-003707-003:HA, am1.2:22-009287-001:NP, ea1:22-003707-003:NA, ea1:22-003707-003:PA	99.87%, 99.74%, 99.64%, 99.90%, 99.71%, 99.80%, 99.86%, 99.77%	3, 6, 3, 1, 5, 3, 2, 5	Ran on FASTA - No Coverage Report	2026-05-29_14-49-02
A/duck/Montana/22-013055-006/2022	B3.1	PB2:am2.1, PB1:ea1, NS:ea1, MP:ea1, HA:ea1, NP:am1.4.1, NA:ea1, PA:ea1	am2.1:22-009329-001:PB2, ea1:22-003707-003:PB1, ea1:22-003707-003:NS, ea1:22-003707-003:MP, ea1:22-003707-003:HA, am1.4.1:22-009329-001:NP, ea1:22-003707-003:NA, ea1:22-003707-003:PA	99.87%, 99.91%, 99.76%, 99.90%, 99.71%, 99.93%, 99.86%, 99.91%	3, 2, 2, 1, 5, 1, 2, 2	Ran on FASTA - No Coverage Report	2026-05-29_14-49-02
A/Tern/Madryn/5317-1/2023	B3.2	PB2:am2.1, PB1:am1.2, NS:am1.1, MP:ea1, HA:ea1, NP:am1.4.1, NA:ea1, PA:ea1	am2.1:22-009329-001:PB2, am1.2:22-010085-001:PB1, am1.1:22-010085-001:NS, ea1:22-003707-003:MP, ea1:22-003707-003:HA, am1.4.1:22-009329-001:NP, ea1:22-003707-003:NA, ea1:22-003707-003:PA	99.12%, 99.03%, 98.93%, 99.39%, 99.18%, 98.86%, 99.36%, 99.30%	20, 22, 9, 6, 14, 17, 9, 15	Ran on FASTA - No Coverage Report	2026-05-29_14-49-02
A/turkey/South_Dakota/USDA-010135-001/2022	B2.1	PB2:am1.2, PB1:ea1, NS:ea1, MP:ea1, HA:ea1, NP:am1.1, NA:ea1, PA:ea1	am1.2:22-007805-001:PB2, ea1:22-003707-003:PB1, ea1:22-003707-003:NS, ea1:22-003707-003:MP, ea1:22-003707-003:HA, am1.1:22-007805-001:NP, ea1:22-003707-003:NA, ea1:22-003707-003:PA	99.91%, 99.87%, 99.88%, 99.90%, 99.82%, 99.80%, 99.86%, 99.86%	2, 3, 1, 1, 3, 3, 2, 3	Ran on FASTA - No Coverage Report	2026-05-29_14-49-03
A/great_horned_owl/Florida/22-013493-002/2022	B1.1	PB2:am1.1, PB1:am1.1, NS:ea1, MP:ea1, HA:ea1, NP:am1.2, NA:ea1, PA:ea1	am1.1:22-009287-001:PB2, am1.1:22-009287-001:PB1, ea1:22-003707-003:NS, ea1:22-003707-003:MP, ea1:22-003707-003:HA, am1.2:22-009287-001:NP, ea1:22-003707-003:NA, ea1:22-003707-003:PA	99.78%, 99.69%, 99.40%, 99.49%, 99.88%, 99.87%, 99.86%, 99.77%	5, 7, 5, 5, 2, 2, 2, 5	Ran on FASTA - No Coverage Report	2026-05-29_14-49-03
A/red-tailed_hawk/MA/22HP00131/2022	A2	PB2:ea1, PB1:ea2, NS:ea1, MP:ea1, HA:ea2, NP:ea1, NA:ea2, PA:ea1	ea1:22-003707-003:PB2, ea2:22-036180-006:PB1, ea1:22-003707-003:NS, ea1:22-003707-003:MP, ea2:22-008064-001:HA, ea1:22-003707-003:NP, ea2:22-008064-001:NA, ea1:22-003707-003:PA	99.65%, 99.82%, 99.64%, 99.90%, 99.82%, 99.53%, 99.72%, 99.86%	8, 4, 3, 1, 3, 7, 4, 3	Ran on FASTA - No Coverage Report	2026-05-29_14-49-03
A/Pelecanus_occidentalis/Venezuela/Inf19/2022	B2.2	PB2:am1.2, PB1:ea1, NS:am1.2, MP:ea1, HA:ea1, NP:am1.1, NA:ea1, PA:ea1	am1.2:22-007805-001:PB2, ea1:22-003707-003:PB1, am1.2:22-010668-001:NS, ea1:22-003707-003:MP, ea1:22-003707-003:HA, am1.1:22-007805-001:NP, ea1:22-003707-003:NA, ea1:22-003707-003:PA	99.43%, 99.65%, 99.52%, 99.69%, 99.41%, 99.67%, 99.43%, 99.35%	11, 8, 4, 3, 10, 5, 8, 14	Ran on FASTA - No Coverage Report	2026-05-29_14-49-03
A/black_vulture/New_Jersey/22-016599-003/2022	B1.1	PB2:am1.1, PB1:am1.1, NS:ea1, MP:ea1, HA:ea1, NP:am1.2, NA:ea1, PA:ea1	am1.1:22-009287-001:PB2, am1.1:22-009287-001:PB1, ea1:22-003707-003:NS, ea1:22-003707-003:MP, ea1:22-003707-003:HA, am1.2:22-009287-001:NP, ea1:22-003707-003:NA, ea1:22-003707-003:PA	99.78%, 99.78%, 99.76%, 99.90%, 99.59%, 99.87%, 99.86%, 99.81%	5, 5, 2, 1, 7, 2, 2, 4	Ran on FASTA - No Coverage Report	2026-05-29_14-49-03
A/chicken/Virginia/22-004415-001/2022	A1	PB2:ea1, PB1:ea1, NS:ea1, MP:ea1, HA:ea1, NP:ea1, NA:ea1, PA:ea1	ea1:22-003707-003:PB2, ea1:22-003707-003:PB1, ea1:22-003707-003:NS, ea1:22-003707-003:MP, ea1:22-003707-003:HA, ea1:22-003707-003:NP, ea1:22-003707-003:NA, ea1:22-003707-003:PA	99.87%, 99.96%, 99.76%, 99.80%, 99.82%, 99.93%, 99.93%, 99.77%	3, 1, 2, 2, 3, 1, 1, 5	Ran on FASTA - No Coverage Report	2026-05-29_14-49-03
A/Backyard_bird/Wyoming/USDA-009849-001/2022	B2.1	PB2:am1.2, PB1:ea1, NS:ea1, MP:ea1, HA:ea1, NP:am1.1, NA:ea1, PA:ea1	am1.2:22-007805-001:PB2, ea1:22-003707-003:PB1, ea1:22-003707-003:NS, ea1:22-003707-003:MP, ea1:22-003707-003:HA, am1.1:22-007805-001:NP, ea1:22-003707-003:NA, ea1:22-003707-003:PA	99.87%, 99.91%, 99.88%, 100.00%, 99.88%, 99.93%, 99.72%, 99.91%	3, 2, 1, 0, 2, 1, 4, 2	Ran on FASTA - No Coverage Report	2026-05-29_14-49-03
A/avian/Chile/276831/2023	Not assigned: Only 7 segments >98.0% match found of total 8 segments in input file	PB2:am2.1, PB1:am1.2, NS:am1.1, MP:ea1, NP:am1.4.1, NA:ea1, PA:ea1	am2.1:22-009329-001:PB2, am1.2:22-010085-001:PB1, am1.1:22-010085-001:NS, ea1:22-003707-003:MP, ea1:EPI-ISL-20215425:HA, am1.4.1:22-009329-001:NP, ea1:22-003707-003:NA, ea1:22-003707-003:PA	99.25%, 99.12%, 98.81%, 99.08%, 97.69%, 99.06%, 99.22%, 99.30%	17, 20, 10, 9, 41, 14, 11, 15	Ran on FASTA - No Coverage Report	2026-05-29_14-49-04
A/Chicken/Argentina/21810-2/2025	Not assigned: Only 4 segments >98.0% match found of total 8 segments in input file	MP:ea1, HA:ea1, NP:am1.1, NA:ea1	am23:24-010726-001:PB2, am2:22-031266-001:PB1, am1.3:22-008760-007:NS, ea1:22-003707-003:MP, ea1:22-003707-003:HA, am1.1:22-007805-001:NP, ea1:22-003707-003:NA, ea1b:23-002693-004:PA	83.03%, 89.06%, 91.41%, 98.68%, 98.06%, 98.13%, 98.01%, 85.87%	385, 247, 72, 13, 33, 28, 28, 304	Ran on FASTA - No Coverage Report	2026-05-29_14-49-04
A/Bald_Eagle/Indiana/USDA-010922-001/2022	B1.2	PB2:am1.1, PB1:am1.1, NS:ea1, MP:ea1, HA:ea1, NP:am1.2, NA:ea1, PA:am1	am1.1:22-009287-001:PB2, am1.1:22-009287-001:PB1, ea1:22-003707-003:NS, ea1:22-003707-003:MP, ea1:22-003707-003:HA, am1.2:22-009287-001:NP, ea1:22-003707-003:NA, am1:22-008890-001:PA	99.83%, 99.78%, 99.88%, 99.90%, 99.77%, 99.53%, 99.57%, 99.81%	4, 5, 1, 1, 4, 7, 6, 4	Ran on FASTA - No Coverage Report	2026-05-29_14-49-04
A/canada_goose/USA/039394-001/2022	B1.3	PB2:am1.3, PB1:am1.3, NS:ea1, MP:ea1, HA:ea1, NP:am1.2, NA:ea1, PA:am1.2	am1.3:23-003733-001:PB2, am1.3:23-003733-001:PB1, ea1:22-003707-003:NS, ea1:22-003707-003:MP, ea1:22-003707-003:HA, am1.2:22-009287-001:NP, ea1:22-003707-003:NA, am1.2:23-003733-001:PA	99.21%, 99.34%, 99.40%, 99.29%, 99.41%, 99.27%, 99.36%, 99.26%	18, 7, 5, 7, 10, 11, 9, 16	Ran on FASTA - No Coverage Report	2026-05-29_14-49-04
A/chicken/Nuble/239136/2023	B3.2	PB2:am2.1, PB1:am1.2, NS:am1.1, MP:ea1, HA:ea1, NP:am1.4.1, NA:ea1, PA:ea1	am2.1:22-009329-001:PB2, am1.2:22-010085-001:PB1, am1.1:22-010085-001:NS, ea1:22-003707-003:MP, ea1:22-003707-003:HA, am1.4.1:22-009329-001:NP, ea1:22-003707-003:NA, ea1:22-003707-003:PA	99.47%, 99.03%, 99.17%, 99.39%, 99.35%, 99.13%, 99.36%, 99.67%	12, 22, 7, 6, 11, 13, 9, 7	Ran on FASTA - No Coverage Report	2026-05-29_14-49-04
A/common_eider/Maine/22-020416-023/2022	A2	PB2:ea1, PB1:ea2, NS:ea1, MP:ea1, HA:ea2, NP:ea1, NA:ea2, PA:ea1	ea1:22-003707-003:PB2, ea2:22-036180-006:PB1, ea1:22-003707-003:NS, ea1:22-003707-003:MP, ea2:22-008064-001:HA, ea1:22-003707-003:NP, ea2:22-008064-001:NA, ea1:22-003707-003:PA	99.47%, 99.96%, 99.40%, 99.80%, 99.59%, 99.40%, 99.57%, 99.67%	12, 1, 5, 2, 7, 9, 6, 7	Ran on FASTA - No Coverage Report	2026-05-29_14-49-04
A/canada_goose/Massachusetts/22-036181-007/2022	B1.2	PB2:am1.1, PB1:am1.1, NS:ea1, MP:ea1, HA:ea1, NP:am1.2, NA:ea1, PA:am1	am1.1:22-009287-001:PB2, am1.1:22-009287-001:PB1, ea1:22-003707-003:NS, ea1:22-003707-003:MP, ea1:22-003707-003:HA, am1.2:22-009287-001:NP, ea1:22-003707-003:NA, am1:22-008890-001:PA	99.21%, 99.43%, 99.40%, 99.59%, 99.30%, 99.60%, 99.57%, 99.63%	18, 13, 5, 4, 12, 6, 6, 8	Ran on FASTA - No Coverage Report	2026-05-29_14-49-04
A/turkey/Indiana/USDA-004688-006/2022	A1	PB2:ea1, PB1:ea1, NS:ea1, MP:ea1, HA:ea1, NP:ea1, NA:ea1, PA:ea1	ea1:22-003707-003:PB2, ea1:22-003707-003:PB1, ea1:22-003707-003:NS, ea1:22-003707-003:MP, ea1:22-003707-003:HA, ea1:22-003707-003:NP, ea1:22-003707-003:NA, ea1:22-003707-003:PA	100.00%, 99.96%, 100.00%, 100.00%, 100.00%, 100.00%, 100.00%, 99.95%	0, 1, 0, 0, 0, 0, 0, 1	Ran on FASTA - No Coverage Report	2026-05-29_14-49-05
A/gull/Biobio/237012/2023	B3.2	PB2:am2.1, PB1:am1.2, NS:am1.1, MP:ea1, HA:ea1, NP:am1.4.1, NA:ea1, PA:ea1	am2.1:22-009329-001:PB2, am1.2:22-010085-001:PB1, am1.1:22-010085-001:NS, ea1:22-003707-003:MP, ea1:22-003707-003:HA, am1.4.1:22-009329-001:NP, ea1:22-003707-003:NA, ea1:22-003707-003:PA	99.52%, 98.77%, 99.17%, 99.49%, 99.24%, 99.27%, 99.36%, 99.58%	11, 28, 7, 5, 13, 11, 9, 9	Ran on FASTA - No Coverage Report	2026-05-29_14-49-05
A/mallard/Alaska/22-018767-003/2022	B3.1	PB2:am2.1, PB1:ea1, NS:ea1, MP:ea1, HA:ea1, NP:am1.4.1, NA:ea1, PA:ea1	am2.1:22-009329-001:PB2, ea1:22-003707-003:PB1, ea1:22-003707-003:NS, ea1:22-003707-003:MP, ea1:22-003707-003:HA, am1.4.1:22-009329-001:NP, ea1:22-003707-003:NA, ea1:22-003707-003:PA	99.65%, 99.82%, 99.88%, 99.90%, 99.65%, 99.80%, 99.72%, 99.77%	8, 4, 1, 1, 6, 3, 4, 5	Ran on FASTA - No Coverage Report	2026-05-29_14-48-49
A/chicken/Chile/260690-4/2023	Not assigned: Only 7 segments >98.0% match found of total 8 segments in input file	PB2:am2.1, PB1:am1.2, NS:am1.1, MP:ea1, NP:am1.4.1, NA:ea1, PA:ea1	am2.1:22-009329-001:PB2, am1.2:22-010085-001:PB1, am1.1:22-010085-001:NS, ea1:22-003707-003:MP, ea1:EPI-ISL-20215425:HA, am1.4.1:22-009329-001:NP, ea1:22-003707-003:NA, ea1:22-003707-003:PA	99.30%, 99.03%, 98.69%, 99.39%, 97.75%, 99.13%, 99.43%, 99.53%	16, 22, 11, 6, 40, 13, 8, 10	Ran on FASTA - No Coverage Report	2026-05-29_14-48-49
A/turkey/Minnesota/USDA-009195-002/2022	B2.1	PB2:am1.2, PB1:ea1, NS:ea1, MP:ea1, HA:ea1, NP:am1.1, NA:ea1, PA:ea1	am1.2:22-007805-001:PB2, ea1:22-003707-003:PB1, ea1:22-003707-003:NS, ea1:22-003707-003:MP, ea1:22-003707-003:HA, am1.1:22-007805-001:NP, ea1:22-003707-003:NA, ea1:22-003707-003:PA	99.87%, 99.91%, 99.88%, 100.00%, 99.88%, 99.93%, 99.86%, 99.81%	3, 2, 1, 0, 2, 1, 2, 4	Ran on FASTA - No Coverage Report	2026-05-29_14-48-49
A/chicken/Chile/247652-4/2023	B3.2	PB2:am2.1, PB1:am1.2, NS:am1.1, MP:ea1, HA:ea1, NP:am1.4.1, NA:ea1, PA:ea1	am2.1:22-009329-001:PB2, am1.2:22-010085-001:PB1, am1.1:22-010085-001:NS, ea1:22-003707-003:MP, ea1:EPI-ISL-20215425:HA, am1.4.1:22-009329-001:NP, ea1:22-003707-003:NA, ea1:22-003707-003:PA	99.25%, 98.94%, 99.17%, 99.29%, 98.03%, 99.06%, 99.29%, 99.58%	17, 24, 7, 7, 35, 14, 10, 9	Ran on FASTA - No Coverage Report	2026-05-29_14-48-49
A/chicken/Chile/242424-1/2023	Not assigned: Only 7 segments >98.0% match found of total 8 segments in input file	PB2:am2.1, PB1:am1.2, NS:am1.1, MP:ea1, NP:am1.4.1, NA:ea1, PA:ea1	am2.1:22-009329-001:PB2, am1.2:22-010085-001:PB1, am1.1:22-010085-001:NS, ea1:22-003707-003:MP, ea1:EPI-ISL-20215425:HA, am1.4.1:22-009329-001:NP, ea1:22-003707-003:NA, ea1:22-003707-003:PA	99.34%, 99.25%, 99.40%, 99.29%, 97.75%, 99.13%, 99.22%, 99.77%	15, 17, 5, 7, 40, 13, 11, 5	Ran on FASTA - No Coverage Report	2026-05-29_14-48-49
A/chicken/Oregon/22-021726-001-original/2022	B4.1	PB2:am2.2, PB1:ea1, NS:ea1, MP:ea1, HA:ea1, NP:am1.3, NA:ea1, PA:ea1	am2.2:22-010445-001:PB2, ea1:22-003707-003:PB1, ea1:22-003707-003:NS, ea1:22-003707-003:MP, ea1:22-003707-003:HA, am1.3:22-010445-001:NP, ea1:22-003707-003:NA, ea1:22-003707-003:PA	99.83%, 99.82%, 99.64%, 99.80%, 99.65%, 99.73%, 99.57%, 99.81%	4, 4, 3, 2, 6, 4, 6, 4	Ran on FASTA - No Coverage Report	2026-05-29_14-48-49
A/chicken/Aysen/250755-2/2023	Not assigned: Only 7 segments >98.0% match found of total 8 segments in input file	PB2:am2.1, PB1:am1.2, NS:am1.1, MP:ea1, NP:am1.4.1, NA:ea1, PA:ea1	am2.1:22-009329-001:PB2, am1.2:22-010085-001:PB1, am1.1:22-010085-001:NS, ea1:22-003707-003:MP, ea1:EPI-ISL-20215425:HA, am1.4.1:22-009329-001:NP, ea1:22-003707-003:NA, ea1:22-003707-003:PA	99.30%, 99.03%, 99.40%, 99.39%, 97.80%, 99.13%, 99.29%, 99.67%	16, 22, 5, 6, 39, 13, 10, 7	Ran on FASTA - No Coverage Report	2026-05-29_14-48-49
A/avian/Chile/277311/2023	Not assigned: Only 7 segments >98.0% match found of total 8 segments in input file	PB2:am2.1, PB1:am1.2, NS:am1.1, MP:ea1, NP:am1.4.1, NA:ea1, PA:ea1	am2.1:22-009329-001:PB2, am1.2:22-010085-001:PB1, am1.1:22-010085-001:NS, ea1:22-003707-003:MP, ea1:EPI-ISL-20215425:HA, am1.4.1:22-009329-001:NP, ea1:22-003707-003:NA, ea1:22-003707-003:PA	99.39%, 98.81%, 98.81%, 99.19%, 97.69%, 98.86%, 99.08%, 99.49%	14, 27, 10, 8, 41, 17, 13, 11	Ran on FASTA - No Coverage Report	2026-05-29_14-48-50
A/Pelican/Antofagasta/228246-3/2022	B3.2	PB2:am2.1, PB1:am1.2, NS:am1.1, MP:ea1, HA:ea1, NP:am1.4.1, NA:ea1, PA:ea1	am2.1:22-009329-001:PB2, am1.2:22-010085-001:PB1, am1.1:22-010085-001:NS, ea1:22-003707-003:MP, ea1:22-003707-003:HA, am1.4.1:22-009329-001:NP, ea1:22-003707-003:NA, ea1:22-003707-003:PA	99.52%, 99.34%, 99.05%, 99.49%, 99.00%, 99.27%, 99.36%, 99.63%	11, 15, 8, 5, 17, 11, 9, 8	Ran on FASTA - No Coverage Report	2026-05-29_14-48-50
A/Cygnus_melancoryphus/SapucaiaSulBR/1246-N7/2025	Not assigned: Only 3 segments >98.0% match found of total 8 segments in input file	MP:ea1, NP:am1.1, NA:ea1	am2.1:22-009329-001:PB2, am2:22-031266-001:PB1, am1.3:22-008760-007:NS, ea1:22-003707-003:MP, ea1:EPI-ISL-20215425:HA, am1.1:22-007805-001:NP, ea1:22-003707-003:NA, ea1:EPI-ISL-20215425:PA	86.90%, 89.10%, 91.41%, 98.68%, 97.13%, 98.26%, 98.23%, 86.48%	295, 246, 72, 13, 51, 26, 25, 302	Ran on FASTA - No Coverage Report	2026-05-29_14-48-50
A/Backyard_bird/New_York/USDA-005647-001/2022	A1	PB2:ea1, PB1:ea1, NS:ea1, MP:ea1, HA:ea1, NP:ea1, NA:ea1, PA:ea1	ea1:22-003707-003:PB2, ea1:22-003707-003:PB1, ea1:22-003707-003:NS, ea1:22-003707-003:MP, ea1:22-003707-003:HA, ea1:22-003707-003:NP, ea1:22-003707-003:NA, ea1:22-003707-003:PA	99.78%, 99.87%, 99.88%, 99.90%, 99.71%, 99.87%, 99.86%, 99.81%	5, 3, 1, 1, 5, 2, 2, 4	Ran on FASTA - No Coverage Report	2026-05-29_14-48-50
A/black_vulture/Pennsylvania/22-021282-003/2022	B1.1	PB2:am1.1, PB1:am1.1, NS:ea1, MP:ea1, HA:ea1, NP:am1.2, NA:ea1, PA:ea1	am1.1:22-009287-001:PB2, am1.1:22-009287-001:PB1, ea1:22-003707-003:NS, ea1:22-003707-003:MP, ea1:22-003707-003:HA, am1.2:22-009287-001:NP, ea1:22-003707-003:NA, ea1:22-003707-003:PA	99.52%, 99.74%, 99.64%, 99.80%, 99.65%, 99.87%, 99.72%, 99.86%	11, 6, 3, 2, 6, 2, 4, 3	Ran on FASTA - No Coverage Report	2026-05-29_14-48-50
A/herring_gull/Maine/22-036180-009/2022	A2	PB2:ea1, PB1:ea2, NS:ea1, MP:ea1, HA:ea2, NP:ea1, NA:ea2, PA:ea1	ea1:22-003707-003:PB2, ea2:22-036180-006:PB1, ea1:22-003707-003:NS, ea1:22-003707-003:MP, ea2:22-008064-001:HA, ea1:22-003707-003:NP, ea2:22-008064-001:NA, ea1:22-003707-003:PA	99.56%, 99.91%, 99.40%, 99.80%, 99.65%, 99.47%, 99.72%, 99.63%	10, 2, 5, 2, 6, 8, 4, 8	Ran on FASTA - No Coverage Report	2026-05-29_14-48-50
A/Gadwall/Georgia/USDA-003669-001/2022	A1	PB2:ea1, PB1:ea1, NS:ea1, MP:ea1, HA:ea1, NP:ea1, NA:ea1, PA:ea1	ea1:22-003707-003:PB2, ea1:22-003707-003:PB1, ea1:22-003707-003:NS, ea1:22-003707-003:MP, ea1:22-003707-003:HA, ea1:22-003707-003:NP, ea1:22-003707-003:NA, ea1:22-003707-003:PA	99.91%, 99.91%, 99.88%, 100.00%, 99.65%, 99.87%, 99.86%, 99.86%	2, 2, 1, 0, 6, 2, 2, 3	Ran on FASTA - No Coverage Report	2026-05-29_14-48-50
A/Chicken/Argentina/559-8/2023	B3.2	PB2:am2.1, PB1:am1.2, NS:am1.1, MP:ea1, HA:ea1, NP:am1.4.1, NA:ea1, PA:ea1	am2.1:22-009329-001:PB2, am1.2:22-010085-001:PB1, am1.1:22-010085-001:NS, ea1:22-003707-003:MP, ea1:22-003707-003:HA, am1.4.1:22-009329-001:NP, ea1:22-003707-003:NA, ea1:22-003707-003:PA	99.52%, 99.21%, 99.40%, 99.19%, 99.24%, 99.20%, 99.29%, 99.58%	11, 18, 5, 8, 13, 12, 10, 9	Ran on FASTA - No Coverage Report	2026-05-29_14-48-50
A/peregrine_falcon/Massachusetts/22-020416-014/2022	A2	PB2:ea1, PB1:ea2, NS:ea1, MP:ea1, HA:ea2, NP:ea1, NA:ea2, PA:ea1	ea1:22-003707-003:PB2, ea2:22-036180-006:PB1, ea1:22-003707-003:NS, ea1:22-003707-003:MP, ea2:22-008064-001:HA, ea1:22-003707-003:NP, ea2:22-008064-001:NA, ea1:22-003707-003:PA	99.47%, 99.96%, 99.52%, 99.80%, 99.71%, 99.47%, 99.64%, 99.63%	12, 1, 4, 2, 5, 8, 5, 8	Ran on FASTA - No Coverage Report	2026-05-29_14-48-50
A/common_tern/ME/COTE_20220614_1/2022	A2	PB2:ea1, PB1:ea2, NS:ea1, MP:ea1, HA:ea2, NP:ea1, NA:ea2, PA:ea1	ea1:22-003707-003:PB2, ea2:22-022528-003:PB1, ea1:22-003707-003:NS, ea1:22-003707-003:MP, ea2:23-030074-013:HA, ea1:22-003707-003:NP, ea2:22-022528-003:NA, ea1:22-003707-003:PA	99.56%, 99.91%, 99.40%, 99.90%, 99.47%, 99.47%, 99.93%, 99.77%	10, 2, 5, 1, 9, 8, 1, 5	Ran on FASTA - No Coverage Report	2026-05-29_14-48-51
A/common_eider/Massachusetts/W22-438A/2022	A2	PB2:ea1, PB1:ea2, NS:ea1, MP:ea1, HA:ea2, NP:ea1, NA:ea2, PA:ea1	ea1:22-003707-003:PB2, ea2:22-036180-006:PB1, ea1:22-003707-003:NS, ea1:22-003707-003:MP, ea2:22-008064-001:HA, ea1:22-003707-003:NP, ea2:22-008064-001:NA, ea1:22-003707-003:PA	99.52%, 99.96%, 99.52%, 99.69%, 99.71%, 99.47%, 99.72%, 99.58%	11, 1, 4, 3, 5, 8, 4, 9	Ran on FASTA - No Coverage Report	2026-05-29_14-48-51
A/Phalacrocorax_bougainvillii/Ica/UPCH_4410/2023	B3.2	PB2:am2.1, PB1:am1.2, NS:am1.1, MP:ea1, HA:ea1, NP:am1.4.1, NA:ea1, PA:ea1	am2.1:22-009329-001:PB2, am1.2:22-010085-001:PB1, am1.1:22-010085-001:NS, ea1:22-003707-003:MP, ea1:22-003707-003:HA, am1.4.1:22-009329-001:NP, ea1:22-003707-003:NA, ea1:22-003707-003:PA	99.34%, 99.38%, 99.05%, 99.39%, 99.35%, 99.33%, 98.94%, 99.44%	15, 14, 8, 6, 11, 10, 13, 12	Ran on FASTA - No Coverage Report	2026-05-29_14-48-51
A/canada_goose/Utah/22-015921-001/2022	B4.1	PB2:am2.2, PB1:ea1, NS:ea1, MP:ea1, HA:ea1, NP:am1.3, NA:ea1, PA:ea1	am2.2:22-010445-001:PB2, ea1:22-003707-003:PB1, ea1:22-003707-003:NS, ea1:22-003707-003:MP, ea1:22-003707-003:HA, am1.3:22-010445-001:NP, ea1:22-003707-003:NA, ea1:22-003707-003:PA	99.78%, 99.87%, 99.76%, 100.00%, 99.77%, 99.87%, 99.43%, 99.95%	5, 3, 2, 0, 4, 2, 8, 1	Ran on FASTA - No Coverage Report	2026-05-29_14-48-51
A/Bald_Eagle/Vermont/USDA-009551-001/2022	B1.2	PB2:am1.1, PB1:am1.1, NS:ea1, MP:ea1, HA:ea1, NP:am1.2, NA:ea1, PA:am1	am1.1:22-009287-001:PB2, am1.1:22-009287-001:PB1, ea1:22-003707-003:NS, ea1:22-003707-003:MP, ea1:22-003707-003:HA, am1.2:22-009287-001:NP, ea1:22-003707-003:NA, am1:22-008890-001:PA	99.69%, 99.69%, 99.52%, 99.80%, 99.47%, 99.87%, 99.86%, 99.86%	7, 7, 4, 2, 9, 2, 2, 3	Ran on FASTA - No Coverage Report	2026-05-29_14-48-51
A/pelican/Peru/PIU-SER016/2022	Not assigned: Only 7 segments >98.0% match found of total 8 segments in input file	PB2:am2.1, PB1:am1.2, NS:am1.1, MP:ea1, NP:am1.4.1, NA:ea1, PA:ea1	am2.1:22-009329-001:PB2, am1.2:22-010085-001:PB1, am1.1:22-010085-001:NS, ea1:22-003707-003:MP, ea1:EPI-ISL-20215425:HA, am1.4.1:22-009329-001:NP, ea1:22-003707-003:NA, ea1:22-003707-003:PA	99.56%, 99.43%, 99.28%, 99.14%, 97.99%, 99.33%, 99.29%, 99.72%	10, 13, 6, 6, 14, 10, 10, 6	Ran on FASTA - No Coverage Report	2026-05-29_14-48-51
A/Guanay_cormorant/Chile/239584/2023	Not assigned: Only 7 segments >98.0% match found of total 8 segments in input file	PB2:am2.1, PB1:am1.2, NS:am1.1, MP:ea1, NP:am1.4.1, NA:ea1, PA:ea1	am2.1:22-009329-001:PB2, am1.2:22-010085-001:PB1, am1.1:22-010085-001:NS, ea1:22-003707-003:MP, ea1:EPI-ISL-20215425:HA, am1.4.1:22-009329-001:NP, ea1:22-003707-003:NA, ea1:22-003707-003:PA	99.43%, 99.25%, 99.05%, 99.29%, 97.86%, 99.13%, 99.29%, 99.53%	13, 17, 8, 7, 38, 13, 10, 10	Ran on FASTA - No Coverage Report	2026-05-29_14-48-51
A/chicken/Cochabamba/39539/2023	Not assigned: Only 7 segments >98.0% match found of total 8 segments in input file	PB2:am2.1, PB1:am1.2, NS:am1.1, MP:ea1, NP:am1.4.1, NA:ea1, PA:ea1	am2.1:22-009329-001:PB2, am1.2:22-010085-001:PB1, am1.1:22-010085-001:NS, ea1:22-003707-003:MP, ea1:EPI-ISL-20215425:HA, am1.4.1:22-009329-001:NP, ea1:22-003707-003:NA, ea1:22-003707-003:PA	99.43%, 99.14%, 99.28%, 99.29%, 97.80%, 99.27%, 99.22%, 99.49%	13, 12, 6, 7, 39, 11, 11, 11	Ran on FASTA - No Coverage Report	2026-05-29_14-48-51
A/black_vulture/Georgia/W22-487/2022	B1.1	PB2:am1.1, PB1:am1.1, NS:ea1, MP:ea1, HA:ea1, NP:am1.2, NA:ea1, PA:ea1	am1.1:22-009287-001:PB2, am1.1:22-009287-001:PB1, ea1:22-003707-003:NS, ea1:22-003707-003:MP, ea1:22-003707-003:HA, am1.2:22-009287-001:NP, ea1:22-003707-003:NA, ea1:22-003707-003:PA	99.56%, 99.74%, 99.76%, 99.80%, 99.65%, 99.73%, 99.79%, 99.67%	10, 6, 2, 2, 6, 4, 3, 7	Ran on FASTA - No Coverage Report	2026-05-29_14-48-51
A/Thalasseus_maximus/Santa_Catarina/1941-N/2023	Not assigned: Only 7 segments >98.0% match found of total 8 segments in input file	PB2:am2.1, PB1:am1.2, NS:am1.1, MP:ea1, NP:am1.4.1, NA:ea1, PA:ea1	am2.1:22-009329-001:PB2, am1.2:22-010085-001:PB1, am1.1:22-010085-001:NS, ea1:22-003707-003:MP, ea1:EPI-ISL-20215425:HA, am1.4.1:22-009329-001:NP, ea1:22-003707-003:NA, ea1:22-003707-003:PA	99.30%, 99.12%, 99.17%, 99.08%, 97.64%, 99.00%, 99.15%, 99.44%	16, 20, 7, 9, 42, 15, 12, 12	Ran on FASTA - No Coverage Report	2026-05-29_14-48-51
A/turkey/Indiana/USDA-004688-003/2022	A1	PB2:ea1, PB1:ea1, NS:ea1, MP:ea1, HA:ea1, NP:ea1, NA:ea1, PA:ea1	ea1:22-003707-003:PB2, ea1:22-003707-003:PB1, ea1:22-003707-003:NS, ea1:22-003707-003:MP, ea1:22-003707-003:HA, ea1:22-003707-003:NP, ea1:22-003707-003:NA, ea1:22-003707-003:PA	100.00%, 99.91%, 100.00%, 100.00%, 100.00%, 100.00%, 100.00%, 99.95%	0, 2, 0, 0, 0, 0, 0, 1	Ran on FASTA - No Coverage Report	2026-05-29_14-48-52
A/black_skimmer/Chile/C61962/2022	B3.2	PB2:am2.1, PB1:am1.2, NS:am1.1, MP:ea1, HA:ea1, NP:am1.4.1, NA:ea1, PA:ea1	am2.1:22-009329-001:PB2, am1.2:22-010085-001:PB1, am1.1:22-010085-001:NS, ea1:22-003707-003:MP, ea1:22-003707-003:HA, am1.4.1:22-009329-001:NP, ea1:22-003707-003:NA, ea1:22-003707-003:PA	99.56%, 99.25%, 99.40%, 99.49%, 99.35%, 99.27%, 99.36%, 99.77%	10, 17, 5, 5, 11, 11, 9, 5	Ran on FASTA - No Coverage Report	2026-05-29_14-48-52
A/backyard_duck/Uruguay/UDELAR-124-M3/2023	B3.2	PB2:am2.1, PB1:am1.2, NS:am1.1, MP:ea1, HA:ea1, NP:am1.4.1, NA:ea1, PA:ea1	am2.1:22-009329-001:PB2, am1.2:22-010085-001:PB1, am1.1:22-010085-001:NS, ea1:22-003707-003:MP, ea1:22-003707-003:HA, am1.4.1:22-009329-001:NP, ea1:22-003707-003:NA, ea1:22-003707-003:PA	99.25%, 99.21%, 99.28%, 99.39%, 99.18%, 99.00%, 99.22%, 99.53%	17, 18, 6, 6, 14, 15, 11, 10	Ran on FASTA - No Coverage Report	2026-05-29_14-48-52
A/canada_goose/California/22-022940-001/2022	B4.1	PB2:am2.2, PB1:ea1, NS:ea1, MP:ea1, HA:ea1, NP:am1.3, NA:ea1, PA:ea1	am2.2:22-010445-001:PB2, ea1:22-003707-003:PB1, ea1:22-003707-003:NS, ea1:22-003707-003:MP, ea1:22-003707-003:HA, am1.3:22-010445-001:NP, ea1:22-003707-003:NA, ea1:22-003707-003:PA	99.87%, 99.82%, 99.64%, 99.69%, 99.65%, 99.80%, 99.64%, 99.81%	3, 4, 3, 3, 6, 3, 5, 4	Ran on FASTA - No Coverage Report	2026-05-29_14-48-52
A/chicken/Wisconsin/22-007545-001/2022	A1	PB2:ea1, PB1:ea1, NS:ea1, MP:ea1, HA:ea1, NP:ea1, NA:ea1, PA:ea1	ea1:22-003707-003:PB2, ea1:22-003707-003:PB1, ea1:22-003707-003:NS, ea1:22-003707-003:MP, ea1:22-003707-003:HA, ea1:22-003707-003:NP, ea1:22-003707-003:NA, ea1:22-003707-003:PA	99.87%, 99.91%, 100.00%, 100.00%, 99.82%, 99.87%, 99.79%, 99.95%	3, 2, 0, 0, 3, 2, 3, 1	Ran on FASTA - No Coverage Report	2026-05-29_14-48-52
A/black_vulture/Pennsylvania/22-018576-001/2022	B1.1	PB2:am1.1, PB1:am1.1, NS:ea1, MP:ea1, HA:ea1, NP:am1.2, NA:ea1, PA:ea1	am1.1:22-009287-001:PB2, am1.1:22-009287-001:PB1, ea1:22-003707-003:NS, ea1:22-003707-003:MP, ea1:22-003707-003:HA, am1.2:22-009287-001:NP, ea1:22-003707-003:NA, ea1:22-003707-003:PA	99.74%, 99.69%, 99.64%, 99.90%, 99.47%, 99.80%, 99.64%, 99.81%	6, 7, 3, 1, 9, 3, 5, 4	Ran on FASTA - No Coverage Report	2026-05-29_14-48-52
A/turkey/Wisconsin/22-013447-001/2022	B3.2	PB2:am2.1, PB1:am1.2, NS:am1.1, MP:ea1, HA:ea1, NP:am1.4.1, NA:ea1, PA:ea1	am2.1:22-009329-001:PB2, am1.2:22-010085-001:PB1, am1.1:22-010085-001:NS, ea1:22-003707-003:MP, ea1:22-003707-003:HA, am1.4.1:22-009329-001:NP, ea1:22-003707-003:NA, ea1:22-003707-003:PA	99.69%, 99.69%, 99.88%, 99.80%, 99.82%, 99.80%, 99.79%, 99.86%	7, 7, 1, 2, 3, 3, 3, 3	Ran on FASTA - No Coverage Report	2026-05-29_14-48-52
A/Turkey/Chile/248976-12/2023	Not assigned: Only 7 segments >98.0% match found of total 8 segments in input file	PB2:am2.1, PB1:am1.2, NS:am1.1, MP:ea1, NP:am1.4.1, NA:ea1, PA:ea1	am2.1:22-009329-001:PB2, am1.2:22-010085-001:PB1, am1.1:22-010085-001:NS, ea1:22-003707-003:MP, ea1:EPI-ISL-20215425:HA, am1.4.1:22-009329-001:NP, ea1:22-003707-003:NA, ea1:22-003707-003:PA	99.12%, 99.25%, 99.28%, 99.29%, 97.80%, 99.06%, 99.29%, 99.35%	20, 17, 6, 7, 39, 14, 10, 14	Ran on FASTA - No Coverage Report	2026-05-29_14-48-52
A/South_American_tern/Maule/238507/2023	B3.2	PB2:am2.1, PB1:am1.2, NS:am1.1, MP:ea1, HA:ea1, NP:am1.4.1, NA:ea1, PA:ea1	am2.1:22-009329-001:PB2, am1.2:22-010085-001:PB1, am1.1:22-010085-001:NS, ea1:22-003707-003:MP, ea1:22-003707-003:HA, am1.4.1:22-009329-001:NP, ea1:22-003707-003:NA, ea1:22-003707-003:PA	99.52%, 99.34%, 99.05%, 99.39%, 99.24%, 99.13%, 99.22%, 99.58%	11, 15, 8, 6, 13, 13, 11, 9	Ran on FASTA - No Coverage Report	2026-05-29_14-48-52
A/snowy_owl/MA/22MM00323/2022	A1	PB2:ea1, PB1:ea1, NS:ea1, MP:ea1, HA:ea1, NP:ea1, NA:ea1, PA:ea1	ea1:22-003707-003:PB2, ea1:22-003707-003:PB1, ea1:22-003707-003:NS, ea1:22-003707-003:MP, ea1:22-003707-003:HA, ea1:22-003707-003:NP, ea1:22-003707-003:NA, ea1:22-003707-003:PA	99.74%, 99.78%, 99.76%, 99.90%, 99.65%, 99.87%, 99.86%, 99.77%	6, 5, 2, 1, 6, 2, 2, 5	Ran on FASTA - No Coverage Report	2026-05-29_14-48-53
A/chicken/Nuble/241681-1/2023	B3.2	PB2:am2.1, PB1:am1.2, NS:am1.1, MP:ea1, HA:ea1, NP:am1.4.1, NA:ea1, PA:ea1	am2.1:22-009329-001:PB2, am1.2:22-010085-001:PB1, am1.1:22-010085-001:NS, ea1:22-003707-003:MP, ea1:22-003707-003:HA, am1.4.1:22-009329-001:NP, ea1:22-003707-003:NA, ea1:22-003707-003:PA	99.34%, 99.08%, 99.40%, 99.08%, 99.24%, 99.33%, 99.29%, 99.58%	15, 21, 5, 9, 13, 10, 10, 9	Ran on FASTA - No Coverage Report	2026-05-29_14-48-53
A/Turkey/Chile/240489-1/2023	Not assigned: Only 7 segments >98.0% match found of total 8 segments in input file	PB2:am2.1, PB1:am1.2, NS:am1.1, MP:ea1, NP:am1.4.1, NA:ea1, PA:ea1	am2.1:22-009329-001:PB2, am1.2:22-010085-001:PB1, am1.1:22-010085-001:NS, ea1:22-003707-003:MP, ea1:EPI-ISL-20215425:HA, am1.4.1:22-009329-001:NP, ea1:22-003707-003:NA, ea1:22-003707-003:PA	99.34%, 99.08%, 99.28%, 99.39%, 97.97%, 99.20%, 99.36%, 99.72%	15, 21, 6, 6, 36, 12, 9, 6	Ran on FASTA - No Coverage Report	2026-05-29_14-48-53
A/Backyard_bird/Illinois/USDA-009720-001/2022	B2.1	PB2:am1.2, PB1:ea1, NS:ea1, MP:ea1, HA:ea1, NP:am1.1, NA:ea1, PA:ea1	am1.2:22-007805-001:PB2, ea1:22-003707-003:PB1, ea1:22-003707-003:NS, ea1:22-003707-003:MP, ea1:22-003707-003:HA, am1.1:22-007805-001:NP, ea1:22-003707-003:NA, ea1:22-003707-003:PA	99.69%, 99.82%, 99.76%, 100.00%, 99.94%, 99.80%, 99.93%, 99.91%	7, 4, 2, 0, 1, 3, 1, 2	Ran on FASTA - No Coverage Report	2026-05-29_14-48-53
A/herring_gull/Maine/22-036180-006/2022	A2	PB2:ea1, PB1:ea2, NS:ea1, MP:ea1, HA:ea2, NP:ea1, NA:ea2, PA:ea1	ea1:22-003707-003:PB2, ea2:22-036180-006:PB1, ea1:22-003707-003:NS, ea1:22-003707-003:MP, ea2:22-008064-001:HA, ea1:22-003707-003:NP, ea2:22-008064-001:NA, ea1:22-003707-003:PA	99.52%, 100.00%, 99.40%, 99.69%, 99.71%, 99.47%, 99.72%, 99.63%	11, 0, 5, 3, 5, 8, 4, 8	Ran on FASTA - No Coverage Report	2026-05-29_14-48-53
A/common_eider/Massachusetts/22-020416-008/2022	A2	PB2:ea1, PB1:ea2, NS:ea1, MP:ea1, HA:ea2, NP:ea1, NA:ea2, PA:ea1	ea1:22-003707-003:PB2, ea2:22-036180-006:PB1, ea1:22-003707-003:NS, ea1:22-003707-003:MP, ea2:22-008064-001:HA, ea1:22-003707-003:NP, ea2:22-008064-001:NA, ea1:22-003707-003:PA	99.56%, 99.91%, 99.52%, 99.69%, 99.59%, 99.47%, 99.72%, 99.67%	10, 2, 4, 3, 7, 8, 4, 7	Ran on FASTA - No Coverage Report	2026-05-29_14-48-53
A/american_wigeon/Tennessee/22-024871-016/2022	A1	PB2:ea1, PB1:ea1, NS:ea1, MP:ea1, HA:ea1, NP:ea1, NA:ea1, PA:ea1	ea1:22-003707-003:PB2, ea1:22-003707-003:PB1, ea1:22-003707-003:NS, ea1:22-003707-003:MP, ea1:22-003707-003:HA, ea1:22-003707-003:NP, ea1:22-003707-003:NA, ea1:22-003707-003:PA	99.96%, 100.00%, 100.00%, 100.00%, 99.94%, 100.00%, 99.86%, 100.00%	1, 0, 0, 0, 1, 0, 2, 0	Ran on FASTA - No Coverage Report	2026-05-29_14-48-53
A/bald_eagle/Wisconsin/22-016701-001/2022	B2.1	PB2:am1.2, PB1:ea1, NS:ea1, MP:ea1, HA:ea1, NP:am1.1, NA:ea1, PA:ea1	am1.2:22-007805-001:PB2, ea1:22-003707-003:PB1, ea1:22-003707-003:NS, ea1:22-003707-003:MP, ea1:22-003707-003:HA, am1.1:22-007805-001:NP, ea1:22-003707-003:NA, ea1:22-003707-003:PA	99.69%, 99.78%, 99.52%, 99.90%, 99.77%, 99.80%, 99.72%, 99.91%	7, 5, 4, 1, 4, 3, 4, 2	Ran on FASTA - No Coverage Report	2026-05-29_14-48-53
A/American_Wigeon/North_Carolina/USDA-001330-023/2022	A1	PB2:ea1, PB1:ea1, NS:ea1, MP:ea1, HA:ea1, NP:ea1, NA:ea1, PA:ea1	ea1:22-003707-003:PB2, ea1:22-003707-003:PB1, ea1:22-003707-003:NS, ea1:22-003707-003:MP, ea1:22-003707-003:HA, ea1:22-003707-003:NP, ea1:22-003707-003:NA, ea1:22-003707-003:PA	99.91%, 99.91%, 99.88%, 99.90%, 99.77%, 100.00%, 99.93%, 99.86%	2, 2, 1, 1, 4, 0, 1, 3	Ran on FASTA - No Coverage Report	2026-05-29_14-48-53
A/turkey/South_Dakota/USDA-009330-002/2022	B2.1	PB2:am1.2, PB1:ea1, NS:ea1, MP:ea1, HA:ea1, NP:am1.1, NA:ea1, PA:ea1	am1.2:22-007805-001:PB2, ea1:22-003707-003:PB1, ea1:22-003707-003:NS, ea1:22-003707-003:MP, ea1:22-003707-003:HA, am1.1:22-007805-001:NP, ea1:22-003707-003:NA, ea1:22-003707-003:PA	99.83%, 99.91%, 99.76%, 99.80%, 99.88%, 99.93%, 99.79%, 99.91%	4, 2, 2, 2, 2, 1, 3, 2	Ran on FASTA - No Coverage Report	2026-05-29_14-48-54
A/chicken/Cochabamba/39425/2023	Not assigned: Only 7 segments >98.0% match found of total 8 segments in input file	PB2:am2.1, PB1:am1.2, NS:am1.1, MP:ea1, NP:am1.4.1, NA:ea1, PA:ea1	am2.1:22-009329-001:PB2, am1.2:22-010085-001:PB1, am1.1:22-010085-001:NS, ea1:22-003707-003:MP, ea1:EPI-ISL-20215425:HA, am1.4.1:22-009329-001:NP, ea1:22-003707-003:NA, ea1:22-003707-003:PA	99.43%, 99.25%, 99.17%, 99.19%, 97.86%, 99.13%, 99.22%, 99.40%	13, 17, 7, 8, 38, 13, 11, 13	Ran on FASTA - No Coverage Report	2026-05-29_14-48-54
A/turkey/North_Carolina/USDA-010145-001/2022	A1	PB2:ea1, PB1:ea1, NS:ea1, MP:ea1, HA:ea1, NP:ea1, NA:ea1, PA:ea1	ea1:22-003707-003:PB2, ea1:22-003707-003:PB1, ea1:22-003707-003:NS, ea1:22-003707-003:MP, ea1:22-003707-003:HA, ea1:22-003707-003:NP, ea1:22-003707-003:NA, ea1:22-003707-003:PA	99.91%, 99.69%, 99.64%, 100.00%, 99.71%, 99.80%, 99.64%, 99.53%	2, 7, 3, 0, 5, 3, 5, 10	Ran on FASTA - No Coverage Report	2026-05-29_14-48-54
A/chicken/Pennsylvania/22-015036-001/2022	A1	PB2:ea1, PB1:ea1, NS:ea1, MP:ea1, HA:ea1, NP:ea1, NA:ea1, PA:ea1	ea1:22-003707-003:PB2, ea1:22-003707-003:PB1, ea1:22-003707-003:NS, ea1:22-003707-003:MP, ea1:22-003707-003:HA, ea1:22-003707-003:NP, ea1:22-003707-003:NA, ea1:22-003707-003:PA	99.83%, 99.78%, 99.64%, 99.80%, 99.53%, 99.13%, 99.86%, 99.63%	4, 5, 3, 2, 8, 13, 2, 8	Ran on FASTA - No Coverage Report	2026-05-29_14-48-54
A/brown_booby/Peru/23-005629-003/2022	B3.2	PB2:am2.1, PB1:am1.2, NS:am1.1, MP:ea1, HA:ea1, NP:am1.4.1, NA:ea1, PA:ea1	am2.1:22-009329-001:PB2, am1.2:22-010085-001:PB1, am1.1:22-010085-001:NS, ea1:22-003707-003:MP, ea1:22-003707-003:HA, am1.4.1:22-009329-001:NP, ea1:22-003707-003:NA, ea1:22-003707-003:PA	99.52%, 99.34%, 99.28%, 99.49%, 99.24%, 99.27%, 99.50%, 99.63%	11, 15, 6, 5, 13, 11, 7, 8	Ran on FASTA - No Coverage Report	2026-05-29_14-48-54
A/great_black-backed_gull/Maine/22-022526-007/2022	A2	PB2:ea1, PB1:ea2, NS:ea1, MP:ea1, HA:ea2, NP:ea1, NA:ea2, PA:ea1	ea1:22-003707-003:PB2, ea2:22-036180-006:PB1, ea1:22-003707-003:NS, ea1:22-003707-003:MP, ea2:22-008064-001:HA, ea1:22-003707-003:NP, ea2:22-008064-001:NA, ea1:22-003707-003:PA	99.47%, 99.82%, 99.52%, 99.80%, 99.47%, 99.47%, 99.50%, 99.67%	12, 4, 4, 2, 9, 8, 7, 7	Ran on FASTA - No Coverage Report	2026-05-29_14-48-54
A/turkey_vulture/Washington/22-023551-001/2022	B4.1	PB2:am2.2, PB1:ea1, NS:ea1, MP:ea1, HA:ea1, NP:am1.3, NA:ea1, PA:ea1	am2.2:22-010445-001:PB2, ea1:22-003707-003:PB1, ea1:22-003707-003:NS, ea1:22-003707-003:MP, ea1:22-003707-003:HA, am1.3:22-010445-001:NP, ea1:22-003707-003:NA, ea1:22-003707-003:PA	99.69%, 99.82%, 99.64%, 99.69%, 99.71%, 99.80%, 99.72%, 99.72%	7, 4, 3, 3, 5, 3, 4, 6	Ran on FASTA - No Coverage Report	2026-05-29_14-48-54
A/turkey/Valparaiso/245562-1/2023	Not assigned: Only 7 segments >98.0% match found of total 8 segments in input file	PB2:am2.1, PB1:am1.2, NS:am1.1, MP:ea1, NP:am1.4.1, NA:ea1, PA:ea1	am2.1:22-009329-001:PB2, am1.2:22-010085-001:PB1, am1.1:22-010085-001:NS, ea1:22-003707-003:MP, ea1:EPI-ISL-20215425:HA, am1.4.1:22-009329-001:NP, ea1:22-003707-003:NA, ea1:22-003707-003:PA	99.12%, 99.30%, 99.40%, 99.39%, 97.86%, 98.93%, 99.36%, 99.44%	20, 16, 5, 6, 38, 16, 9, 12	Ran on FASTA - No Coverage Report	2026-05-29_14-48-54
A/Gadwall/North_Carolina/USDA-003150-010/2022	A1	PB2:ea1, PB1:ea1, NS:ea1, MP:ea1, HA:ea1, NP:ea1, NA:ea1, PA:ea1	ea1:22-003707-003:PB2, ea1:22-003707-003:PB1, ea1:22-003707-003:NS, ea1:22-003707-003:MP, ea1:22-003707-003:HA, ea1:22-003707-003:NP, ea1:22-003707-003:NA, ea1:22-003707-003:PA	99.91%, 99.91%, 99.88%, 99.80%, 99.71%, 99.93%, 99.72%, 99.86%	2, 2, 1, 2, 5, 1, 4, 3	Ran on FASTA - No Coverage Report	2026-05-29_14-48-54
A/backyard_chicken/Uruguay/UDELAR-127-M4/2023	B3.2	PB2:am2.1, PB1:am1.2, NS:am1.1, MP:ea1, HA:ea1, NP:am1.4.1, NA:ea1, PA:ea1	am2.1:22-009329-001:PB2, am1.2:22-010085-001:PB1, am1.1:22-010085-001:NS, ea1:22-003707-003:MP, ea1:22-003707-003:HA, am1.4.1:22-009329-001:NP, ea1:22-003707-003:NA, ea1:22-003707-003:PA	99.30%, 99.03%, 99.17%, 99.29%, 99.12%, 99.13%, 99.22%, 99.53%	16, 22, 7, 7, 15, 13, 11, 10	Ran on FASTA - No Coverage Report	2026-05-29_14-48-54
A/South_American_tern/Argentina/CH-PD030/2023	B3.2	PB2:am2.1, PB1:am1.2, NS:am1.1, MP:ea1, HA:ea1, NP:am1.4.1, NA:ea1, PA:ea1	am2.1:22-009329-001:PB2, am1.2:22-010085-001:PB1, am1.1:22-010085-001:NS, ea1:22-003707-003:MP, ea1:22-003707-003:HA, am1.4.1:22-009329-001:NP, ea1:22-003707-003:NA, ea1:22-003707-003:PA	99.34%, 99.12%, 98.93%, 99.38%, 99.12%, 99.06%, 99.43%, 99.40%	15, 20, 9, 6, 15, 14, 8, 13	Ran on FASTA - No Coverage Report	2026-05-29_14-48-55
A/turkey/South_Dakota/22-007534-002/2022	A1	PB2:ea1, PB1:ea1, NS:ea1, MP:ea1, HA:ea1, NP:ea1, NA:ea1, PA:ea1	ea1:22-003707-003:PB2, ea1:22-003707-003:PB1, ea1:22-003707-003:NS, ea1:22-003707-003:MP, ea1:22-003707-003:HA, ea1:22-003707-003:NP, ea1:22-003707-003:NA, ea1:22-003707-003:PA	99.91%, 99.91%, 99.64%, 100.00%, 99.77%, 99.73%, 99.86%, 99.81%	2, 2, 3, 0, 4, 4, 2, 4	Ran on FASTA - No Coverage Report	2026-05-29_14-48-55
A/backyard_chicken/Uruguay/UDELAR-040-M7/2023	B3.2	PB2:am2.1, PB1:am1.2, NS:am1.1, MP:ea1, HA:ea1, NP:am1.4.1, NA:ea1, PA:ea1	am2.1:22-009329-001:PB2, am1.2:22-010085-001:PB1, am1.1:22-010085-001:NS, ea1:22-003707-003:MP, ea1:22-003707-003:HA, am1.4.1:22-009329-001:NP, ea1:22-003707-003:NA, ea1:22-003707-003:PA	99.43%, 99.16%, 98.93%, 99.29%, 99.24%, 99.13%, 99.29%, 99.67%	13, 19, 9, 7, 13, 13, 10, 7	Ran on FASTA - No Coverage Report	2026-05-29_14-48-55
A/Backyard_bird/Michigan/USDA-005440-001/2022	A1	PB2:ea1, PB1:ea1, NS:ea1, MP:ea1, HA:ea1, NP:ea1, NA:ea1, PA:ea1	ea1:22-003707-003:PB2, ea1:22-003707-003:PB1, ea1:22-003707-003:NS, ea1:22-003707-003:MP, ea1:22-003707-003:HA, ea1:22-003707-003:NP, ea1:22-003707-003:NA, ea1:22-003707-003:PA	99.87%, 99.96%, 99.88%, 99.90%, 99.82%, 99.87%, 99.93%, 99.95%	3, 1, 1, 1, 3, 2, 1, 1	Ran on FASTA - No Coverage Report	2026-05-29_14-48-55
A/Snow_Goose/Missouri/USDA-012338-015/2022	B2.1	PB2:am1.2, PB1:ea1, NS:ea1, MP:ea1, HA:ea1, NP:am1.1, NA:ea1, PA:ea1	am1.2:22-007805-001:PB2, ea1:22-003707-003:PB1, ea1:22-003707-003:NS, ea1:22-003707-003:MP, ea1:22-003707-003:HA, am1.1:22-007805-001:NP, ea1:22-003707-003:NA, ea1:22-003707-003:PA	99.91%, 99.82%, 99.76%, 100.00%, 99.82%, 99.87%, 99.93%, 99.86%	2, 4, 2, 0, 3, 2, 1, 3	Ran on FASTA - No Coverage Report	2026-05-29_14-48-55
A/double_crested_cormorant/Minnesota/22-018423-005/2022	B3.2	PB2:am2.1, PB1:am1.2, NS:am1.1, MP:ea1, HA:ea1, NP:am1.4.1, NA:ea1, PA:ea1	am2.1:22-009329-001:PB2, am1.2:22-010085-001:PB1, am1.1:22-010085-001:NS, ea1:22-003707-003:MP, ea1:22-003707-003:HA, am1.4.1:22-009329-001:NP, ea1:22-003707-003:NA, ea1:22-003707-003:PA	99.56%, 99.65%, 99.76%, 99.59%, 99.59%, 99.67%, 99.36%, 99.77%	10, 8, 2, 4, 7, 5, 9, 5	Ran on FASTA - No Coverage Report	2026-05-29_14-48-55
A/Numida_meleagris/Santa_Catarina/1843-N3/2023	B3.2	PB2:am2.1, PB1:am1.2, NS:am1.1, MP:ea1, HA:ea1, NP:am1.4.1, NA:ea1, PA:ea1	am2.1:22-009329-001:PB2, am1.2:22-010085-001:PB1, am1.1:22-010085-001:NS, ea1:22-003707-003:MP, ea1:22-003707-003:HA, am1.4.1:22-009329-001:NP, ea1:22-003707-003:NA, ea1:22-003707-003:PA	99.34%, 99.08%, 99.40%, 99.39%, 98.36%, 98.80%, 98.94%, 99.26%	15, 21, 5, 6, 28, 18, 15, 16	Ran on FASTA - No Coverage Report	2026-05-29_14-48-55
A/chicken/Cochabamba/39507/2023	Not assigned: Only 6 segments >98.0% match found of total 8 segments in input file	PB2:am2.1, PB1:am1.2, NS:am1.1, MP:ea1, NP:am1.4.1, NA:ea1	am2.1:22-009329-001:PB2, am1.2:22-010085-001:PB1, am1.1:22-010085-001:NS, ea1:22-003707-003:MP, ea1:EPI-ISL-20215425:HA, am1.4.1:22-009329-001:NP, ea1:22-003707-003:NA, ea1:EPI-ISL-20215425:PA	98.47%, 99.22%, 99.05%, 99.29%, 97.92%, 99.20%, 99.29%, 95.32%	11, 7, 8, 7, 37, 12, 10, 12	Ran on FASTA - No Coverage Report	2026-05-29_14-48-55
A/American_Wigeon/South_Carolina/22-000345-001/2021	A1	PB2:ea1, PB1:ea1, NS:ea1, MP:ea1, HA:ea1, NP:ea1, NA:ea1, PA:ea1	ea1:22-003707-003:PB2, ea1:22-003707-003:PB1, ea1:22-003707-003:NS, ea1:22-003707-003:MP, ea1:22-003707-003:HA, ea1:22-003707-003:NP, ea1:22-003707-003:NA, ea1:22-003707-003:PA	99.83%, 100.00%, 99.88%, 100.00%, 99.82%, 99.93%, 99.79%, 99.95%	4, 0, 1, 0, 3, 1, 3, 1	Ran on FASTA - No Coverage Report	2026-05-29_14-48-55
A/goose/Barueri/LEIAL5803/2025	Not assigned: Only 5 segments >98.0% match found of total 8 segments in input file	NS:am1.1, MP:ea1, HA:ea1, NA:ea1, PA:ea1	am7:22-035442-001:PB2, am12:23-004320-002:PB1, am1.1:22-010085-001:NS, ea1:22-003707-003:MP, ea1:24-009110-019:HA, am5:23-013078-002:NP, ea1:24-009110-019:NA, ea1:22-003707-003:PA	90.31%, 96.17%, 98.45%, 98.27%, 98.65%, 92.52%, 98.86%, 99.02%	219, 87, 13, 17, 23, 112, 16, 21	Ran on FASTA - No Coverage Report	2026-05-29_14-48-55
A/Lesser_Scaup/Georgia/USDA-006543-005/2022	B1.1	PB2:am1.1, PB1:am1.1, NS:ea1, MP:ea1, HA:ea1, NP:am1.2, NA:ea1, PA:ea1	am1.1:22-009287-001:PB2, am1.1:22-009287-001:PB1, ea1:22-003707-003:NS, ea1:22-003707-003:MP, ea1:22-003707-003:HA, am1.2:22-009287-001:NP, ea1:22-003707-003:NA, ea1:22-003707-003:PA	99.96%, 99.87%, 99.76%, 99.90%, 99.71%, 100.00%, 99.86%, 99.81%	1, 3, 2, 1, 5, 0, 2, 4	Ran on FASTA - No Coverage Report	2026-05-29_14-48-56
A/Wood_Duck/North_Carolina/USDA-003829-001/2022	A1	PB2:ea1, PB1:ea1, NS:ea1, MP:ea1, HA:ea1, NP:ea1, NA:ea1, PA:ea1	ea1:22-003707-003:PB2, ea1:22-003707-003:PB1, ea1:22-003707-003:NS, ea1:22-003707-003:MP, ea1:22-003707-003:HA, ea1:22-003707-003:NP, ea1:22-003707-003:NA, ea1:22-003707-003:PA	99.87%, 99.96%, 99.76%, 100.00%, 99.82%, 99.73%, 99.86%, 99.86%	3, 1, 2, 0, 3, 4, 2, 3	Ran on FASTA - No Coverage Report	2026-05-29_14-48-56
A/common_eider/Massachusetts/22-020416-011/2022	A2	PB2:ea1, PB1:ea2, NS:ea1, MP:ea1, HA:ea2, NP:ea1, NA:ea2, PA:ea1	ea1:22-003707-003:PB2, ea2:22-036180-006:PB1, ea1:22-003707-003:NS, ea1:22-003707-003:MP, ea2:22-008064-001:HA, ea1:22-003707-003:NP, ea2:22-008064-001:NA, ea1:22-003707-003:PA	99.47%, 99.96%, 99.40%, 99.80%, 99.65%, 99.40%, 99.57%, 99.67%	12, 1, 5, 2, 6, 9, 6, 7	Ran on FASTA - No Coverage Report	2026-05-29_14-48-56
A/black_vulture/Pennsylvania/22-017504-001/2022	B1.1	PB2:am1.1, PB1:am1.1, NS:ea1, MP:ea1, HA:ea1, NP:am1.2, NA:ea1, PA:ea1	am1.1:22-009287-001:PB2, am1.1:22-009287-001:PB1, ea1:22-003707-003:NS, ea1:22-003707-003:MP, ea1:22-003707-003:HA, am1.2:22-009287-001:NP, ea1:22-003707-003:NA, ea1:22-003707-003:PA	99.69%, 99.78%, 99.64%, 99.90%, 99.59%, 99.87%, 99.86%, 99.86%	7, 5, 3, 1, 7, 2, 2, 3	Ran on FASTA - No Coverage Report	2026-05-29_14-48-56
A/American_White_Pelican/Iowa/USDA-011101-001/2022	A1	PB2:ea1, PB1:ea1, NS:ea1, MP:ea1, HA:ea1, NP:ea1, NA:ea1, PA:ea1	ea1:22-003707-003:PB2, ea1:22-003707-003:PB1, ea1:22-003707-003:NS, ea1:22-003707-003:MP, ea1:22-003707-003:HA, ea1:22-003707-003:NP, ea1:22-003707-003:NA, ea1:22-003707-003:PA	99.65%, 99.96%, 99.76%, 99.80%, 99.53%, 99.80%, 99.86%, 99.72%	8, 1, 2, 2, 8, 3, 2, 6	Ran on FASTA - No Coverage Report	2026-05-29_14-48-56
A/duck/Minnesota/22-014295-003/2022	B3.2	PB2:am2.1, PB1:am1.2, NS:am1.1, MP:ea1, HA:ea1, NP:am1.4.1, NA:ea1, PA:ea1	am2.1:22-009329-001:PB2, am1.2:22-010085-001:PB1, am1.1:22-010085-001:NS, ea1:22-003707-003:MP, ea1:22-003707-003:HA, am1.4.1:22-009329-001:NP, ea1:22-003707-003:NA, ea1:22-003707-003:PA	99.78%, 99.78%, 100.00%, 99.80%, 99.77%, 99.93%, 99.64%, 99.95%	5, 5, 0, 2, 4, 1, 5, 1	Ran on FASTA - No Coverage Report	2026-05-29_14-48-56
A/chicken/Chile/241517/2023	Not assigned: Only 7 segments >98.0% match found of total 8 segments in input file	PB2:am2.1, PB1:am1.2, NS:am1.1, MP:ea1, NP:am1.4.1, NA:ea1, PA:ea1	am2.1:22-009329-001:PB2, am1.2:22-010085-001:PB1, am1.1:22-010085-001:NS, ea1:22-003707-003:MP, ea1:EPI-ISL-20215425:HA, am1.4.1:22-009329-001:NP, ea1:22-003707-003:NA, ea1:22-003707-003:PA	99.34%, 99.21%, 99.40%, 99.29%, 97.86%, 99.00%, 99.29%, 99.49%	15, 18, 5, 7, 38, 15, 10, 11	Ran on FASTA - No Coverage Report	2026-05-29_14-48-56
A/Pelican/OHiggins/233721-1/2023	Not assigned: Only 7 segments >98.0% match found of total 8 segments in input file	PB2:am2.1, PB1:am1.2, NS:am1.1, MP:ea1, NP:am1.4.1, NA:ea1, PA:ea1	am2.1:22-009329-001:PB2, am1.2:22-010085-001:PB1, am1.1:22-010085-001:NS, ea1:22-003707-003:MP, ea1:EPI-ISL-20215425:HA, am1.4.1:22-009329-001:NP, ea1:22-003707-003:NA, ea1:22-003707-003:PA	99.43%, 99.25%, 99.28%, 99.49%, 97.86%, 99.20%, 99.29%, 99.67%	13, 17, 6, 5, 38, 12, 10, 7	Ran on FASTA - No Coverage Report	2026-05-29_14-48-56
A/chicken/Peru/23-005607-002/2022	B3.2	PB2:am2.1, PB1:am1.2, NS:am1.1, MP:ea1, HA:ea1, NP:am1.4.1, NA:ea1, PA:ea1	am2.1:22-009329-001:PB2, am1.2:22-010085-001:PB1, am1.1:22-010085-001:NS, ea1:22-003707-003:MP, ea1:22-003707-003:HA, am1.4.1:22-009329-001:NP, ea1:22-003707-003:NA, ea1:22-003707-003:PA	99.47%, 99.38%, 99.40%, 99.49%, 99.30%, 99.27%, 99.50%, 99.72%	12, 14, 5, 5, 12, 11, 7, 6	Ran on FASTA - No Coverage Report	2026-05-29_14-48-56
A/Inca_tern/Antofagasta/238083/2023	B3.2	PB2:am2.1, PB1:am1.2, NS:am1.1, MP:ea1, HA:ea1, NP:am1.4.1, NA:ea1, PA:ea1	am2.1:22-009329-001:PB2, am1.2:22-010085-001:PB1, am1.1:22-010085-001:NS, ea1:22-003707-003:MP, ea1:22-003707-003:HA, am1.4.1:22-009329-001:NP, ea1:22-003707-003:NA, ea1:22-003707-003:PA	99.39%, 99.30%, 98.81%, 99.29%, 99.12%, 99.20%, 99.43%, 99.67%	14, 16, 10, 7, 15, 12, 8, 7	Ran on FASTA - No Coverage Report	2026-05-29_14-48-56
A/turkey_vulture/North_Dakota/22-013265-001/2022	B2.1	PB2:am1.2, PB1:ea1, NS:ea1, MP:ea1, HA:ea1, NP:am1.1, NA:ea1, PA:ea1	am1.2:22-007805-001:PB2, ea1:22-003707-003:PB1, ea1:22-003707-003:NS, ea1:22-003707-003:MP, ea1:22-003707-003:HA, am1.1:22-007805-001:NP, ea1:22-003707-003:NA, ea1:22-003707-003:PA	99.96%, 99.82%, 99.88%, 99.90%, 99.82%, 99.93%, 99.86%, 99.86%	1, 4, 1, 1, 3, 1, 2, 3	Ran on FASTA - No Coverage Report	2026-05-29_14-48-57
A/chicken/Michigan/USDA-012855-002/2022	B1.2	PB2:am1.1, PB1:am1.1, NS:ea1, MP:ea1, HA:ea1, NP:am1.2, NA:ea1, PA:am1	am1.1:22-009287-001:PB2, am1.1:22-009287-001:PB1, ea1:22-003707-003:NS, ea1:22-003707-003:MP, ea1:22-003707-003:HA, am1.2:22-009287-001:NP, ea1:22-003707-003:NA, am1:22-008890-001:PA	99.83%, 99.65%, 99.76%, 99.69%, 99.65%, 99.60%, 99.86%, 99.86%	4, 8, 2, 3, 6, 6, 2, 3	Ran on FASTA - No Coverage Report	2026-05-29_14-48-57
A/snow_goose/Minnesota/22-037628-004/2022	B3.2	PB2:am2.1, PB1:am1.2, NS:am1.1, MP:ea1, HA:ea1, NP:am1.4.1, NA:ea1, PA:ea1	am2.1:22-009329-001:PB2, am1.2:22-010085-001:PB1, am1.1:22-010085-001:NS, ea1:22-003707-003:MP, ea1:22-003707-003:HA, am1.4.1:22-009329-001:NP, ea1:22-003707-003:NA, ea1:22-003707-003:PA	99.56%, 99.47%, 99.64%, 99.49%, 99.24%, 99.60%, 99.57%, 99.67%	10, 12, 3, 5, 13, 6, 6, 7	Ran on FASTA - No Coverage Report	2026-05-29_14-48-57
A/black_vulture/Florida/22-021013-004/2022	B1.1	PB2:am1.1, PB1:am1.1, NS:ea1, MP:ea1, HA:ea1, NP:am1.2, NA:ea1, PA:ea1	am1.1:22-009287-001:PB2, am1.1:22-009287-001:PB1, ea1:22-003707-003:NS, ea1:22-003707-003:MP, ea1:22-003707-003:HA, am1.2:22-009287-001:NP, ea1:22-003707-003:NA, ea1:22-003707-003:PA	99.65%, 99.82%, 99.64%, 99.90%, 99.65%, 99.73%, 99.72%, 99.77%	8, 4, 3, 1, 6, 4, 4, 5	Ran on FASTA - No Coverage Report	2026-05-29_14-48-57
A/avian/Chile/274137/2023	Not assigned: Only 7 segments >98.0% match found of total 8 segments in input file	PB2:am2.1, PB1:am1.2, NS:am1.1, MP:ea1, NP:am1.4.1, NA:ea1, PA:ea1	am2.1:22-009329-001:PB2, am1.2:22-010085-001:PB1, am1.1:22-010085-001:NS, ea1:22-003707-003:MP, ea1:EPI-ISL-20215425:HA, am1.4.1:22-009329-001:NP, ea1:22-003707-003:NA, ea1:22-003707-003:PA	99.43%, 99.08%, 98.81%, 99.29%, 97.64%, 99.00%, 99.22%, 99.21%	13, 21, 10, 7, 42, 15, 11, 17	Ran on FASTA - No Coverage Report	2026-05-29_14-48-57
A/peregrine_falcon/Antofagasta/235144-1/2023	Not assigned: Only 7 segments >98.0% match found of total 8 segments in input file	PB2:am2.1, PB1:am1.2, NS:am1.1, MP:ea1, NP:am1.4.1, NA:ea1, PA:ea1	am2.1:22-009329-001:PB2, am1.2:22-010085-001:PB1, am1.1:22-010085-001:NS, ea1:22-003707-003:MP, ea1:EPI-ISL-20215425:HA, am1.4.1:22-009329-001:NP, ea1:22-003707-003:NA, ea1:22-003707-003:PA	99.43%, 99.30%, 98.81%, 99.29%, 97.92%, 99.20%, 99.50%, 99.53%	13, 16, 10, 7, 37, 12, 7, 10	Ran on FASTA - No Coverage Report	2026-05-29_14-48-57
A/duck/Choco/ICA-3501/2022	B1.3	PB2:am1.3, PB1:am1.3, NS:ea1, MP:ea1, HA:ea1, NP:am1.2, NA:ea1, PA:am1.2	am1.3:23-003733-001:PB2, am1.3:23-003733-001:PB1, ea1:22-003707-003:NS, ea1:22-003707-003:MP, ea1:22-003707-003:HA, am1.2:22-009287-001:NP, ea1:22-003707-003:NA, am1.2:23-003733-001:PA	99.39%, 99.60%, 99.17%, 99.49%, 99.47%, 99.60%, 99.06%, 99.53%	14, 9, 7, 5, 9, 6, 13, 10	Ran on FASTA - No Coverage Report	2026-05-29_14-48-57
A/turkey/North_Carolina/USDA-009982-003/2022	A1	PB2:ea1, PB1:ea1, NS:ea1, MP:ea1, HA:ea1, NP:ea1, NA:ea1, PA:ea1	ea1:22-003707-003:PB2, ea1:22-003707-003:PB1, ea1:22-003707-003:NS, ea1:22-003707-003:MP, ea1:22-003707-003:HA, ea1:22-003707-003:NP, ea1:22-003707-003:NA, ea1:22-003707-003:PA	99.91%, 99.69%, 99.64%, 100.00%, 99.71%, 99.87%, 99.64%, 99.53%	2, 7, 3, 0, 5, 2, 5, 10	Ran on FASTA - No Coverage Report	2026-05-29_14-48-58
A/backyard_chicken/Uruguay/UDELAR-040-M5/2023	B3.2	PB2:am2.1, PB1:am1.2, NS:am1.1, MP:ea1, HA:ea1, NP:am1.4.1, NA:ea1, PA:ea1	am2.1:22-009329-001:PB2, am1.2:22-010085-001:PB1, am1.1:22-010085-001:NS, ea1:22-003707-003:MP, ea1:22-003707-003:HA, am1.4.1:22-009329-001:NP, ea1:22-003707-003:NA, ea1:22-003707-003:PA	99.43%, 99.16%, 98.93%, 99.19%, 99.24%, 99.13%, 99.29%, 99.67%	13, 19, 9, 8, 13, 13, 10, 7	Ran on FASTA - No Coverage Report	2026-05-29_14-48-58
A/sanderling/MA/22HP00159/2022	A2	PB2:ea1, PB1:ea2, NS:ea1, MP:ea1, HA:ea2, NP:ea1, NA:ea2, PA:ea1	ea1:22-003707-003:PB2, ea2:22-036180-006:PB1, ea1:22-003707-003:NS, ea1:22-003707-003:MP, ea2:22-008064-001:HA, ea1:22-003707-003:NP, ea2:22-008064-001:NA, ea1:22-003707-003:PA	99.61%, 99.78%, 99.64%, 99.80%, 99.88%, 99.40%, 99.64%, 99.77%	9, 5, 3, 2, 2, 9, 5, 5	Ran on FASTA - No Coverage Report	2026-05-29_14-48-58
A/turkey/South_Dakota/USDA-009841-001/2022	B3.1	PB2:am2.1, PB1:ea1, NS:ea1, MP:ea1, HA:ea1, NP:am1.4.1, NA:ea1, PA:ea1	am2.1:22-009329-001:PB2, ea1:22-003707-003:PB1, ea1:22-003707-003:NS, ea1:22-003707-003:MP, ea1:22-003707-003:HA, am1.4.1:22-009329-001:NP, ea1:22-003707-003:NA, ea1:22-003707-003:PA	99.91%, 99.91%, 100.00%, 99.90%, 99.71%, 99.93%, 99.72%, 99.95%	2, 2, 0, 1, 5, 1, 4, 1	Ran on FASTA - No Coverage Report	2026-05-29_14-48-58
A/red-tailed_hawk/Massachusetts/22-010671-005/2022	A2	PB2:ea1, PB1:ea2, NS:ea1, MP:ea1, HA:ea2, NP:ea1, NA:ea2, PA:ea1	ea1:22-003707-003:PB2, ea2:22-036180-006:PB1, ea1:22-003707-003:NS, ea1:22-003707-003:MP, ea2:22-008064-001:HA, ea1:22-003707-003:NP, ea2:22-008064-001:NA, ea1:22-003707-003:PA	99.61%, 99.82%, 99.64%, 99.80%, 99.88%, 99.47%, 99.72%, 99.86%	9, 4, 3, 2, 2, 8, 4, 3	Ran on FASTA - No Coverage Report	2026-05-29_14-48-58
A/goose/Massachusetts/USDA-005893-002/2022	A1	PB2:ea1, PB1:ea1, NS:ea1, MP:ea1, HA:ea1, NP:ea1, NA:ea1, PA:ea1	ea1:22-003707-003:PB2, ea1:22-003707-003:PB1, ea1:22-003707-003:NS, ea1:22-003707-003:MP, ea1:22-003707-003:HA, ea1:22-003707-003:NP, ea1:22-003707-003:NA, ea1:22-003707-003:PA	99.78%, 99.91%, 99.76%, 99.90%, 99.65%, 99.80%, 99.79%, 99.81%	5, 2, 2, 1, 6, 3, 3, 4	Ran on FASTA - No Coverage Report	2026-05-29_14-48-58
A/chicken/Chile/243881-2/2023	B3.2	PB2:am2.1, PB1:am1.2, NS:am1.1, MP:ea1, HA:ea1, NP:am1.4.1, NA:ea1, PA:ea1	am2.1:22-009329-001:PB2, am1.2:22-010085-001:PB1, am1.1:22-010085-001:NS, ea1:22-003707-003:MP, ea1:EPI-ISL-20215425:HA, am1.4.1:22-009329-001:NP, ea1:22-003707-003:NA, ea1:22-003707-003:PA	99.30%, 98.99%, 99.28%, 99.49%, 98.03%, 99.20%, 99.29%, 99.58%	16, 23, 6, 5, 35, 12, 10, 9	Ran on FASTA - No Coverage Report	2026-05-29_14-48-58
A/turkey/South_Dakota/USDA-009330-001/2022	B2.1	PB2:am1.2, PB1:ea1, NS:ea1, MP:ea1, HA:ea1, NP:am1.1, NA:ea1, PA:ea1	am1.2:22-007805-001:PB2, ea1:22-003707-003:PB1, ea1:22-003707-003:NS, ea1:22-003707-003:MP, ea1:22-003707-003:HA, am1.1:22-007805-001:NP, ea1:22-003707-003:NA, ea1:22-003707-003:PA	99.78%, 99.91%, 99.76%, 99.90%, 99.94%, 99.93%, 99.79%, 99.91%	5, 2, 2, 1, 1, 1, 3, 2	Ran on FASTA - No Coverage Report	2026-05-29_14-48-59
A/bald_eagle/Michigan/22-015054-001/2022	B1.1	PB2:am1.1, PB1:am1.1, NS:ea1, MP:ea1, HA:ea1, NP:am1.2, NA:ea1, PA:ea1	am1.1:22-009287-001:PB2, am1.1:22-009287-001:PB1, ea1:22-003707-003:NS, ea1:22-003707-003:MP, ea1:22-003707-003:HA, am1.2:22-009287-001:NP, ea1:22-003707-003:NA, ea1:22-003707-003:PA	99.78%, 99.82%, 99.64%, 99.90%, 99.71%, 99.80%, 99.72%, 99.67%	5, 4, 3, 1, 5, 3, 4, 7	Ran on FASTA - No Coverage Report	2026-05-29_14-48-59
A/Chicken/Argentina/588-4/2023	B3.2	PB2:am2.1, PB1:am1.2, NS:am1.1, MP:ea1, HA:ea1, NP:am1.4.1, NA:ea1, PA:ea1	am2.1:22-009329-001:PB2, am1.2:22-010085-001:PB1, am1.1:22-010085-001:NS, ea1:22-003707-003:MP, ea1:22-003707-003:HA, am1.4.1:22-009329-001:NP, ea1:22-003707-003:NA, ea1:22-003707-003:PA	99.43%, 99.21%, 99.17%, 99.49%, 99.24%, 99.13%, 99.29%, 99.67%	13, 18, 7, 5, 13, 13, 10, 7	Ran on FASTA - No Coverage Report	2026-05-29_14-48-59
A/chicken/Peru/AIS0546/2022	B3.2	PB2:am2.1, PB1:am1.2, NS:am1.1, MP:ea1, HA:ea1, NP:am1.4.1, NA:ea1, PA:ea1	am2.1:22-009329-001:PB2, am1.2:22-010085-001:PB1, am1.1:22-010085-001:NS, ea1:22-003707-003:MP, ea1:22-003707-003:HA, am1.4.1:22-009329-001:NP, ea1:22-003707-003:NA, ea1:22-003707-003:PA	99.56%, 99.34%, 99.28%, 99.49%, 99.06%, 99.27%, 99.43%, 99.58%	10, 15, 6, 5, 16, 11, 8, 9	Ran on FASTA - No Coverage Report	2026-05-29_14-48-59
A/turkey/South_Dakota/USDA-008704-001/2022	B3.2	PB2:am2.1, PB1:am1.2, NS:am1.1, MP:ea1, HA:ea1, NP:am1.4.1, NA:ea1, PA:ea1	am2.1:22-009329-001:PB2, am1.2:22-010085-001:PB1, am1.1:22-010085-001:NS, ea1:22-003707-003:MP, ea1:22-003707-003:HA, am1.4.1:22-009329-001:NP, ea1:22-003707-003:NA, ea1:22-003707-003:PA	99.74%, 99.74%, 99.64%, 99.80%, 99.88%, 99.87%, 99.93%, 99.91%	6, 6, 3, 2, 2, 2, 1, 2	Ran on FASTA - No Coverage Report	2026-05-29_14-48-59
A/chicken/Oregon/22-021194-001-original/2022	B4.1	PB2:am2.2, PB1:ea1, NS:ea1, MP:ea1, HA:ea1, NP:am1.3, NA:ea1, PA:ea1	am2.2:22-010445-001:PB2, ea1:22-003707-003:PB1, ea1:22-003707-003:NS, ea1:22-003707-003:MP, ea1:22-003707-003:HA, am1.3:22-010445-001:NP, ea1:22-003707-003:NA, ea1:22-003707-003:PA	99.83%, 99.82%, 99.64%, 99.80%, 99.65%, 99.80%, 99.64%, 99.77%	4, 4, 3, 2, 6, 3, 5, 5	Ran on FASTA - No Coverage Report	2026-05-29_14-48-59
A/black_vulture/New_Jersey/22-016602-003/2022	B1.1	PB2:am1.1, PB1:am1.1, NS:ea1, MP:ea1, HA:ea1, NP:am1.2, NA:ea1, PA:ea1	am1.1:22-009287-001:PB2, am1.1:22-009287-001:PB1, ea1:22-003707-003:NS, ea1:22-003707-003:MP, ea1:22-003707-003:HA, am1.2:22-009287-001:NP, ea1:22-003707-003:NA, ea1:22-003707-003:PA	99.74%, 99.65%, 99.76%, 99.90%, 99.53%, 99.73%, 99.86%, 99.77%	6, 8, 2, 1, 8, 4, 2, 5	Ran on FASTA - No Coverage Report	2026-05-29_14-48-59
A/tern/Espirito_Santo/MAPA-1339N2/2023	B3.2	PB2:am2.1, PB1:am1.2, NS:am1.1, MP:ea1, HA:ea1, NP:am1.4.1, NA:ea1, PA:ea1	am2.1:22-009329-001:PB2, am1.2:22-010085-001:PB1, am1.1:22-010085-001:NS, ea1:22-003707-003:MP, ea1:22-003707-003:HA, am1.4.1:22-009329-001:NP, ea1:22-003707-003:NA, ea1:22-003707-003:PA	99.30%, 99.16%, 99.17%, 99.38%, 99.06%, 99.06%, 99.29%, 99.53%	16, 19, 7, 6, 16, 14, 10, 10	Ran on FASTA - No Coverage Report	2026-05-29_14-49-00
A/black_vulture/Florida/22-024355-002/2022	B1.1	PB2:am1.1, PB1:am1.1, NS:ea1, MP:ea1, HA:ea1, NP:am1.2, NA:ea1, PA:ea1	am1.1:22-009287-001:PB2, am1.1:22-009287-001:PB1, ea1:22-003707-003:NS, ea1:22-003707-003:MP, ea1:22-003707-003:HA, am1.2:22-009287-001:NP, ea1:22-003707-003:NA, ea1:22-003707-003:PA	99.56%, 99.82%, 99.88%, 99.80%, 99.47%, 99.73%, 99.43%, 99.44%	10, 4, 1, 2, 9, 4, 8, 12	Ran on FASTA - No Coverage Report	2026-05-29_14-49-00
A/great_horned_owl/Minnesota/22-013751-001/2022	B2.1	PB2:am1.2, PB1:ea1, NS:ea1, MP:ea1, HA:ea1, NP:am1.1, NA:ea1, PA:ea1	am1.2:22-007805-001:PB2, ea1:22-003707-003:PB1, ea1:22-003707-003:NS, ea1:22-003707-003:MP, ea1:22-003707-003:HA, am1.1:22-007805-001:NP, ea1:22-003707-003:NA, ea1:22-003707-003:PA	99.91%, 99.96%, 99.76%, 100.00%, 99.88%, 100.00%, 99.79%, 99.91%	2, 1, 2, 0, 2, 0, 3, 2	Ran on FASTA - No Coverage Report	2026-05-29_14-49-00
A/bald_eagle/Michigan/22-020919-001/2022	B2.1	PB2:am1.2, PB1:ea1, NS:ea1, MP:ea1, HA:ea1, NP:am1.1, NA:ea1, PA:ea1	am1.2:22-007805-001:PB2, ea1:22-003707-003:PB1, ea1:22-003707-003:NS, ea1:22-003707-003:MP, ea1:22-003707-003:HA, am1.1:22-007805-001:NP, ea1:22-003707-003:NA, ea1:22-003707-003:PA	99.78%, 99.74%, 99.76%, 100.00%, 99.94%, 100.00%, 99.93%, 99.81%	5, 6, 2, 0, 1, 0, 1, 4	Ran on FASTA - No Coverage Report	2026-05-29_14-49-00
A/turkey_vulture/Minnesota/22-014520-001/2022	A1	PB2:ea1, PB1:ea1, NS:ea1, MP:ea1, HA:ea1, NP:ea1, NA:ea1, PA:ea1	ea1:22-003707-003:PB2, ea1:22-003707-003:PB1, ea1:22-003707-003:NS, ea1:22-003707-003:MP, ea1:22-003707-003:HA, ea1:22-003707-003:NP, ea1:22-003707-003:NA, ea1:22-003707-003:PA	99.65%, 99.78%, 99.76%, 99.80%, 99.53%, 99.80%, 99.72%, 99.63%	8, 5, 2, 2, 8, 3, 4, 8	Ran on FASTA - No Coverage Report	2026-05-29_14-49-00
A/black_vulture/Pennsylvania/22-014967-001/2022	B1.1	PB2:am1.1, PB1:am1.1, NS:ea1, MP:ea1, HA:ea1, NP:am1.2, NA:ea1, PA:ea1	am1.1:22-009287-001:PB2, am1.1:22-009287-001:PB1, ea1:22-003707-003:NS, ea1:22-003707-003:MP, ea1:22-003707-003:HA, am1.2:22-009287-001:NP, ea1:22-003707-003:NA, ea1:22-003707-003:PA	99.78%, 99.74%, 99.76%, 99.90%, 99.59%, 99.87%, 99.86%, 99.86%	5, 6, 2, 1, 7, 2, 2, 3	Ran on FASTA - No Coverage Report	2026-05-29_14-49-00
A/american_white_pelican/Minnesota/22-018423-001/2022	B3.2	PB2:am2.1, PB1:am1.2, NS:am1.1, MP:ea1, HA:ea1, NP:am1.4.1, NA:ea1, PA:ea1	am2.1:22-009329-001:PB2, am1.2:22-010085-001:PB1, am1.1:22-010085-001:NS, ea1:22-003707-003:MP, ea1:22-003707-003:HA, am1.4.1:22-009329-001:NP, ea1:22-003707-003:NA, ea1:22-003707-003:PA	99.74%, 99.65%, 99.76%, 99.69%, 99.71%, 99.87%, 99.72%, 99.77%	6, 8, 2, 3, 5, 2, 4, 5	Ran on FASTA - No Coverage Report	2026-05-29_14-49-00
A/Gallus_gallus/Mato_Grosso_do_Sul/2108-SN52/2023	B3.2	PB2:am2.1, PB1:am1.2, NS:am1.1, MP:ea1, HA:ea1, NP:am1.4.1, NA:ea1, PA:ea1	am2.1:22-009329-001:PB2, am1.2:22-010085-001:PB1, am1.1:22-010085-001:NS, ea1:22-003707-003:MP, ea1:22-003707-003:HA, am1.4.1:22-009329-001:NP, ea1:22-003707-003:NA, ea1:22-003707-003:PA	99.34%, 99.03%, 98.91%, 99.18%, 99.06%, 98.73%, 99.43%, 99.40%	15, 22, 9, 8, 16, 19, 8, 13	Ran on FASTA - No Coverage Report	2026-05-29_14-49-01
A/Avian/Chile/248916/2023	Not assigned: Only 7 segments >98.0% match found of total 8 segments in input file	PB2:am2.1, PB1:am1.2, NS:am1.1, MP:ea1, NP:am1.4.1, NA:ea1, PA:ea1	am2.1:22-009329-001:PB2, am1.2:22-010085-001:PB1, am1.1:22-010085-001:NS, ea1:22-003707-003:MP, ea1:EPI-ISL-20215425:HA, am1.4.1:22-009329-001:NP, ea1:22-003707-003:NA, ea1:22-003707-003:PA	99.25%, 99.21%, 99.17%, 99.29%, 97.75%, 99.06%, 99.22%, 99.44%	17, 18, 7, 7, 40, 14, 11, 12	Ran on FASTA - No Coverage Report	2026-05-29_14-49-01
A/chicken/Delaware/22-005260-002/2022	A1	PB2:ea1, PB1:ea1, NS:ea1, MP:ea1, HA:ea1, NP:ea1, NA:ea1, PA:ea1	ea1:22-003707-003:PB2, ea1:22-003707-003:PB1, ea1:22-003707-003:NS, ea1:22-003707-003:MP, ea1:22-003707-003:HA, ea1:22-003707-003:NP, ea1:22-003707-003:NA, ea1:22-003707-003:PA	99.78%, 99.96%, 99.88%, 100.00%, 99.71%, 99.87%, 99.86%, 99.95%	5, 1, 1, 0, 5, 2, 2, 1	Ran on FASTA - No Coverage Report	2026-05-29_14-49-01
A/Sanderling/Massachusetts/USDA-011403-001/2022	A2	PB2:ea1, PB1:ea2, NS:ea1, MP:ea1, HA:ea2, NP:ea1, NA:ea2, PA:ea1	ea1:22-003707-003:PB2, ea2:22-036180-006:PB1, ea1:22-003707-003:NS, ea1:22-003707-003:MP, ea2:22-008064-001:HA, ea1:22-003707-003:NP, ea2:22-008064-001:NA, ea1:22-003707-003:PA	99.56%, 99.82%, 99.52%, 99.80%, 99.88%, 99.53%, 99.72%, 99.77%	10, 4, 4, 2, 2, 7, 4, 5	Ran on FASTA - No Coverage Report	2026-05-29_14-49-01
A/great_horned_owl/MA/22MM00199/2022	A1	PB2:ea1, PB1:ea1, NS:ea1, MP:ea1, HA:ea1, NP:ea1, NA:ea1, PA:ea1	ea1:22-003707-003:PB2, ea1:22-003707-003:PB1, ea1:22-003707-003:NS, ea1:22-003707-003:MP, ea1:22-003707-003:HA, ea1:22-003707-003:NP, ea1:22-003707-003:NA, ea1:22-003707-003:PA	99.78%, 99.87%, 99.64%, 99.69%, 99.59%, 99.87%, 99.57%, 99.81%	5, 3, 3, 3, 7, 2, 6, 4	Ran on FASTA - No Coverage Report	2026-05-29_14-49-01
A/Chicken/Argentina/21818-3/2025	Not assigned: Only 2 segments >98.0% match found of total 8 segments in input file	MP:ea1, NP:am1.1	am23:24-010726-001:PB2, am2:22-031266-001:PB1, am1.3:22-008760-007:NS, ea1:22-003707-003:MP, ea1:22-003707-003:HA, am1.1:22-007805-001:NP, ea1:22-003707-003:NA, ea1b:23-002693-004:PA	82.99%, 89.14%, 91.29%, 98.78%, 97.83%, 98.33%, 97.66%, 85.82%	386, 245, 73, 12, 37, 25, 33, 305	Ran on FASTA - No Coverage Report	2026-05-29_14-49-01
A/chicken/Idaho/22-015271-002/2022	B3.1	PB2:am2.1, PB1:ea1, NS:ea1, MP:ea1, HA:ea1, NP:am1.4.1, NA:ea1, PA:ea1	am2.1:22-009329-001:PB2, ea1:22-003707-003:PB1, ea1:22-003707-003:NS, ea1:22-003707-003:MP, ea1:22-003707-003:HA, am1.4.1:22-009329-001:NP, ea1:22-003707-003:NA, ea1:22-003707-003:PA	99.83%, 99.82%, 99.64%, 99.90%, 99.53%, 100.00%, 99.72%, 99.86%	4, 4, 3, 1, 8, 0, 4, 3	Ran on FASTA - No Coverage Report	2026-05-29_14-49-01
A/turkey/Valparaiso/245886-1/2023	Not assigned: Only 7 segments >98.0% match found of total 8 segments in input file	PB2:am2.1, PB1:am1.2, NS:am1.1, MP:ea1, NP:am1.4.1, NA:ea1, PA:ea1	am2.1:22-009329-001:PB2, am1.2:22-010085-001:PB1, am1.1:22-010085-001:NS, ea1:22-003707-003:MP, ea1:EPI-ISL-20215425:HA, am1.4.1:22-009329-001:NP, ea1:22-003707-003:NA, ea1:22-003707-003:PA	99.12%, 99.30%, 99.40%, 99.39%, 97.86%, 98.93%, 99.29%, 99.44%	20, 16, 5, 6, 38, 16, 10, 12	Ran on FASTA - No Coverage Report	2026-05-29_14-49-02
A/snow_goose/Kansas/W22-199E/2022	B2.1	PB2:am1.2, PB1:ea1, NS:ea1, MP:ea1, HA:ea1, NP:am1.1, NA:ea1, PA:ea1	am1.2:22-007805-001:PB2, ea1:22-003707-003:PB1, ea1:22-003707-003:NS, ea1:22-003707-003:MP, ea1:22-003707-003:HA, am1.1:22-007805-001:NP, ea1:22-003707-003:NA, ea1:22-003707-003:PA	99.87%, 99.96%, 99.88%, 99.90%, 99.88%, 99.93%, 99.93%, 99.91%	3, 1, 1, 1, 2, 1, 1, 2	Ran on FASTA - No Coverage Report	2026-05-29_14-49-02
A/black_vulture/Maryland/22-012407-001/2022	B1.1	PB2:am1.1, PB1:am1.1, NS:ea1, MP:ea1, HA:ea1, NP:am1.2, NA:ea1, PA:ea1	am1.1:22-009287-001:PB2, am1.1:22-009287-001:PB1, ea1:22-003707-003:NS, ea1:22-003707-003:MP, ea1:22-003707-003:HA, am1.2:22-009287-001:NP, ea1:22-003707-003:NA, ea1:22-003707-003:PA	99.83%, 99.74%, 99.76%, 99.80%, 99.59%, 99.87%, 99.86%, 99.86%	4, 6, 2, 2, 7, 2, 2, 3	Ran on FASTA - No Coverage Report	2026-05-29_14-49-02
A/black_vulture/Florida/22-018929-001/2022	B1.1	PB2:am1.1, PB1:am1.1, NS:ea1, MP:ea1, HA:ea1, NP:am1.2, NA:ea1, PA:ea1	am1.1:22-009287-001:PB2, am1.1:22-009287-001:PB1, ea1:22-003707-003:NS, ea1:22-003707-003:MP, ea1:22-003707-003:HA, am1.2:22-009287-001:NP, ea1:22-003707-003:NA, ea1:22-003707-003:PA	99.69%, 99.82%, 99.64%, 99.90%, 99.65%, 99.73%, 99.64%, 99.72%	7, 4, 3, 1, 6, 4, 5, 6	Ran on FASTA - No Coverage Report	2026-05-29_14-49-02
A/common_eider/Maine/22-022236-001/2022	A2	PB2:ea1, PB1:ea2, NS:ea1, MP:ea1, HA:ea2, NP:ea1, NA:ea2, PA:ea1	ea1:22-003707-003:PB2, ea2:22-036180-006:PB1, ea1:22-003707-003:NS, ea1:22-003707-003:MP, ea2:22-008064-001:HA, ea1:22-003707-003:NP, ea2:22-008064-001:NA, ea1:22-003707-003:PA	99.61%, 99.91%, 99.52%, 99.69%, 99.65%, 99.47%, 99.72%, 99.72%	9, 2, 4, 3, 6, 8, 4, 6	Ran on FASTA - No Coverage Report	2026-05-29_14-49-02
A/Vulture/Montana/USDA-012936-010/2022	B2.1	PB2:am1.2, PB1:ea1, NS:ea1, MP:ea1, HA:ea1, NP:am1.1, NA:ea1, PA:ea1	am1.2:22-007805-001:PB2, ea1:22-003707-003:PB1, ea1:22-003707-003:NS, ea1:22-003707-003:MP, ea1:22-003707-003:HA, am1.1:22-007805-001:NP, ea1:22-003707-003:NA, ea1:22-003707-003:PA	99.78%, 99.82%, 99.76%, 100.00%, 99.77%, 100.00%, 99.64%, 99.86%	5, 4, 2, 0, 4, 0, 5, 3	Ran on FASTA - No Coverage Report	2026-05-29_14-49-02
A/black_vulture/Pennsylvania/22-016660-002/2022	B1.1	PB2:am1.1, PB1:am1.1, NS:ea1, MP:ea1, HA:ea1, NP:am1.2, NA:ea1, PA:ea1	am1.1:22-009287-001:PB2, am1.1:22-009287-001:PB1, ea1:22-003707-003:NS, ea1:22-003707-003:MP, ea1:22-003707-003:HA, am1.2:22-009287-001:NP, ea1:22-003707-003:NA, ea1:22-003707-003:PA	99.74%, 99.78%, 99.64%, 99.90%, 99.65%, 99.87%, 99.86%, 99.86%	6, 5, 3, 1, 6, 2, 2, 3	Ran on FASTA - No Coverage Report	2026-05-29_14-49-02
A/American_Wigeon/North_Carolina/USDA-001329-001/2022	A1	PB2:ea1, PB1:ea1, NS:ea1, MP:ea1, HA:ea1, NP:ea1, NA:ea1, PA:ea1	ea1:22-003707-003:PB2, ea1:22-003707-003:PB1, ea1:22-003707-003:NS, ea1:22-003707-003:MP, ea1:22-003707-003:HA, ea1:22-003707-003:NP, ea1:22-003707-003:NA, ea1:22-003707-003:PA	99.87%, 100.00%, 99.88%, 100.00%, 99.82%, 99.73%, 99.93%, 99.91%	3, 0, 1, 0, 3, 4, 1, 2	Ran on FASTA - No Coverage Report	2026-05-29_14-49-02
A/swan/Illinois/22-029191-001/2022	B1.3	PB2:am1.3, PB1:am1.3, NS:ea1, MP:ea1, HA:ea1, NP:am1.2, NA:ea1, PA:am1.2	am1.3:23-003733-001:PB2, am1.3:23-003733-001:PB1, ea1:22-003707-003:NS, ea1:22-003707-003:MP, ea1:22-003707-003:HA, am1.2:22-009287-001:NP, ea1:22-003707-003:NA, am1.2:23-003733-001:PA	99.56%, 99.47%, 99.28%, 99.49%, 99.59%, 99.53%, 99.22%, 99.58%	10, 12, 6, 5, 7, 7, 11, 9	Ran on FASTA - No Coverage Report	2026-05-29_14-49-03
A/common_eider/Maine/22-022526-003/2022	A2	PB2:ea1, PB1:ea2, NS:ea1, MP:ea1, HA:ea2, NP:ea1, NA:ea2, PA:ea1	ea1:22-003707-003:PB2, ea2:22-036180-006:PB1, ea1:22-003707-003:NS, ea1:22-003707-003:MP, ea2:22-008064-001:HA, ea1:22-003707-003:NP, ea2:22-008064-001:NA, ea1:22-003707-003:PA	99.61%, 99.91%, 99.40%, 99.69%, 99.71%, 99.47%, 99.64%, 99.58%	9, 2, 5, 3, 5, 8, 5, 9	Ran on FASTA - No Coverage Report	2026-05-29_14-49-03
A/Mallard/New_Jersey/USDA-005110-001/2022	A1	PB2:ea1, PB1:ea1, NS:ea1, MP:ea1, HA:ea1, NP:ea1, NA:ea1, PA:ea1	ea1:22-003707-003:PB2, ea1:22-003707-003:PB1, ea1:22-003707-003:NS, ea1:22-003707-003:MP, ea1:22-003707-003:HA, ea1:22-003707-003:NP, ea1:22-003707-003:NA, ea1:22-003707-003:PA	99.78%, 99.65%, 99.64%, 99.90%, 99.77%, 99.93%, 99.79%, 99.58%	5, 8, 3, 1, 4, 1, 3, 9	Ran on FASTA - No Coverage Report	2026-05-29_14-49-03
A/turkey/North_Carolina/22-009583-002/2022	A1	PB2:ea1, PB1:ea1, NS:ea1, MP:ea1, HA:ea1, NP:ea1, NA:ea1, PA:ea1	ea1:22-003707-003:PB2, ea1:22-003707-003:PB1, ea1:22-003707-003:NS, ea1:22-003707-003:MP, ea1:22-003707-003:HA, ea1:22-003707-003:NP, ea1:22-003707-003:NA, ea1:22-003707-003:PA	99.87%, 99.74%, 99.64%, 100.00%, 99.71%, 99.87%, 99.64%, 99.53%	3, 6, 3, 0, 5, 2, 5, 10	Ran on FASTA - No Coverage Report	2026-05-29_14-49-03
A/Thalasseus_acuflavidus/Brazil-ES/23ES1A0009/2023	B3.2	PB2:am2.1, PB1:am1.2, NS:am1.1, MP:ea1, HA:ea1, NP:am1.4.1, NA:ea1, PA:ea1	am2.1:22-009329-001:PB2, am1.2:22-010085-001:PB1, am1.1:22-010085-001:NS, ea1:22-003707-003:MP, ea1:22-003707-003:HA, am1.4.1:22-009329-001:NP, ea1:22-003707-003:NA, ea1:22-003707-003:PA	99.17%, 99.08%, 99.05%, 99.29%, 98.89%, 99.00%, 99.22%, 99.49%	19, 21, 8, 7, 19, 15, 11, 11	Ran on FASTA - No Coverage Report	2026-05-29_14-49-03
A/short_billed_gull/Alaska/22-019260-001/2022	B4.1	PB2:am2.2, PB1:ea1, NS:ea1, MP:ea1, HA:ea1, NP:am1.3, NA:ea1, PA:ea1	am2.2:22-010445-001:PB2, ea1:22-003707-003:PB1, ea1:22-003707-003:NS, ea1:22-003707-003:MP, ea1:22-003707-003:HA, am1.3:22-010445-001:NP, ea1:22-003707-003:NA, ea1:22-003707-003:PA	99.87%, 99.87%, 99.76%, 99.80%, 99.82%, 99.93%, 99.50%, 99.91%	3, 3, 2, 2, 3, 1, 7, 2	Ran on FASTA - No Coverage Report	2026-05-29_14-49-03
A/Dendrocygna_viduata/SaoMateusBR/1834-N/2025	Not assigned: Only 5 segments >98.0% match found of total 8 segments in input file	NS:am1.1, MP:ea1, HA:ea1, NA:ea1, PA:ea1	am25:WIN-AH-2024-FAV-0285:PB2, am12:23-004320-002:PB1, am1.1:22-010085-001:NS, ea1:22-003707-003:MP, ea1:24-009110-019:HA, am5:23-013078-002:NP, ea1:24-009110-019:NA, ea1:22-003707-003:PA	89.88%, 96.17%, 98.57%, 98.17%, 98.71%, 92.52%, 98.86%, 98.88%	234, 87, 12, 18, 22, 112, 16, 24	Ran on FASTA - No Coverage Report	2026-05-29_14-49-03
A/Turkey/Chile/249896-8_(dup)/2023	Not assigned: Only 7 segments >98.0% match found of total 8 segments in input file	PB2:am2.1, PB1:am1.2, NS:am1.1, MP:ea1, NP:am1.4.1, NA:ea1, PA:ea1	am2.1:22-009329-001:PB2, am1.2:22-010085-001:PB1, am1.1:22-010085-001:NS, ea1:22-003707-003:MP, ea1:EPI-ISL-20215425:HA, am1.4.1:22-009329-001:NP, ea1:22-003707-003:NA, ea1:22-003707-003:PA	99.17%, 99.25%, 99.17%, 99.29%, 97.80%, 99.00%, 99.15%, 99.40%	19, 17, 7, 7, 39, 15, 12, 13	Ran on FASTA - No Coverage Report	2026-05-29_14-49-04
A/turkey/Kentucky/USDA-004546-001/2022	A1	PB2:ea1, PB1:ea1, NS:ea1, MP:ea1, HA:ea1, NP:ea1, NA:ea1, PA:ea1	ea1:22-003707-003:PB2, ea1:22-003707-003:PB1, ea1:22-003707-003:NS, ea1:22-003707-003:MP, ea1:22-003707-003:HA, ea1:22-003707-003:NP, ea1:22-003707-003:NA, ea1:22-003707-003:PA	100.00%, 99.87%, 99.88%, 99.90%, 99.88%, 99.93%, 99.93%, 99.95%	0, 3, 1, 1, 2, 1, 1, 1	Ran on FASTA - No Coverage Report	2026-05-29_14-49-04
A/goose/Chile/252020/2023	Not assigned: Only 7 segments >98.0% match found of total 8 segments in input file	PB2:am2.1, PB1:am1.2, NS:am1.1, MP:ea1, NP:am1.4.1, NA:ea1, PA:ea1	am2.1:22-009329-001:PB2, am1.2:22-010085-001:PB1, am1.1:22-010085-001:NS, ea1:22-003707-003:MP, ea1:EPI-ISL-20215425:HA, am1.4.1:22-009329-001:NP, ea1:22-003707-003:NA, ea1:22-003707-003:PA	99.47%, 98.94%, 99.17%, 99.29%, 97.75%, 99.20%, 99.15%, 99.58%	12, 24, 7, 7, 40, 12, 12, 9	Ran on FASTA - No Coverage Report	2026-05-29_14-49-04
A/Chicken/Argentina/506-2/2023	B3.2	PB2:am2.1, PB1:am1.2, NS:am1.1, MP:ea1, HA:ea1, NP:am1.4.1, NA:ea1, PA:ea1	am2.1:22-009329-001:PB2, am1.2:22-010085-001:PB1, am1.1:22-010085-001:NS, ea1:22-003707-003:MP, ea1:22-003707-003:HA, am1.4.1:22-009329-001:NP, ea1:22-003707-003:NA, ea1:22-003707-003:PA	99.39%, 99.21%, 99.40%, 99.19%, 99.24%, 99.00%, 99.15%, 99.63%	14, 18, 5, 8, 13, 15, 12, 8	Ran on FASTA - No Coverage Report	2026-05-29_14-49-04
A/glaucous_gull/Alaska/22-023553-003/2022	A3	PB2:ea3, PB1:ea3, NS:ea3, MP:ea3, HA:ea3, NP:ea3, NA:ea3, PA:ea3	ea3:22-013001-001:PB2, ea3:22-013001-001:PB1, ea3:22-013001-001:NS, ea3:22-013001-001:MP, ea3:22-013001-001:HA, ea3:22-013001-001:NP, ea3:22-013001-001:NA, ea3:22-013001-001:PA	99.87%, 100.00%, 99.64%, 100.00%, 99.82%, 99.73%, 99.93%, 99.72%	3, 0, 3, 0, 3, 4, 1, 6	Ran on FASTA - No Coverage Report	2026-05-29_14-49-04
A/Sterna_hirundo/Santa_Catarina/2261-N/2023	B3.2	PB2:am2.1, PB1:am1.2, NS:am1.1, MP:ea1, HA:ea1, NP:am1.4.1, NA:ea1, PA:ea1	am2.1:22-009329-001:PB2, am1.2:22-010085-001:PB1, am1.1:22-010085-001:NS, ea1:22-003707-003:MP, ea1:22-003707-003:HA, am1.4.1:22-009329-001:NP, ea1:22-003707-003:NA, ea1:22-003707-003:PA	99.21%, 98.81%, 99.05%, 99.08%, 98.83%, 98.93%, 99.29%, 99.12%	18, 27, 8, 9, 20, 16, 10, 19	Ran on FASTA - No Coverage Report	2026-05-29_14-49-04
A/Duck/Argentina/1712-5/2023	B3.2	PB2:am2.1, PB1:am1.2, NS:am1.1, MP:ea1, HA:ea1, NP:am1.4.1, NA:ea1, PA:ea1	am2.1:22-009329-001:PB2, am1.2:22-010085-001:PB1, am1.1:22-010085-001:NS, ea1:22-003707-003:MP, ea1:22-003707-003:HA, am1.4.1:22-009329-001:NP, ea1:22-003707-003:NA, ea1:22-003707-003:PA	99.12%, 99.25%, 99.40%, 99.39%, 99.06%, 99.06%, 99.29%, 99.40%	20, 17, 5, 6, 16, 14, 10, 13	Ran on FASTA - No Coverage Report	2026-05-29_14-49-04
A/avian/Chile/269979/2023	Not assigned: Only 7 segments >98.0% match found of total 8 segments in input file	PB2:am2.1, PB1:am1.2, NS:am1.1, MP:ea1, NP:am1.4.1, NA:ea1, PA:ea1	am2.1:22-009329-001:PB2, am1.2:22-010085-001:PB1, am1.1:22-010085-001:NS, ea1:22-003707-003:MP, ea1:EPI-ISL-20215425:HA, am1.4.1:22-009329-001:NP, ea1:22-003707-003:NA, ea1:22-003707-003:PA	99.39%, 99.16%, 98.69%, 98.98%, 97.69%, 98.93%, 99.22%, 99.35%	14, 19, 11, 10, 41, 16, 11, 14	Ran on FASTA - No Coverage Report	2026-05-29_14-49-05
A/Bald_Eagle/Illinois/USDA-011028-001/2022	B2.1	PB2:am1.2, PB1:ea1, NS:ea1, MP:ea1, HA:ea1, NP:am1.1, NA:ea1, PA:ea1	am1.2:22-007805-001:PB2, ea1:22-003707-003:PB1, ea1:22-003707-003:NS, ea1:22-003707-003:MP, ea1:22-003707-003:HA, am1.1:22-007805-001:NP, ea1:22-003707-003:NA, ea1:22-003707-003:PA	99.87%, 99.91%, 99.76%, 100.00%, 99.77%, 100.00%, 99.79%, 99.86%	3, 2, 2, 0, 4, 0, 3, 3	Ran on FASTA - No Coverage Report	2026-05-29_14-48-49
A/turkey/Nuble/240489-1/2023	B3.2	PB2:am2.1, PB1:am1.2, NS:am1.1, MP:ea1, HA:ea1, NP:am1.4.1, NA:ea1, PA:ea1	am2.1:22-009329-001:PB2, am1.2:22-010085-001:PB1, am1.1:22-010085-001:NS, ea1:22-003707-003:MP, ea1:22-003707-003:HA, am1.4.1:22-009329-001:NP, ea1:22-003707-003:NA, ea1:22-003707-003:PA	99.30%, 98.99%, 99.28%, 99.39%, 99.30%, 99.20%, 99.36%, 99.72%	16, 23, 6, 6, 12, 12, 9, 6	Ran on FASTA - No Coverage Report	2026-05-29_14-48-49
A/sanderling/MA/22HP00135/2022	A2	PB2:ea1, PB1:ea2, NS:ea1, MP:ea1, HA:ea2, NP:ea1, NA:ea2, PA:ea1	ea1:22-003707-003:PB2, ea2:22-036180-006:PB1, ea1:22-003707-003:NS, ea1:22-003707-003:MP, ea2:22-008064-001:HA, ea1:22-003707-003:NP, ea2:22-008064-001:NA, ea1:22-003707-003:PA	99.61%, 99.82%, 99.40%, 99.80%, 99.88%, 99.60%, 99.72%, 99.72%	9, 4, 5, 2, 2, 6, 4, 6	Ran on FASTA - No Coverage Report	2026-05-29_14-48-49
A/Chicken/Argentina/1708-1/2023	B3.2	PB2:am2.1, PB1:am1.2, NS:am1.1, MP:ea1, HA:ea1, NP:am1.4.1, NA:ea1, PA:ea1	am2.1:22-009329-001:PB2, am1.2:22-010085-001:PB1, am1.1:22-010085-001:NS, ea1:22-003707-003:MP, ea1:22-003707-003:HA, am1.4.1:22-009329-001:NP, ea1:22-003707-003:NA, ea1:22-003707-003:PA	99.34%, 99.16%, 99.28%, 99.08%, 99.12%, 99.20%, 99.15%, 99.63%	15, 19, 6, 9, 15, 12, 12, 8	Ran on FASTA - No Coverage Report	2026-05-29_14-48-49
A/Bald_Eagle/North_Carolina/USDA-009805-002/2022	A1	PB2:ea1, PB1:ea1, NS:ea1, MP:ea1, HA:ea1, NP:ea1, NA:ea1, PA:ea1	ea1:22-003707-003:PB2, ea1:22-003707-003:PB1, ea1:22-003707-003:NS, ea1:22-003707-003:MP, ea1:22-003707-003:HA, ea1:22-003707-003:NP, ea1:22-003707-003:NA, ea1:22-003707-003:PA	99.91%, 99.96%, 99.76%, 99.69%, 99.77%, 99.80%, 99.93%, 99.95%	2, 1, 2, 3, 4, 3, 1, 1	Ran on FASTA - No Coverage Report	2026-05-29_14-48-49
A/Canada_goose/Alaska/22-013831-003/2022	B3.2	PB2:am2.1, PB1:am1.2, NS:am1.1, MP:ea1, HA:ea1, NP:am1.4.1, NA:ea1, PA:ea1	am2.1:22-009329-001:PB2, am1.2:22-010085-001:PB1, am1.1:22-010085-001:NS, ea1:22-003707-003:MP, ea1:22-003707-003:HA, am1.4.1:22-009329-001:NP, ea1:22-003707-003:NA, ea1:22-003707-003:PA	99.78%, 99.65%, 99.88%, 99.69%, 99.47%, 99.80%, 99.79%, 99.91%	5, 8, 1, 3, 9, 3, 3, 2	Ran on FASTA - No Coverage Report	2026-05-29_14-48-49
A/bald_eagle/Michigan/22-015054-002/2022	B1.2	PB2:am1.1, PB1:am1.1, NS:ea1, MP:ea1, HA:ea1, NP:am1.2, NA:ea1, PA:am1	am1.1:22-009287-001:PB2, am1.1:22-009287-001:PB1, ea1:22-003707-003:NS, ea1:22-003707-003:MP, ea1:22-003707-003:HA, am1.2:22-009287-001:NP, ea1:22-003707-003:NA, am1:22-008890-001:PA	99.69%, 99.69%, 99.52%, 99.69%, 99.71%, 99.80%, 99.79%, 99.72%	7, 7, 4, 3, 5, 3, 3, 6	Ran on FASTA - No Coverage Report	2026-05-29_14-48-49
A/Guanay_cormorant/Peru/UNMSM-A275/2022	Not assigned: Only 7 segments >98.0% match found of total 8 segments in input file	PB2:am2.1, PB1:am1.2, NS:am1.1, MP:ea1, NP:am1.4.1, NA:ea1, PA:ea1	am2.1:22-009329-001:PB2, am1.2:22-010085-001:PB1, am1.1:22-010085-001:NS, ea1:22-003707-003:MP, ea1:EPI-ISL-20215425:HA, am1.4.1:22-009329-001:NP, ea1:22-003707-003:NA, ea1:22-003707-003:PA	99.52%, 99.34%, 98.60%, 99.38%, 97.97%, 99.27%, 99.36%, 99.77%	11, 15, 9, 6, 36, 11, 9, 5	Ran on FASTA - No Coverage Report	2026-05-29_14-48-50
A/goose/Oregon/22-013779-001/2022	B4.1	PB2:am2.2, PB1:ea1, NS:ea1, MP:ea1, HA:ea1, NP:am1.3, NA:ea1, PA:ea1	am2.2:22-010445-001:PB2, ea1:22-003707-003:PB1, ea1:22-003707-003:NS, ea1:22-003707-003:MP, ea1:22-003707-003:HA, am1.3:22-010445-001:NP, ea1:22-003707-003:NA, ea1:22-003707-003:PA	99.91%, 99.91%, 99.64%, 100.00%, 99.77%, 99.87%, 99.79%, 100.00%	2, 2, 3, 0, 4, 2, 3, 0	Ran on FASTA - No Coverage Report	2026-05-29_14-48-50
A/Thalasseus_maximus/Sao_Paulo/1546-N/2023	Not assigned: Only 7 segments >98.0% match found of total 8 segments in input file	PB2:am2.1, PB1:am1.2, NS:am1.1, MP:ea1, NP:am1.4.1, NA:ea1, PA:ea1	am2.1:22-009329-001:PB2, am1.2:22-010085-001:PB1, am1.1:22-010085-001:NS, ea1:22-003707-003:MP, ea1:EPI-ISL-20215425:HA, am1.4.1:22-009329-001:NP, ea1:22-003707-003:NA, ea1:22-003707-003:PA	99.25%, 98.86%, 99.17%, 99.29%, 97.75%, 99.06%, 99.15%, 99.49%	17, 26, 7, 7, 40, 14, 12, 11	Ran on FASTA - No Coverage Report	2026-05-29_14-48-50
A/peregrine_falcon/Massachusetts/22-036181-008/2022	B1.3	PB2:am1.3, PB1:am1.3, NS:ea1, MP:ea1, HA:ea1, NP:am1.2, NA:ea1, PA:am1.2	am1.3:23-003733-001:PB2, am1.3:23-003733-001:PB1, ea1:22-003707-003:NS, ea1:22-003707-003:MP, ea1:22-003707-003:HA, am1.2:22-009287-001:NP, ea1:22-003707-003:NA, am1.2:23-003733-001:PA	99.43%, 99.52%, 99.40%, 99.39%, 99.47%, 99.60%, 99.15%, 99.63%	13, 11, 5, 6, 9, 6, 12, 8	Ran on FASTA - No Coverage Report	2026-05-29_14-48-50
A/chicken/Washington/22-016567-003-original/2022	B4.1	PB2:am2.2, PB1:ea1, NS:ea1, MP:ea1, HA:ea1, NP:am1.3, NA:ea1, PA:ea1	am2.2:22-010445-001:PB2, ea1:22-003707-003:PB1, ea1:22-003707-003:NS, ea1:22-003707-003:MP, ea1:22-003707-003:HA, am1.3:22-010445-001:NP, ea1:22-003707-003:NA, ea1:22-003707-003:PA	99.78%, 99.87%, 99.40%, 100.00%, 99.65%, 99.93%, 99.57%, 99.81%	5, 3, 5, 0, 6, 1, 6, 4	Ran on FASTA - No Coverage Report	2026-05-29_14-48-50
A/Red-tailed_Hawk/Minnesota/USDA-010027-001/2022	B2.1	PB2:am1.2, PB1:ea1, NS:ea1, MP:ea1, HA:ea1, NP:am1.1, NA:ea1, PA:ea1	am1.2:22-007805-001:PB2, ea1:22-003707-003:PB1, ea1:22-003707-003:NS, ea1:22-003707-003:MP, ea1:22-003707-003:HA, am1.1:22-007805-001:NP, ea1:22-003707-003:NA, ea1:22-003707-003:PA	99.91%, 99.87%, 99.76%, 100.00%, 99.94%, 99.93%, 99.72%, 99.95%	2, 3, 2, 0, 1, 1, 4, 1	Ran on FASTA - No Coverage Report	2026-05-29_14-48-50
A/caspian_tern/Washington/22-024503-002/2022	B4.1	PB2:am2.2, PB1:ea1, NS:ea1, MP:ea1, HA:ea1, NP:am1.3, NA:ea1, PA:ea1	am2.2:22-010445-001:PB2, ea1:22-003707-003:PB1, ea1:22-003707-003:NS, ea1:22-003707-003:MP, ea1:22-003707-003:HA, am1.3:22-010445-001:NP, ea1:22-003707-003:NA, ea1:22-003707-003:PA	99.69%, 99.74%, 99.52%, 99.80%, 99.41%, 99.73%, 99.57%, 99.67%	7, 6, 4, 2, 10, 4, 6, 7	Ran on FASTA - No Coverage Report	2026-05-29_14-48-50
A/black_vulture/Florida/22-015304-001/2022	B1.1	PB2:am1.1, PB1:am1.1, NS:ea1, MP:ea1, HA:ea1, NP:am1.2, NA:ea1, PA:ea1	am1.1:22-009287-001:PB2, am1.1:22-009287-001:PB1, ea1:22-003707-003:NS, ea1:22-003707-003:MP, ea1:22-003707-003:HA, am1.2:22-009287-001:NP, ea1:22-003707-003:NA, ea1:22-003707-003:PA	99.69%, 99.78%, 99.76%, 99.69%, 99.59%, 99.80%, 99.86%, 99.81%	7, 5, 2, 3, 7, 3, 2, 4	Ran on FASTA - No Coverage Report	2026-05-29_14-48-50
A/turkey/South_Dakota/USDA-008866-001/2022	B2.1	PB2:am1.2, PB1:ea1, NS:ea1, MP:ea1, HA:ea1, NP:am1.1, NA:ea1, PA:ea1	am1.2:22-007805-001:PB2, ea1:22-003707-003:PB1, ea1:22-003707-003:NS, ea1:22-003707-003:MP, ea1:22-003707-003:HA, am1.1:22-007805-001:NP, ea1:22-003707-003:NA, ea1:22-003707-003:PA	99.96%, 99.87%, 99.88%, 99.90%, 99.88%, 100.00%, 99.72%, 99.91%	1, 3, 1, 1, 2, 0, 4, 2	Ran on FASTA - No Coverage Report	2026-05-29_14-48-50
A/Lesser_Snow_Goose_Blue/Iowa/USDA-007679-006/2022	B2.1	PB2:am1.2, PB1:ea1, NS:ea1, MP:ea1, HA:ea1, NP:am1.1, NA:ea1, PA:ea1	am1.2:22-007805-001:PB2, ea1:22-003707-003:PB1, ea1:22-003707-003:NS, ea1:22-003707-003:MP, ea1:22-003707-003:HA, am1.1:22-007805-001:NP, ea1:22-003707-003:NA, ea1:22-003707-003:PA	99.87%, 99.91%, 99.76%, 100.00%, 99.88%, 100.00%, 99.93%, 99.91%	3, 2, 2, 0, 2, 0, 1, 2	Ran on FASTA - No Coverage Report	2026-05-29_14-48-50
A/turkey/North_Carolina/USDA-009332-001/2022	A1	PB2:ea1, PB1:ea1, NS:ea1, MP:ea1, HA:ea1, NP:ea1, NA:ea1, PA:ea1	ea1:22-003707-003:PB2, ea1:22-003707-003:PB1, ea1:22-003707-003:NS, ea1:22-003707-003:MP, ea1:22-003707-003:HA, ea1:22-003707-003:NP, ea1:22-003707-003:NA, ea1:22-003707-003:PA	99.91%, 99.69%, 99.64%, 100.00%, 99.71%, 99.87%, 99.64%, 99.53%	2, 7, 3, 0, 5, 2, 5, 10	Ran on FASTA - No Coverage Report	2026-05-29_14-48-51
A/duck/Minnesota/22-014663-004/2022	B2.1	PB2:am1.2, PB1:ea1, NS:ea1, MP:ea1, HA:ea1, NP:am1.1, NA:ea1, PA:ea1	am1.2:22-007805-001:PB2, ea1:22-003707-003:PB1, ea1:22-003707-003:NS, ea1:22-003707-003:MP, ea1:22-003707-003:HA, am1.1:22-007805-001:NP, ea1:22-003707-003:NA, ea1:22-003707-003:PA	99.87%, 99.82%, 99.76%, 100.00%, 99.82%, 99.80%, 99.64%, 99.91%	3, 4, 2, 0, 3, 3, 5, 2	Ran on FASTA - No Coverage Report	2026-05-29_14-48-51
A/avian/Chile/260688/2023	Not assigned: Only 7 segments >98.0% match found of total 8 segments in input file	PB2:am2.1, PB1:am1.2, NS:am1.1, MP:ea1, NP:am1.4.1, NA:ea1, PA:ea1	am2.1:22-009329-001:PB2, am1.2:22-010085-001:PB1, am1.1:22-010085-001:NS, ea1:22-003707-003:MP, ea1:EPI-ISL-20215425:HA, am1.4.1:22-009329-001:NP, ea1:22-003707-003:NA, ea1:22-003707-003:PA	99.34%, 99.16%, 99.17%, 98.98%, 97.80%, 99.20%, 99.22%, 99.30%	15, 19, 7, 10, 39, 12, 11, 15	Ran on FASTA - No Coverage Report	2026-05-29_14-48-51
A/black_vulture/Pennsylvania/22-018576-002/2022	B1.1	PB2:am1.1, PB1:am1.1, NS:ea1, MP:ea1, HA:ea1, NP:am1.2, NA:ea1, PA:ea1	am1.1:22-009287-001:PB2, am1.1:22-009287-001:PB1, ea1:22-003707-003:NS, ea1:22-003707-003:MP, ea1:22-003707-003:HA, am1.2:22-009287-001:NP, ea1:22-003707-003:NA, ea1:22-003707-003:PA	99.61%, 99.74%, 99.64%, 99.69%, 99.59%, 99.80%, 99.79%, 99.86%	9, 6, 3, 3, 7, 3, 3, 3	Ran on FASTA - No Coverage Report	2026-05-29_14-48-51
A/Chicken/Argentina/21810-4/2025	Not assigned: Only 3 segments >98.0% match found of total 8 segments in input file	MP:ea1, HA:ea1, NP:am1.1	am23:24-010726-001:PB2, am2:22-031266-001:PB1, am1.3:22-008760-007:NS, ea1:22-003707-003:MP, ea1:22-003707-003:HA, am1.1:22-007805-001:NP, ea1:22-003707-003:NA, ea1b:23-002693-004:PA	83.03%, 89.06%, 91.29%, 98.68%, 98.06%, 98.06%, 97.80%, 85.87%	385, 247, 73, 13, 33, 29, 31, 304	Ran on FASTA - No Coverage Report	2026-05-29_14-48-51
A/chicken/Nuble/241557-1/2023	B3.2	PB2:am2.1, PB1:am1.2, NS:am1.1, MP:ea1, HA:ea1, NP:am1.4.1, NA:ea1, PA:ea1	am2.1:22-009329-001:PB2, am1.2:22-010085-001:PB1, am1.1:22-010085-001:NS, ea1:22-003707-003:MP, ea1:22-003707-003:HA, am1.4.1:22-009329-001:NP, ea1:22-003707-003:NA, ea1:22-003707-003:PA	99.34%, 99.08%, 99.40%, 99.19%, 99.24%, 99.33%, 99.29%, 99.63%	15, 21, 5, 8, 13, 10, 10, 8	Ran on FASTA - No Coverage Report	2026-05-29_14-48-51
A/Ross's_Goose/Kansas/USDA-009804-001/2022	B2.1	PB2:am1.2, PB1:ea1, NS:ea1, MP:ea1, HA:ea1, NP:am1.1, NA:ea1, PA:ea1	am1.2:22-007805-001:PB2, ea1:22-003707-003:PB1, ea1:22-003707-003:NS, ea1:22-003707-003:MP, ea1:22-003707-003:HA, am1.1:22-007805-001:NP, ea1:22-003707-003:NA, ea1:22-003707-003:PA	99.91%, 99.96%, 99.76%, 100.00%, 99.88%, 99.93%, 99.79%, 99.91%	2, 1, 2, 0, 2, 1, 3, 2	Ran on FASTA - No Coverage Report	2026-05-29_14-48-51
A/great_horned_owl/North_Dakota/22-015576-001/2022	B3.1	PB2:am2.1, PB1:ea1, NS:ea1, MP:ea1, HA:ea1, NP:am1.4.1, NA:ea1, PA:ea1	am2.1:22-009329-001:PB2, ea1:22-003707-003:PB1, ea1:22-003707-003:NS, ea1:22-003707-003:MP, ea1:22-003707-003:HA, am1.4.1:22-009329-001:NP, ea1:22-003707-003:NA, ea1:22-003707-003:PA	99.65%, 99.91%, 99.88%, 99.80%, 99.77%, 99.80%, 99.79%, 99.91%	8, 2, 1, 2, 4, 3, 3, 2	Ran on FASTA - No Coverage Report	2026-05-29_14-48-51
A/black_vulture/New_Jersey/22-016602-001/2022	B1.1	PB2:am1.1, PB1:am1.1, NS:ea1, MP:ea1, HA:ea1, NP:am1.2, NA:ea1, PA:ea1	am1.1:22-009287-001:PB2, am1.1:22-009287-001:PB1, ea1:22-003707-003:NS, ea1:22-003707-003:MP, ea1:22-003707-003:HA, am1.2:22-009287-001:NP, ea1:22-003707-003:NA, ea1:22-003707-003:PA	99.69%, 99.65%, 99.76%, 99.90%, 99.53%, 99.87%, 99.86%, 99.77%	7, 8, 2, 1, 8, 2, 2, 5	Ran on FASTA - No Coverage Report	2026-05-29_14-48-51
A/herring_gull/Massachusetts/22-020416-010/2022	A2	PB2:ea1, PB1:ea2, NS:ea1, MP:ea1, HA:ea2, NP:ea1, NA:ea2, PA:ea1	ea1:22-003707-003:PB2, ea2:22-036180-006:PB1, ea1:22-003707-003:NS, ea1:22-003707-003:MP, ea2:22-008064-001:HA, ea1:22-003707-003:NP, ea2:22-008064-001:NA, ea1:22-003707-003:PA	99.52%, 99.96%, 99.40%, 99.80%, 99.71%, 99.47%, 99.72%, 99.67%	11, 1, 5, 2, 5, 8, 4, 7	Ran on FASTA - No Coverage Report	2026-05-29_14-48-52
A/glaucous_gull/Alaska/22-017953-010/2022	B3.2	PB2:am2.1, PB1:am1.2, NS:am1.1, MP:ea1, HA:ea1, NP:am1.4.1, NA:ea1, PA:ea1	am2.1:22-009329-001:PB2, am1.2:22-010085-001:PB1, am1.1:22-010085-001:NS, ea1:22-003707-003:MP, ea1:22-003707-003:HA, am1.4.1:22-009329-001:NP, ea1:22-003707-003:NA, ea1:22-003707-003:PA	99.78%, 99.69%, 99.76%, 99.80%, 99.47%, 99.87%, 99.50%, 99.72%	5, 7, 2, 2, 9, 2, 7, 6	Ran on FASTA - No Coverage Report	2026-05-29_14-48-52
A/Sanderling/Peru/PIU-SER005/2022	B3.2	PB2:am2.1, PB1:am1.2, NS:am1.1, MP:ea1, HA:ea1, NP:am1.4.1, NA:ea1, PA:ea1	am2.1:22-009329-001:PB2, am1.2:22-010085-001:PB1, am1.1:22-010085-001:NS, ea1:22-003707-003:MP, ea1:EPI-ISL-20215425:HA, am1.4.1:22-009329-001:NP, ea1:22-003707-003:NA, ea1:22-003707-003:PA	99.56%, 99.43%, 99.28%, 99.39%, 98.09%, 99.33%, 99.36%, 99.72%	10, 13, 6, 6, 34, 10, 9, 6	Ran on FASTA - No Coverage Report	2026-05-29_14-48-52
A/black_vulture/Florida/22-024356-001/2022	B1.1	PB2:am1.1, PB1:am1.1, NS:ea1, MP:ea1, HA:ea1, NP:am1.2, NA:ea1, PA:ea1	am1.1:22-009287-001:PB2, am1.1:22-009287-001:PB1, ea1:22-003707-003:NS, ea1:22-003707-003:MP, ea1:22-003707-003:HA, am1.2:22-009287-001:NP, ea1:22-003707-003:NA, ea1:22-003707-003:PA	99.65%, 99.78%, 99.76%, 99.80%, 99.65%, 99.60%, 99.50%, 99.44%	8, 5, 2, 2, 6, 6, 7, 12	Ran on FASTA - No Coverage Report	2026-05-29_14-48-52
A/chicken/Peru/AIS0551/2022	B3.2	PB2:am2.1, PB1:am1.2, NS:am1.1, MP:ea1, HA:ea1, NP:am1.4.1, NA:ea1, PA:ea1	am2.1:22-009329-001:PB2, am1.2:22-010085-001:PB1, am1.1:22-010085-001:NS, ea1:22-003707-003:MP, ea1:22-003707-003:HA, am1.4.1:22-009329-001:NP, ea1:22-003707-003:NA, ea1:22-003707-003:PA	99.43%, 99.38%, 99.40%, 99.39%, 99.35%, 99.20%, 99.43%, 99.72%	13, 14, 5, 6, 11, 12, 8, 6	Ran on FASTA - No Coverage Report	2026-05-29_14-48-52
A/Green-winged_Teal/North_Carolina/USDA-003830-003/2022	A1	PB2:ea1, PB1:ea1, NS:ea1, MP:ea1, HA:ea1, NP:ea1, NA:ea1, PA:ea1	ea1:22-003707-003:PB2, ea1:22-003707-003:PB1, ea1:22-003707-003:NS, ea1:22-003707-003:MP, ea1:22-003707-003:HA, ea1:22-003707-003:NP, ea1:22-003707-003:NA, ea1:22-003707-003:PA	99.83%, 99.74%, 99.76%, 100.00%, 99.65%, 99.93%, 99.93%, 99.58%	4, 6, 2, 0, 6, 1, 1, 9	Ran on FASTA - No Coverage Report	2026-05-29_14-48-52
A/great_horned_owl/Montana/22-018474-001/2022	B2.1	PB2:am1.2, PB1:ea1, NS:ea1, MP:ea1, HA:ea1, NP:am1.1, NA:ea1, PA:ea1	am1.2:22-007805-001:PB2, ea1:22-003707-003:PB1, ea1:22-003707-003:NS, ea1:22-003707-003:MP, ea1:22-003707-003:HA, am1.1:22-007805-001:NP, ea1:22-003707-003:NA, ea1:22-003707-003:PA	99.74%, 99.74%, 99.76%, 99.90%, 99.77%, 99.87%, 99.43%, 99.63%	6, 6, 2, 1, 4, 2, 8, 8	Ran on FASTA - No Coverage Report	2026-05-29_14-48-52
A/Sterna_hirundo/Espirito_Santo/0155-N/2024	Not assigned: Only 7 segments >98.0% match found of total 8 segments in input file	PB2:am2.1, PB1:am1.2, NS:am1.1, MP:ea1, NP:am1.4.1, NA:ea1, PA:ea1	am2.1:22-009329-001:PB2, am1.2:22-010085-001:PB1, am1.1:22-010085-001:NS, ea1:22-003707-003:MP, ea1:EPI-ISL-20215425:HA, am1.4.1:22-009329-001:NP, ea1:22-003707-003:NA, ea1:22-003707-003:PA	99.03%, 98.77%, 99.05%, 98.57%, 97.63%, 98.80%, 99.08%, 99.16%	22, 28, 8, 14, 42, 18, 13, 18	Ran on FASTA - No Coverage Report	2026-05-29_14-48-52
A/chicken/Pennsylvania/22-014338-002/2022	A1	PB2:ea1, PB1:ea1, NS:ea1, MP:ea1, HA:ea1, NP:ea1, NA:ea1, PA:ea1	ea1:22-003707-003:PB2, ea1:22-003707-003:PB1, ea1:22-003707-003:NS, ea1:22-003707-003:MP, ea1:22-003707-003:HA, ea1:22-003707-003:NP, ea1:22-003707-003:NA, ea1:22-003707-003:PA	99.83%, 99.78%, 99.64%, 99.80%, 99.53%, 99.20%, 99.86%, 99.67%	4, 5, 3, 2, 8, 12, 2, 7	Ran on FASTA - No Coverage Report	2026-05-29_14-48-52
A/bald_eagle/Michigan/22-015054-009/2022	B1.2	PB2:am1.1, PB1:am1.1, NS:ea1, MP:ea1, HA:ea1, NP:am1.2, NA:ea1, PA:am1	am1.1:22-009287-001:PB2, am1.1:22-009287-001:PB1, ea1:22-003707-003:NS, ea1:22-003707-003:MP, ea1:22-003707-003:HA, am1.2:22-009287-001:NP, ea1:22-003707-003:NA, am1:22-008890-001:PA	99.83%, 99.78%, 99.76%, 99.90%, 99.71%, 99.80%, 99.64%, 99.95%	4, 5, 2, 1, 5, 3, 5, 1	Ran on FASTA - No Coverage Report	2026-05-29_14-48-53
A/Sterna_hirundo/Rio_de_Janeiro/0177-N/2024	Not assigned: Only 7 segments >98.0% match found of total 8 segments in input file	PB2:am2.1, PB1:am1.2, NS:am1.1, MP:ea1, NP:am1.4.1, NA:ea1, PA:ea1	am2.1:22-009329-001:PB2, am1.2:22-010085-001:PB1, am1.1:22-010085-001:NS, ea1:22-003707-003:MP, ea1:EPI-ISL-20215425:HA, am1.4.1:22-009329-001:NP, ea1:22-003707-003:NA, ea1:22-003707-003:PA	99.03%, 98.42%, 99.17%, 98.57%, 97.47%, 98.73%, 99.15%, 99.12%	22, 36, 7, 14, 45, 19, 12, 19	Ran on FASTA - No Coverage Report	2026-05-29_14-48-53
A/chicken/Peru/AIS0548/2022	B3.2	PB2:am2.1, PB1:am1.2, NS:am1.1, MP:ea1, HA:ea1, NP:am1.4.1, NA:ea1, PA:ea1	am2.1:22-009329-001:PB2, am1.2:22-010085-001:PB1, am1.1:22-010085-001:NS, ea1:22-003707-003:MP, ea1:22-003707-003:HA, am1.4.1:22-009329-001:NP, ea1:22-003707-003:NA, ea1:22-003707-003:PA	99.56%, 99.34%, 99.40%, 99.39%, 99.18%, 99.27%, 99.36%, 99.67%	10, 15, 5, 6, 14, 11, 9, 7	Ran on FASTA - No Coverage Report	2026-05-29_14-48-53
A/great_horned_owl/Florida/22-019885-002/2022	B1.1	PB2:am1.1, PB1:am1.1, NS:ea1, MP:ea1, HA:ea1, NP:am1.2, NA:ea1, PA:ea1	am1.1:22-009287-001:PB2, am1.1:22-009287-001:PB1, ea1:22-003707-003:NS, ea1:22-003707-003:MP, ea1:22-003707-003:HA, am1.2:22-009287-001:NP, ea1:22-003707-003:NA, ea1:22-003707-003:PA	99.61%, 99.65%, 99.64%, 99.59%, 99.59%, 99.47%, 99.86%, 99.63%	9, 8, 3, 4, 7, 8, 2, 8	Ran on FASTA - No Coverage Report	2026-05-29_14-48-53
A/Bald_Eagle/Florida/USDA-007915-001/2022	B1.1	PB2:am1.1, PB1:am1.1, NS:ea1, MP:ea1, HA:ea1, NP:am1.2, NA:ea1, PA:ea1	am1.1:22-009287-001:PB2, am1.1:22-009287-001:PB1, ea1:22-003707-003:NS, ea1:22-003707-003:MP, ea1:22-003707-003:HA, am1.2:22-009287-001:NP, ea1:22-003707-003:NA, ea1:22-003707-003:PA	99.69%, 99.87%, 99.76%, 100.00%, 99.77%, 99.80%, 99.93%, 99.86%	7, 3, 2, 0, 4, 3, 1, 3	Ran on FASTA - No Coverage Report	2026-05-29_14-48-53
A/Chicken/Argentina/21891-3/2025	Not assigned: Only 1 segments >98.0% match found of total 8 segments in input file	MP:ea1	am23:24-010726-001:PB2, am2:22-031266-001:PB1, am1.3:22-008760-007:NS, ea1:22-003707-003:MP, ea1:22-003707-003:HA, am1.1:22-007805-001:NP, ea1:22-003707-003:NA, ea1b:23-002693-004:PA	83.12%, 89.10%, 91.29%, 98.57%, 97.89%, 97.86%, 97.73%, 85.91%	383, 246, 73, 14, 36, 32, 32, 303	Ran on FASTA - No Coverage Report	2026-05-29_14-48-53
A/chicken/North_Dakota/22-010977-002/2022	B2.1	PB2:am1.2, PB1:ea1, NS:ea1, MP:ea1, HA:ea1, NP:am1.1, NA:ea1, PA:ea1	am1.2:22-007805-001:PB2, ea1:22-003707-003:PB1, ea1:22-003707-003:NS, ea1:22-003707-003:MP, ea1:22-003707-003:HA, am1.1:22-007805-001:NP, ea1:22-003707-003:NA, ea1:22-003707-003:PA	99.87%, 99.87%, 99.76%, 100.00%, 99.94%, 99.87%, 99.93%, 99.95%	3, 3, 2, 0, 1, 2, 1, 1	Ran on FASTA - No Coverage Report	2026-05-29_14-48-53
A/chicken/North_Carolina/22-010929-002/2022	A1	PB2:ea1, PB1:ea1, NS:ea1, MP:ea1, HA:ea1, NP:ea1, NA:ea1, PA:ea1	ea1:22-003707-003:PB2, ea1:22-003707-003:PB1, ea1:22-003707-003:NS, ea1:22-003707-003:MP, ea1:22-003707-003:HA, ea1:22-003707-003:NP, ea1:22-003707-003:NA, ea1:22-003707-003:PA	99.87%, 99.69%, 99.64%, 99.90%, 99.71%, 99.80%, 99.57%, 99.49%	3, 7, 3, 1, 5, 3, 6, 11	Ran on FASTA - No Coverage Report	2026-05-29_14-48-53
A/avian/Chile/272885/2023	Not assigned: Only 7 segments >98.0% match found of total 8 segments in input file	PB2:am2.1, PB1:am1.2, NS:am1.1, MP:ea1, NP:am1.4.1, NA:ea1, PA:ea1	am2.1:22-009329-001:PB2, am1.2:22-010085-001:PB1, am1.1:22-010085-001:NS, ea1:22-003707-003:MP, ea1:EPI-ISL-20215425:HA, am1.4.1:22-009329-001:NP, ea1:22-003707-003:NA, ea1:22-003707-003:PA	99.25%, 99.34%, 98.81%, 99.19%, 97.97%, 99.20%, 99.36%, 99.72%	17, 15, 10, 8, 36, 12, 9, 6	Ran on FASTA - No Coverage Report	2026-05-29_14-48-53
A/Ross's_Goose/North_Dakota/USDA-010036-002/2022	B5.1	PB2:ea1, PB1:ea1, NS:ea1, MP:ea1, HA:ea1, NP:am1.4.2, NA:ea1, PA:ea1	ea1:22-003707-003:PB2, ea1:22-003707-003:PB1, ea1:22-003707-003:NS, ea1:22-003707-003:MP, ea1:22-003707-003:HA, am1.4.2:22-008239-001:NP, ea1:22-003707-003:NA, ea1:22-003707-003:PA	99.87%, 99.87%, 99.76%, 99.90%, 99.77%, 99.87%, 99.86%, 99.95%	3, 3, 2, 1, 4, 2, 2, 1	Ran on FASTA - No Coverage Report	2026-05-29_14-48-53
A/turkey/Indiana/USDA-005696-002/2022	A1	PB2:ea1, PB1:ea1, NS:ea1, MP:ea1, HA:ea1, NP:ea1, NA:ea1, PA:ea1	ea1:22-003707-003:PB2, ea1:22-003707-003:PB1, ea1:22-003707-003:NS, ea1:22-003707-003:MP, ea1:22-003707-003:HA, ea1:22-003707-003:NP, ea1:22-003707-003:NA, ea1:22-003707-003:PA	99.96%, 99.96%, 100.00%, 100.00%, 99.94%, 100.00%, 100.00%, 99.91%	1, 1, 0, 0, 1, 0, 0, 2	Ran on FASTA - No Coverage Report	2026-05-29_14-48-54
A/Pekin_duck/Pennsylvania/22-013189-003/2022	A1	PB2:ea1, PB1:ea1, NS:ea1, MP:ea1, HA:ea1, NP:ea1, NA:ea1, PA:ea1	ea1:22-003707-003:PB2, ea1:22-003707-003:PB1, ea1:22-003707-003:NS, ea1:22-003707-003:MP, ea1:22-003707-003:HA, ea1:22-003707-003:NP, ea1:22-003707-003:NA, ea1:22-003707-003:PA	99.83%, 99.78%, 99.64%, 99.80%, 99.59%, 99.20%, 99.86%, 99.67%	4, 5, 3, 2, 7, 12, 2, 7	Ran on FASTA - No Coverage Report	2026-05-29_14-48-54
A/turkey/North_Carolina/22-009983-007/2022	A1	PB2:ea1, PB1:ea1, NS:ea1, MP:ea1, HA:ea1, NP:ea1, NA:ea1, PA:ea1	ea1:22-003707-003:PB2, ea1:22-003707-003:PB1, ea1:22-003707-003:NS, ea1:22-003707-003:MP, ea1:22-003707-003:HA, ea1:22-003707-003:NP, ea1:22-003707-003:NA, ea1:22-003707-003:PA	99.91%, 99.69%, 99.64%, 100.00%, 99.71%, 99.80%, 99.64%, 99.53%	2, 7, 3, 0, 5, 3, 5, 10	Ran on FASTA - No Coverage Report	2026-05-29_14-48-54
A/turkey/South_Dakota/22-008485-002/2022	B3.2	PB2:am2.1, PB1:am1.2, NS:am1.1, MP:ea1, HA:ea1, NP:am1.4.1, NA:ea1, PA:ea1	am2.1:22-009329-001:PB2, am1.2:22-010085-001:PB1, am1.1:22-010085-001:NS, ea1:22-003707-003:MP, ea1:22-003707-003:HA, am1.4.1:22-009329-001:NP, ea1:22-003707-003:NA, ea1:22-003707-003:PA	99.83%, 99.78%, 100.00%, 99.90%, 99.77%, 100.00%, 99.93%, 99.95%	4, 5, 0, 1, 4, 0, 1, 1	Ran on FASTA - No Coverage Report	2026-05-29_14-48-54
A/Green-winged_Teal/North_Carolina/USDA-003827-001/2022	A1	PB2:ea1, PB1:ea1, NS:ea1, MP:ea1, HA:ea1, NP:ea1, NA:ea1, PA:ea1	ea1:22-003707-003:PB2, ea1:22-003707-003:PB1, ea1:22-003707-003:NS, ea1:22-003707-003:MP, ea1:22-003707-003:HA, ea1:22-003707-003:NP, ea1:22-003707-003:NA, ea1:22-003707-003:PA	99.78%, 99.82%, 99.76%, 99.90%, 99.77%, 99.87%, 99.79%, 99.91%	5, 4, 2, 1, 4, 2, 3, 2	Ran on FASTA - No Coverage Report	2026-05-29_14-48-54
A/Snow_Goose/Kansas/USDA-006804-003/2022	A1	PB2:ea1, PB1:ea1, NS:ea1, MP:ea1, HA:ea1, NP:ea1, NA:ea1, PA:ea1	ea1:22-003707-003:PB2, ea1:22-003707-003:PB1, ea1:22-003707-003:NS, ea1:22-003707-003:MP, ea1:22-003707-003:HA, ea1:22-003707-003:NP, ea1:22-003707-003:NA, ea1:22-003707-003:PA	99.91%, 99.87%, 99.88%, 100.00%, 99.82%, 100.00%, 99.86%, 99.81%	2, 3, 1, 0, 3, 0, 2, 4	Ran on FASTA - No Coverage Report	2026-05-29_14-48-54
A/eared_grebe/Wyoming/22-017947-002/2022	A1	PB2:ea1, PB1:ea1, NS:ea1, MP:ea1, HA:ea1, NP:ea1, NA:ea1, PA:ea1	ea1:22-003707-003:PB2, ea1:22-003707-003:PB1, ea1:22-003707-003:NS, ea1:22-003707-003:MP, ea1:22-003707-003:HA, ea1:22-003707-003:NP, ea1:22-003707-003:NA, ea1:22-003707-003:PA	99.87%, 99.74%, 99.52%, 99.80%, 99.82%, 99.73%, 99.79%, 99.63%	3, 6, 4, 2, 3, 4, 3, 8	Ran on FASTA - No Coverage Report	2026-05-29_14-48-54
A/duck/Indiana/22-017489-003-original/2022	B2.1	PB2:am1.2, PB1:ea1, NS:ea1, MP:ea1, HA:ea1, NP:am1.1, NA:ea1, PA:ea1	am1.2:22-007805-001:PB2, ea1:22-003707-003:PB1, ea1:22-003707-003:NS, ea1:22-003707-003:MP, ea1:22-003707-003:HA, am1.1:22-007805-001:NP, ea1:22-003707-003:NA, ea1:22-003707-003:PA	99.87%, 99.82%, 99.88%, 99.90%, 99.88%, 99.87%, 99.86%, 99.86%	3, 4, 1, 1, 2, 2, 2, 3	Ran on FASTA - No Coverage Report	2026-05-29_14-48-54
A/canada_goose/Idaho/22-014968-003/2022	B2.1	PB2:am1.2, PB1:ea1, NS:ea1, MP:ea1, HA:ea1, NP:am1.1, NA:ea1, PA:ea1	am1.2:22-007805-001:PB2, ea1:22-003707-003:PB1, ea1:22-003707-003:NS, ea1:22-003707-003:MP, ea1:22-003707-003:HA, am1.1:22-007805-001:NP, ea1:22-003707-003:NA, ea1:22-003707-003:PA	99.83%, 99.87%, 99.88%, 100.00%, 99.77%, 99.93%, 99.57%, 99.91%	4, 3, 1, 0, 4, 1, 6, 2	Ran on FASTA - No Coverage Report	2026-05-29_14-48-54
A/chicken/Chile/242908-2/2023	Not assigned: Only 7 segments >98.0% match found of total 8 segments in input file	PB2:am2.1, PB1:am1.2, NS:am1.1, MP:ea1, NP:am1.4.1, NA:ea1, PA:ea1	am2.1:22-009329-001:PB2, am1.2:22-010085-001:PB1, am1.1:22-010085-001:NS, ea1:22-003707-003:MP, ea1:EPI-ISL-20215425:HA, am1.4.1:22-009329-001:NP, ea1:22-003707-003:NA, ea1:22-003707-003:PA	99.34%, 99.03%, 99.05%, 99.19%, 97.92%, 99.27%, 99.22%, 99.63%	15, 22, 8, 8, 37, 11, 11, 8	Ran on FASTA - No Coverage Report	2026-05-29_14-48-54
A/chicken/Idaho/USDA-011347-002/2022	B2.1	PB2:am1.2, PB1:ea1, NS:ea1, MP:ea1, HA:ea1, NP:am1.1, NA:ea1, PA:ea1	am1.2:22-007805-001:PB2, ea1:22-003707-003:PB1, ea1:22-003707-003:NS, ea1:22-003707-003:MP, ea1:22-003707-003:HA, am1.1:22-007805-001:NP, ea1:22-003707-003:NA, ea1:22-003707-003:PA	99.91%, 99.78%, 99.88%, 100.00%, 99.77%, 100.00%, 99.50%, 99.86%	2, 5, 1, 0, 4, 0, 7, 3	Ran on FASTA - No Coverage Report	2026-05-29_14-48-55
A/chicken/South_Dakota/22-015737-001/2022	B2.1	PB2:am1.2, PB1:ea1, NS:ea1, MP:ea1, HA:ea1, NP:am1.1, NA:ea1, PA:ea1	am1.2:22-007805-001:PB2, ea1:22-003707-003:PB1, ea1:22-003707-003:NS, ea1:22-003707-003:MP, ea1:22-003707-003:HA, am1.1:22-007805-001:NP, ea1:22-003707-003:NA, ea1:22-003707-003:PA	99.83%, 99.91%, 99.88%, 100.00%, 99.77%, 100.00%, 99.86%, 99.91%	4, 2, 1, 0, 4, 0, 2, 2	Ran on FASTA - No Coverage Report	2026-05-29_14-48-55
A/turkey/Wisconsin/22-014125-001/2022	B3.2	PB2:am2.1, PB1:am1.2, NS:am1.1, MP:ea1, HA:ea1, NP:am1.4.1, NA:ea1, PA:ea1	am2.1:22-009329-001:PB2, am1.2:22-010085-001:PB1, am1.1:22-010085-001:NS, ea1:22-003707-003:MP, ea1:22-003707-003:HA, am1.4.1:22-009329-001:NP, ea1:22-003707-003:NA, ea1:22-003707-003:PA	99.69%, 99.74%, 99.88%, 99.80%, 99.82%, 99.80%, 99.64%, 99.86%	7, 6, 1, 2, 3, 3, 5, 3	Ran on FASTA - No Coverage Report	2026-05-29_14-48-55
A/Nasua_nasua/Uruguay/146M1/2023	B3.2	PB2:am2.1, PB1:am1.2, NS:am1.1, MP:ea1, HA:ea1, NP:am1.4.1, NA:ea1, PA:ea1	am2.1:22-009329-001:PB2, am1.2:22-010085-001:PB1, am1.1:22-010085-001:NS, ea1:22-003707-003:MP, ea1:22-003707-003:HA, am1.4.1:22-009329-001:NP, ea1:22-003707-003:NA, ea1:22-003707-003:PA	99.25%, 99.16%, 99.28%, 99.39%, 99.18%, 98.93%, 99.08%, 99.53%	17, 19, 6, 6, 14, 16, 13, 10	Ran on FASTA - No Coverage Report	2026-05-29_14-48-55
A/Bald_Eagle/Florida/USDA-006020-001/2022	B1.1	PB2:am1.1, PB1:am1.1, NS:ea1, MP:ea1, HA:ea1, NP:am1.2, NA:ea1, PA:ea1	am1.1:22-009287-001:PB2, am1.1:22-009287-001:PB1, ea1:22-003707-003:NS, ea1:22-003707-003:MP, ea1:22-003707-003:HA, am1.2:22-009287-001:NP, ea1:22-003707-003:NA, ea1:22-003707-003:PA	99.78%, 99.87%, 99.88%, 99.90%, 99.77%, 99.87%, 99.93%, 99.91%	5, 3, 1, 1, 4, 2, 1, 2	Ran on FASTA - No Coverage Report	2026-05-29_14-48-55
A/gray_gull/Arica/239053-1/2023	Not assigned: Only 7 segments >98.0% match found of total 8 segments in input file	PB2:am2.1, PB1:am1.2, NS:am1.1, MP:ea1, NP:am1.4.1, NA:ea1, PA:ea1	am2.1:22-009329-001:PB2, am1.2:22-010085-001:PB1, am1.1:22-010085-001:NS, ea1:22-003707-003:MP, ea1:EPI-ISL-20215425:HA, am1.4.1:22-009329-001:NP, ea1:22-003707-003:NA, ea1:22-003707-003:PA	99.56%, 99.16%, 99.05%, 99.29%, 97.80%, 98.93%, 99.36%, 99.63%	10, 19, 8, 7, 39, 16, 9, 8	Ran on FASTA - No Coverage Report	2026-05-29_14-48-55
A/Chicken/Argentina/516-5/2025	Not assigned: Only 4 segments >98.0% match found of total 8 segments in input file	MP:ea1, HA:ea1, NP:am1.1, NA:ea1	am23:24-010726-001:PB2, am2:22-031266-001:PB1, am1.3:22-008760-007:NS, ea1:22-003707-003:MP, ea1:22-003707-003:HA, am1.1:22-007805-001:NP, ea1:22-003707-003:NA, ea1b:23-002693-004:PA	83.12%, 89.19%, 91.77%, 98.78%, 98.30%, 98.40%, 98.16%, 85.96%	383, 244, 69, 12, 29, 24, 26, 302	Ran on FASTA - No Coverage Report	2026-05-29_14-48-55
A/bald_eagle/Washington/22-024499-001/2022	B4.1	PB2:am2.2, PB1:ea1, NS:ea1, MP:ea1, HA:ea1, NP:am1.3, NA:ea1, PA:ea1	am2.2:22-010445-001:PB2, ea1:22-003707-003:PB1, ea1:22-003707-003:NS, ea1:22-003707-003:MP, ea1:22-003707-003:HA, am1.3:22-010445-001:NP, ea1:22-003707-003:NA, ea1:22-003707-003:PA	99.74%, 99.78%, 99.40%, 99.80%, 99.47%, 99.87%, 99.57%, 99.67%	6, 5, 5, 2, 9, 2, 6, 7	Ran on FASTA - No Coverage Report	2026-05-29_14-48-55
A/common_tern/Maine/22-020831-004/2022	A2	PB2:ea1, PB1:ea2, NS:ea1, MP:ea1, HA:ea2, NP:ea1, NA:ea2, PA:ea1	ea1:22-003707-003:PB2, ea2:22-022528-003:PB1, ea1:22-003707-003:NS, ea1:22-003707-003:MP, ea2:23-030074-013:HA, ea1:22-003707-003:NP, ea2:22-022528-003:NA, ea1:22-003707-003:PA	99.47%, 99.91%, 99.28%, 99.90%, 99.47%, 99.47%, 99.93%, 99.72%	12, 2, 6, 1, 9, 8, 1, 6	Ran on FASTA - No Coverage Report	2026-05-29_14-48-55
A/chicken/Oregon/22-020609-001-original/2022	B4.1	PB2:am2.2, PB1:ea1, NS:ea1, MP:ea1, HA:ea1, NP:am1.3, NA:ea1, PA:ea1	am2.2:22-010445-001:PB2, ea1:22-003707-003:PB1, ea1:22-003707-003:NS, ea1:22-003707-003:MP, ea1:22-003707-003:HA, am1.3:22-010445-001:NP, ea1:22-003707-003:NA, ea1:22-003707-003:PA	99.65%, 99.78%, 99.76%, 99.69%, 99.82%, 99.87%, 99.72%, 99.72%	8, 5, 2, 3, 3, 2, 4, 6	Ran on FASTA - No Coverage Report	2026-05-29_14-48-56
A/Chicken/Argentina/1035-1/2023	B3.2	PB2:am2.1, PB1:am1.2, NS:am1.1, MP:ea1, HA:ea1, NP:am1.4.1, NA:ea1, PA:ea1	am2.1:22-009329-001:PB2, am1.2:22-010085-001:PB1, am1.1:22-010085-001:NS, ea1:22-003707-003:MP, ea1:22-003707-003:HA, am1.4.1:22-009329-001:NP, ea1:22-003707-003:NA, ea1:22-003707-003:PA	99.34%, 99.21%, 99.28%, 99.29%, 99.24%, 99.06%, 99.22%, 99.58%	15, 18, 6, 7, 13, 14, 11, 9	Ran on FASTA - No Coverage Report	2026-05-29_14-48-56
A/chicken/Maine/22-005443-001/2022	A1	PB2:ea1, PB1:ea1, NS:ea1, MP:ea1, HA:ea1, NP:ea1, NA:ea1, PA:ea1	ea1:22-003707-003:PB2, ea1:22-003707-003:PB1, ea1:22-003707-003:NS, ea1:22-003707-003:MP, ea1:22-003707-003:HA, ea1:22-003707-003:NP, ea1:22-003707-003:NA, ea1:22-003707-003:PA	99.83%, 99.78%, 99.88%, 100.00%, 99.65%, 99.73%, 99.64%, 99.77%	4, 5, 1, 0, 6, 4, 5, 5	Ran on FASTA - No Coverage Report	2026-05-29_14-48-56
A/merganser/Wisconsin/22-013267-001/2022	B2.1	PB2:am1.2, PB1:ea1, NS:ea1, MP:ea1, HA:ea1, NP:am1.1, NA:ea1, PA:ea1	am1.2:22-007805-001:PB2, ea1:22-003707-003:PB1, ea1:22-003707-003:NS, ea1:22-003707-003:MP, ea1:22-003707-003:HA, am1.1:22-007805-001:NP, ea1:22-003707-003:NA, ea1:22-003707-003:PA	99.87%, 99.91%, 99.64%, 100.00%, 99.82%, 100.00%, 99.79%, 99.91%	3, 2, 3, 0, 3, 0, 3, 2	Ran on FASTA - No Coverage Report	2026-05-29_14-48-56
A/goose/Colorado/USDA-010377-001/2022	A1	PB2:ea1, PB1:ea1, NS:ea1, MP:ea1, HA:ea1, NP:ea1, NA:ea1, PA:ea1	ea1:22-003707-003:PB2, ea1:22-003707-003:PB1, ea1:22-003707-003:NS, ea1:22-003707-003:MP, ea1:22-003707-003:HA, ea1:22-003707-003:NP, ea1:22-003707-003:NA, ea1:22-003707-003:PA	99.78%, 99.82%, 99.88%, 99.69%, 99.59%, 99.87%, 99.79%, 99.86%	5, 4, 1, 3, 7, 2, 3, 3	Ran on FASTA - No Coverage Report	2026-05-29_14-48-56
A/chicken/Peru/AIS0544/2022	B3.2	PB2:am2.1, PB1:am1.2, NS:am1.1, MP:ea1, HA:ea1, NP:am1.4.1, NA:ea1, PA:ea1	am2.1:22-009329-001:PB2, am1.2:22-010085-001:PB1, am1.1:22-010085-001:NS, ea1:22-003707-003:MP, ea1:22-003707-003:HA, am1.4.1:22-009329-001:NP, ea1:22-003707-003:NA, ea1:22-003707-003:PA	99.56%, 99.38%, 99.28%, 99.49%, 99.30%, 99.06%, 99.36%, 99.58%	10, 14, 6, 5, 12, 14, 9, 9	Ran on FASTA - No Coverage Report	2026-05-29_14-48-56
A/turkey/South_Dakota/22-010346-002/2022	B2.1	PB2:am1.2, PB1:ea1, NS:ea1, MP:ea1, HA:ea1, NP:am1.1, NA:ea1, PA:ea1	am1.2:22-007805-001:PB2, ea1:22-003707-003:PB1, ea1:22-003707-003:NS, ea1:22-003707-003:MP, ea1:22-003707-003:HA, am1.1:22-007805-001:NP, ea1:22-003707-003:NA, ea1:22-003707-003:PA	99.87%, 99.78%, 99.64%, 99.90%, 99.82%, 100.00%, 99.93%, 99.91%	3, 5, 3, 1, 3, 0, 1, 2	Ran on FASTA - No Coverage Report	2026-05-29_14-48-56
A/chicken/Araucania/239569-2/2023	B3.2	PB2:am2.1, PB1:am1.2, NS:am1.1, MP:ea1, HA:ea1, NP:am1.4.1, NA:ea1, PA:ea1	am2.1:22-009329-001:PB2, am1.2:22-010085-001:PB1, am1.1:22-010085-001:NS, ea1:22-003707-003:MP, ea1:22-003707-003:HA, am1.4.1:22-009329-001:NP, ea1:22-003707-003:NA, ea1:22-003707-003:PA	99.39%, 99.21%, 99.52%, 99.39%, 99.00%, 99.13%, 99.22%, 99.63%	14, 18, 4, 6, 17, 13, 11, 8	Ran on FASTA - No Coverage Report	2026-05-29_14-48-56
A/Ring-necked_pheasant/New_York/22-013871-001/2022	A1	PB2:ea1, PB1:ea1, NS:ea1, MP:ea1, HA:ea1, NP:ea1, NA:ea1, PA:ea1	ea1:22-003707-003:PB2, ea1:22-003707-003:PB1, ea1:22-003707-003:NS, ea1:22-003707-003:MP, ea1:22-003707-003:HA, ea1:22-003707-003:NP, ea1:22-003707-003:NA, ea1:22-003707-003:PA	99.74%, 99.78%, 99.88%, 100.00%, 99.53%, 99.80%, 99.93%, 99.67%	6, 5, 1, 0, 8, 3, 1, 7	Ran on FASTA - No Coverage Report	2026-05-29_14-48-56
A/backyard_chicken/Uruguay/UDELAR-047-M3/2023	B3.2	PB2:am2.1, PB1:am1.2, NS:am1.1, MP:ea1, HA:ea1, NP:am1.4.1, NA:ea1, PA:ea1	am2.1:22-009329-001:PB2, am1.2:22-010085-001:PB1, am1.1:22-010085-001:NS, ea1:22-003707-003:MP, ea1:22-003707-003:HA, am1.4.1:22-009329-001:NP, ea1:22-003707-003:NA, ea1:22-003707-003:PA	99.43%, 99.16%, 98.69%, 99.19%, 99.24%, 99.13%, 99.29%, 99.72%	13, 19, 11, 8, 13, 13, 10, 6	Ran on FASTA - No Coverage Report	2026-05-29_14-48-56
A/caspian_tern/Wisconsin/22-017717-005/2022	B1.2	PB2:am1.1, PB1:am1.1, NS:ea1, MP:ea1, HA:ea1, NP:am1.2, NA:ea1, PA:am1	am1.1:22-009287-001:PB2, am1.1:22-009287-001:PB1, ea1:22-003707-003:NS, ea1:22-003707-003:MP, ea1:22-003707-003:HA, am1.2:22-009287-001:NP, ea1:22-003707-003:NA, am1:22-008890-001:PA	99.61%, 99.52%, 99.64%, 99.69%, 99.71%, 99.47%, 99.72%, 99.72%	9, 11, 3, 3, 5, 8, 4, 6	Ran on FASTA - No Coverage Report	2026-05-29_14-48-57
A/Sterna_hirundo/Rio_de_Janeiro/0721-N/2024	Not assigned: Only 7 segments >98.0% match found of total 8 segments in input file	PB2:am2.1, PB1:am1.2, NS:am1.1, MP:ea1, NP:am1.4.1, NA:ea1, PA:ea1	am2.1:22-009329-001:PB2, am1.2:22-010085-001:PB1, am1.1:22-010085-001:NS, ea1:22-003707-003:MP, ea1:EPI-ISL-20215425:HA, am1.4.1:22-009329-001:NP, ea1:22-003707-003:NA, ea1:22-003707-003:PA	99.03%, 98.86%, 99.17%, 98.47%, 97.52%, 98.80%, 99.01%, 99.26%	22, 26, 7, 15, 44, 18, 14, 16	Ran on FASTA - No Coverage Report	2026-05-29_14-48-57
A/pelican/Valparaiso/233450-1/2023	B3.2	PB2:am2.1, PB1:am1.2, NS:am1.1, MP:ea1, HA:ea1, NP:am1.4.1, NA:ea1, PA:ea1	am2.1:22-009329-001:PB2, am1.2:22-010085-001:PB1, am1.1:22-010085-001:NS, ea1:22-003707-003:MP, ea1:22-003707-003:HA, am1.4.1:22-009329-001:NP, ea1:22-003707-003:NA, ea1:22-003707-003:PA	99.47%, 99.21%, 99.05%, 99.29%, 99.30%, 99.20%, 99.43%, 99.35%	12, 18, 8, 7, 12, 12, 8, 14	Ran on FASTA - No Coverage Report	2026-05-29_14-48-57
A/Snow_Goose/Kentucky/USDA-004809-002/2022	A1	PB2:ea1, PB1:ea1, NS:ea1, MP:ea1, HA:ea1, NP:ea1, NA:ea1, PA:ea1	ea1:22-003707-003:PB2, ea1:22-003707-003:PB1, ea1:22-003707-003:NS, ea1:22-003707-003:MP, ea1:22-003707-003:HA, ea1:22-003707-003:NP, ea1:22-003707-003:NA, ea1:22-003707-003:PA	100.00%, 99.82%, 100.00%, 100.00%, 99.82%, 99.93%, 99.93%, 100.00%	0, 4, 0, 0, 3, 1, 1, 0	Ran on FASTA - No Coverage Report	2026-05-29_14-48-57
A/canada_goose/Vermont/22-013321-001/2022	B1.2	PB2:am1.1, PB1:am1.1, NS:ea1, MP:ea1, HA:ea1, NP:am1.2, NA:ea1, PA:am1	am1.1:22-009287-001:PB2, am1.1:22-009287-001:PB1, ea1:22-003707-003:NS, ea1:22-003707-003:MP, ea1:22-003707-003:HA, am1.2:22-009287-001:NP, ea1:22-003707-003:NA, am1:22-008890-001:PA	99.65%, 99.78%, 99.76%, 99.90%, 99.30%, 99.87%, 99.86%, 99.77%	8, 5, 2, 1, 12, 2, 2, 5	Ran on FASTA - No Coverage Report	2026-05-29_14-48-57
A/turkey/Utah/22-022055-001-original/2022	B2.2	PB2:am1.2, PB1:ea1, NS:am1.2, MP:ea1, HA:ea1, NP:am1.1, NA:ea1, PA:ea1	am1.2:22-007805-001:PB2, ea1:22-003707-003:PB1, am1.2:22-010668-001:NS, ea1:22-003707-003:MP, ea1:22-003707-003:HA, am1.1:22-007805-001:NP, ea1:22-003707-003:NA, ea1:22-003707-003:PA	99.65%, 99.78%, 99.52%, 99.80%, 99.77%, 99.60%, 99.43%, 99.91%	8, 5, 4, 2, 4, 6, 8, 2	Ran on FASTA - No Coverage Report	2026-05-29_14-48-57
A/chicken/Kentucky/USDA-004416-003/2022	A1	PB2:ea1, PB1:ea1, NS:ea1, MP:ea1, HA:ea1, NP:ea1, NA:ea1, PA:ea1	ea1:22-003707-003:PB2, ea1:22-003707-003:PB1, ea1:22-003707-003:NS, ea1:22-003707-003:MP, ea1:22-003707-003:HA, ea1:22-003707-003:NP, ea1:22-003707-003:NA, ea1:22-003707-003:PA	100.00%, 99.96%, 100.00%, 100.00%, 100.00%, 100.00%, 99.93%, 99.86%	0, 1, 0, 0, 0, 0, 1, 3	Ran on FASTA - No Coverage Report	2026-05-29_14-48-57
A/bald_eagle/Unknown/23-034211-002/2023	B1.2	PB2:am1.1, PB1:am1.1, NS:ea1, MP:ea1, HA:ea1, NP:am1.2, NA:ea1, PA:am1	am1.1:22-009287-001:PB2, am1.1:22-009287-001:PB1, ea1:22-003707-003:NS, ea1:22-003707-003:MP, ea1:22-003707-003:HA, am1.2:22-009287-001:NP, ea1:22-003707-003:NA, am1:22-008890-001:PA	99.65%, 99.65%, 99.76%, 99.90%, 99.65%, 99.87%, 99.86%, 99.95%	8, 8, 2, 1, 6, 2, 2, 1	Ran on FASTA - No Coverage Report	2026-05-29_14-48-58
A/canada_goose/Washington/22-015526-003/2022	B3.2	PB2:am2.1, PB1:am1.2, NS:am1.1, MP:ea1, HA:ea1, NP:am1.4.1, NA:ea1, PA:ea1	am2.1:22-009329-001:PB2, am1.2:22-010085-001:PB1, am1.1:22-010085-001:NS, ea1:22-003707-003:MP, ea1:22-003707-003:HA, am1.4.1:22-009329-001:NP, ea1:22-003707-003:NA, ea1:22-003707-003:PA	99.74%, 99.74%, 99.88%, 99.59%, 99.53%, 99.80%, 99.79%, 99.81%	6, 6, 1, 4, 8, 3, 3, 4	Ran on FASTA - No Coverage Report	2026-05-29_14-48-58
A/Gallus_gallus/MontenegroBR/1245-N3/2025	Not assigned: Only 3 segments >98.0% match found of total 8 segments in input file	MP:ea1, NP:am1.1, NA:ea1	am2.1:22-009329-001:PB2, am2:22-031266-001:PB1, am1.3:22-008760-007:NS, ea1:22-003707-003:MP, ea1:EPI-ISL-20215425:HA, am1.1:22-007805-001:NP, ea1:22-003707-003:NA, ea1:EPI-ISL-20215425:PA	87.42%, 89.01%, 91.53%, 98.68%, 97.13%, 98.20%, 98.23%, 86.61%	285, 248, 71, 13, 51, 27, 25, 299	Ran on FASTA - No Coverage Report	2026-05-29_14-48-58
A/american_crow/MA/22HP00185/2022	A2	PB2:ea1, PB1:ea2, NS:ea1, MP:ea1, HA:ea2, NP:ea1, NA:ea2, PA:ea1	ea1:22-003707-003:PB2, ea2:22-036180-006:PB1, ea1:22-003707-003:NS, ea1:22-003707-003:MP, ea2:22-008064-001:HA, ea1:22-003707-003:NP, ea2:22-008064-001:NA, ea1:22-003707-003:PA	99.61%, 99.87%, 99.52%, 99.80%, 99.88%, 99.53%, 99.72%, 99.86%	9, 3, 4, 2, 2, 7, 4, 3	Ran on FASTA - No Coverage Report	2026-05-29_14-48-58
A/canada_goose/California/22-021273-002/2022	B4.1	PB2:am2.2, PB1:ea1, NS:ea1, MP:ea1, HA:ea1, NP:am1.3, NA:ea1, PA:ea1	am2.2:22-010445-001:PB2, ea1:22-003707-003:PB1, ea1:22-003707-003:NS, ea1:22-003707-003:MP, ea1:22-003707-003:HA, am1.3:22-010445-001:NP, ea1:22-003707-003:NA, ea1:22-003707-003:PA	99.83%, 99.87%, 99.52%, 99.80%, 99.65%, 99.87%, 99.72%, 99.81%	4, 3, 4, 2, 6, 2, 4, 4	Ran on FASTA - No Coverage Report	2026-05-29_14-48-58
A/duck/Pennsylvania/22-016645-003-original/2022	A1	PB2:ea1, PB1:ea1, NS:ea1, MP:ea1, HA:ea1, NP:ea1, NA:ea1, PA:ea1	ea1:22-003707-003:PB2, ea1:22-003707-003:PB1, ea1:22-003707-003:NS, ea1:22-003707-003:MP, ea1:22-003707-003:HA, ea1:22-003707-003:NP, ea1:22-003707-003:NA, ea1:22-003707-003:PA	99.78%, 99.78%, 99.64%, 99.80%, 99.59%, 99.13%, 99.86%, 99.67%	5, 5, 3, 2, 7, 13, 2, 7	Ran on FASTA - No Coverage Report	2026-05-29_14-48-58
A/Ross's_Goose/North_Dakota/USDA-010663-024/2022	B2.1	PB2:am1.2, PB1:ea1, NS:ea1, MP:ea1, HA:ea1, NP:am1.1, NA:ea1, PA:ea1	am1.2:22-007805-001:PB2, ea1:22-003707-003:PB1, ea1:22-003707-003:NS, ea1:22-003707-003:MP, ea1:22-003707-003:HA, am1.1:22-007805-001:NP, ea1:22-003707-003:NA, ea1:22-003707-003:PA	99.87%, 99.82%, 99.76%, 100.00%, 99.94%, 100.00%, 99.79%, 99.81%	3, 4, 2, 0, 1, 0, 3, 4	Ran on FASTA - No Coverage Report	2026-05-29_14-48-58
A/Pelecanus_thagus/Peru/LIM-QUIM006/2023	B3.2	PB2:am2.1, PB1:am1.2, NS:am1.1, MP:ea1, HA:ea1, NP:am1.4.1, NA:ea1, PA:ea1	am2.1:22-009329-001:PB2, am1.2:22-010085-001:PB1, am1.1:22-010085-001:NS, ea1:22-003707-003:MP, ea1:EPI-ISL-20215425:HA, am1.4.1:22-009329-001:NP, ea1:22-003707-003:NA, ea1:22-003707-003:PA	99.56%, 99.43%, 99.40%, 99.39%, 98.09%, 99.33%, 99.36%, 99.72%	10, 13, 5, 6, 34, 10, 9, 6	Ran on FASTA - No Coverage Report	2026-05-29_14-48-59
A/Gallus_gallus/MonteAzulPaulistaBR/2168-N/2025	Not assigned: Only 5 segments >98.0% match found of total 8 segments in input file	NS:am1.1, MP:ea1, HA:ea1, NA:ea1, PA:ea1	am7:22-035442-001:PB2, am12:23-004320-002:PB1, am1.1:22-010085-001:NS, ea1:22-003707-003:MP, ea1:24-009110-019:HA, am5:23-013078-002:NP, ea1:24-009110-019:NA, ea1:22-003707-003:PA	90.22%, 96.00%, 98.57%, 98.27%, 98.65%, 92.58%, 98.72%, 98.98%	221, 91, 12, 17, 23, 111, 18, 22	Ran on FASTA - No Coverage Report	2026-05-29_14-48-59
A/Chicken/Argentina/509-2/2023	B3.2	PB2:am2.1, PB1:am1.2, NS:am1.1, MP:ea1, HA:ea1, NP:am1.4.1, NA:ea1, PA:ea1	am2.1:22-009329-001:PB2, am1.2:22-010085-001:PB1, am1.1:22-010085-001:NS, ea1:22-003707-003:MP, ea1:22-003707-003:HA, am1.4.1:22-009329-001:NP, ea1:22-003707-003:NA, ea1:22-003707-003:PA	99.25%, 99.21%, 99.40%, 99.39%, 99.06%, 99.20%, 99.08%, 99.67%	17, 18, 5, 6, 16, 12, 13, 7	Ran on FASTA - No Coverage Report	2026-05-29_14-48-59
A/sanderling/MA/22HP00130/2022	A2	PB2:ea1, PB1:ea2, NS:ea1, MP:ea1, HA:ea2, NP:ea1, NA:ea2, PA:ea1	ea1:22-003707-003:PB2, ea2:22-036180-006:PB1, ea1:22-003707-003:NS, ea1:22-003707-003:MP, ea2:22-008064-001:HA, ea1:22-003707-003:NP, ea2:22-008064-001:NA, ea1:22-003707-003:PA	99.61%, 99.87%, 99.52%, 99.80%, 99.88%, 99.60%, 99.64%, 99.77%	9, 3, 4, 2, 2, 6, 5, 5	Ran on FASTA - No Coverage Report	2026-05-29_14-48-59
A/avian/Chile/240628/2023	Not assigned: Only 7 segments >98.0% match found of total 8 segments in input file	PB2:am2.1, PB1:am1.2, NS:am1.1, MP:ea1, NP:am1.4.1, NA:ea1, PA:ea1	am2.1:22-009329-001:PB2, am1.2:22-010085-001:PB1, am1.1:22-010085-001:NS, ea1:22-003707-003:MP, ea1:EPI-ISL-20215425:HA, am1.4.1:22-009329-001:NP, ea1:22-003707-003:NA, ea1:22-003707-003:PA	99.39%, 99.21%, 99.05%, 99.29%, 97.92%, 99.06%, 99.43%, 99.67%	14, 18, 8, 7, 37, 14, 8, 7	Ran on FASTA - No Coverage Report	2026-05-29_14-48-59
A/Great_Horned_Owl/Florida/USDA-006984-001/2022	B1.1	PB2:am1.1, PB1:am1.1, NS:ea1, MP:ea1, HA:ea1, NP:am1.2, NA:ea1, PA:ea1	am1.1:22-009287-001:PB2, am1.1:22-009287-001:PB1, ea1:22-003707-003:NS, ea1:22-003707-003:MP, ea1:22-003707-003:HA, am1.2:22-009287-001:NP, ea1:22-003707-003:NA, ea1:22-003707-003:PA	99.65%, 99.78%, 99.88%, 99.90%, 99.71%, 99.80%, 99.86%, 99.86%	8, 5, 1, 1, 5, 3, 2, 3	Ran on FASTA - No Coverage Report	2026-05-29_14-48-59
A/red_tailed_hawk/Minnesota/22-013663-004/2022	B3.2	PB2:am2.1, PB1:am1.2, NS:am1.1, MP:ea1, HA:ea1, NP:am1.4.1, NA:ea1, PA:ea1	am2.1:22-009329-001:PB2, am1.2:22-010085-001:PB1, am1.1:22-010085-001:NS, ea1:22-003707-003:MP, ea1:22-003707-003:HA, am1.4.1:22-009329-001:NP, ea1:22-003707-003:NA, ea1:22-003707-003:PA	99.74%, 99.74%, 99.88%, 99.80%, 99.65%, 99.87%, 99.79%, 99.86%	6, 6, 1, 2, 6, 2, 3, 3	Ran on FASTA - No Coverage Report	2026-05-29_14-49-00
A/turkey/Wisconsin/22-012974-002/2022	B3.2	PB2:am2.1, PB1:am1.2, NS:am1.1, MP:ea1, HA:ea1, NP:am1.4.1, NA:ea1, PA:ea1	am2.1:22-009329-001:PB2, am1.2:22-010085-001:PB1, am1.1:22-010085-001:NS, ea1:22-003707-003:MP, ea1:22-003707-003:HA, am1.4.1:22-009329-001:NP, ea1:22-003707-003:NA, ea1:22-003707-003:PA	99.69%, 99.74%, 99.88%, 99.80%, 99.82%, 99.87%, 99.79%, 99.86%	7, 6, 1, 2, 3, 2, 3, 3	Ran on FASTA - No Coverage Report	2026-05-29_14-49-00
A/Guineafowl/Illinois/USDA-007382-001/2022	A1	PB2:ea1, PB1:ea1, NS:ea1, MP:ea1, HA:ea1, NP:ea1, NA:ea1, PA:ea1	ea1:22-003707-003:PB2, ea1:22-003707-003:PB1, ea1:22-003707-003:NS, ea1:22-003707-003:MP, ea1:22-003707-003:HA, ea1:22-003707-003:NP, ea1:22-003707-003:NA, ea1:22-003707-003:PA	99.91%, 99.96%, 100.00%, 100.00%, 99.94%, 99.87%, 99.86%, 99.95%	2, 1, 0, 0, 1, 2, 2, 1	Ran on FASTA - No Coverage Report	2026-05-29_14-49-00
A/bald_eagle/Massachusetts/22-021035-001/2022	A2	PB2:ea1, PB1:ea2, NS:ea1, MP:ea1, HA:ea2, NP:ea1, NA:ea2, PA:ea1	ea1:22-003707-003:PB2, ea2:22-036180-006:PB1, ea1:22-003707-003:NS, ea1:22-003707-003:MP, ea2:22-008064-001:HA, ea1:22-003707-003:NP, ea2:22-008064-001:NA, ea1:22-003707-003:PA	99.47%, 99.87%, 99.40%, 99.69%, 99.71%, 99.40%, 99.64%, 99.63%	12, 3, 5, 3, 5, 9, 5, 8	Ran on FASTA - No Coverage Report	2026-05-29_14-49-00
A/Sanderling/Arica_y_Parinacota/240265/2023	B3.2	PB2:am2.1, PB1:am1.2, NS:am1.1, MP:ea1, HA:ea1, NP:am1.4.1, NA:ea1, PA:ea1	am2.1:22-009329-001:PB2, am1.2:22-010085-001:PB1, am1.1:22-010085-001:NS, ea1:22-003707-003:MP, ea1:22-003707-003:HA, am1.4.1:22-009329-001:NP, ea1:22-003707-003:NA, ea1:22-003707-003:PA	99.43%, 99.30%, 99.17%, 99.39%, 99.24%, 99.00%, 99.36%, 99.49%	13, 16, 7, 6, 13, 15, 9, 11	Ran on FASTA - No Coverage Report	2026-05-29_14-49-00
A/Thalasseus_acuflavidus/Sao_Paulo/0291-N/2024	Not assigned: Only 7 segments >98.0% match found of total 8 segments in input file	PB2:am2.1, PB1:am1.2, NS:am1.1, MP:ea1, NP:am1.4.1, NA:ea1, PA:ea1	am2.1:22-009329-001:PB2, am1.2:22-010085-001:PB1, am1.1:22-010085-001:NS, ea1:22-003707-003:MP, ea1:EPI-ISL-20215425:HA, am1.4.1:22-009329-001:NP, ea1:22-003707-003:NA, ea1:22-003707-003:PA	99.03%, 98.86%, 99.05%, 98.88%, 97.57%, 98.86%, 98.86%, 99.26%	22, 26, 8, 11, 43, 17, 16, 16	Ran on FASTA - No Coverage Report	2026-05-29_14-49-00
A/Turkey/Argentina/21818-2/2025	Not assigned: Only 2 segments >98.0% match found of total 8 segments in input file	MP:ea1, NP:am1.1	am23:24-010726-001:PB2, am2:22-031266-001:PB1, am1.3:22-008760-007:NS, ea1:22-003707-003:MP, ea1:22-003707-003:HA, am1.1:22-007805-001:NP, ea1:22-003707-003:NA, ea1b:23-002693-004:PA	83.03%, 89.14%, 91.29%, 98.78%, 97.76%, 98.26%, 97.66%, 85.82%	385, 245, 73, 12, 38, 26, 33, 305	Ran on FASTA - No Coverage Report	2026-05-29_14-49-00
A/Peruvian_booby/OHiggins/242755-1/2023	Not assigned: Only 7 segments >98.0% match found of total 8 segments in input file	PB2:am2.1, PB1:am1.2, NS:am1.1, MP:ea1, NP:am1.4.1, NA:ea1, PA:ea1	am2.1:22-009329-001:PB2, am1.2:22-010085-001:PB1, am1.1:22-010085-001:NS, ea1:22-003707-003:MP, ea1:EPI-ISL-20215425:HA, am1.4.1:22-009329-001:NP, ea1:22-003707-003:NA, ea1:22-003707-003:PA	99.47%, 99.16%, 99.05%, 99.39%, 97.86%, 99.13%, 99.43%, 99.63%	12, 19, 8, 6, 38, 13, 8, 8	Ran on FASTA - No Coverage Report	2026-05-29_14-49-01
A/Mallard/North_Carolina/USDA-004008-006/2022	Minor09	PB2:ea1, PB1:ea1, NS:ea1, MP:ea1, HA:ea1, NP:am1.4.1, NA:ea1, PA:ea1	ea1:22-003707-003:PB2, ea1:22-003707-003:PB1, ea1:22-003707-003:NS, ea1:22-003707-003:MP, ea1:22-003707-003:HA, am1.4.1:22-009329-001:NP, ea1:22-003707-003:NA, ea1:22-003707-003:PA	99.91%, 99.91%, 99.88%, 100.00%, 99.65%, 99.40%, 99.79%, 99.72%	2, 2, 1, 0, 6, 9, 3, 6	Ran on FASTA - No Coverage Report	2026-05-29_14-49-01
A/bald_eagle/Florida/W22-134-OP/2022	B1.1	PB2:am1.1, PB1:am1.1, NS:ea1, MP:ea1, HA:ea1, NP:am1.2, NA:ea1, PA:ea1	am1.1:22-009287-001:PB2, am1.1:22-009287-001:PB1, ea1:22-003707-003:NS, ea1:22-003707-003:MP, ea1:22-003707-003:HA, am1.2:22-009287-001:NP, ea1:22-003707-003:NA, ea1:22-003707-003:PA	99.69%, 99.87%, 99.88%, 100.00%, 99.77%, 99.87%, 99.93%, 99.81%	7, 3, 1, 0, 4, 2, 1, 4	Ran on FASTA - No Coverage Report	2026-05-29_14-49-01
A/wood_duck/Wisconsin/22-016281-001/2022	B2.1	PB2:am1.2, PB1:ea1, NS:ea1, MP:ea1, HA:ea1, NP:am1.1, NA:ea1, PA:ea1	am1.2:22-007805-001:PB2, ea1:22-003707-003:PB1, ea1:22-003707-003:NS, ea1:22-003707-003:MP, ea1:22-003707-003:HA, am1.1:22-007805-001:NP, ea1:22-003707-003:NA, ea1:22-003707-003:PA	99.96%, 99.78%, 99.52%, 100.00%, 99.77%, 100.00%, 99.86%, 99.95%	1, 5, 4, 0, 4, 0, 2, 1	Ran on FASTA - No Coverage Report	2026-05-29_14-49-01
A/great_horned_owl/Wyoming/22-013814-001/2022	A1	PB2:ea1, PB1:ea1, NS:ea1, MP:ea1, HA:ea1, NP:ea1, NA:ea1, PA:ea1	ea1:22-003707-003:PB2, ea1:22-003707-003:PB1, ea1:22-003707-003:NS, ea1:22-003707-003:MP, ea1:22-003707-003:HA, ea1:22-003707-003:NP, ea1:22-003707-003:NA, ea1:22-003707-003:PA	99.74%, 99.74%, 99.76%, 99.80%, 99.41%, 99.67%, 99.72%, 99.67%	6, 6, 2, 2, 10, 5, 4, 7	Ran on FASTA - No Coverage Report	2026-05-29_14-49-01
A/Chicken/Argentina/736-1/2023	B3.2	PB2:am2.1, PB1:am1.2, NS:am1.1, MP:ea1, HA:ea1, NP:am1.4.1, NA:ea1, PA:ea1	am2.1:22-009329-001:PB2, am1.2:22-010085-001:PB1, am1.1:22-010085-001:NS, ea1:22-003707-003:MP, ea1:22-003707-003:HA, am1.4.1:22-009329-001:NP, ea1:22-003707-003:NA, ea1:22-003707-003:PA	99.25%, 99.30%, 99.40%, 99.19%, 99.00%, 99.27%, 99.29%, 99.58%	17, 16, 5, 8, 17, 11, 10, 9	Ran on FASTA - No Coverage Report	2026-05-29_14-49-01
A/Thalasseus_acuflavidus/Sao_Paulo/2280-N/2023	B3.2	PB2:am2.1, PB1:am1.2, NS:am1.1, MP:ea1, HA:ea1, NP:am1.4.1, NA:ea1, PA:ea1	am2.1:22-009329-001:PB2, am1.2:22-010085-001:PB1, am1.1:22-010085-001:NS, ea1:22-003707-003:MP, ea1:22-003707-003:HA, am1.4.1:22-009329-001:NP, ea1:22-003707-003:NA, ea1:22-003707-003:PA	99.17%, 98.81%, 98.69%, 99.39%, 98.71%, 99.00%, 99.08%, 99.40%	19, 27, 11, 6, 22, 15, 13, 13	Ran on FASTA - No Coverage Report	2026-05-29_14-49-01
A/wood_duck/Wisconsin/22-013278-001/2022	B2.1	PB2:am1.2, PB1:ea1, NS:ea1, MP:ea1, HA:ea1, NP:am1.1, NA:ea1, PA:ea1	am1.2:22-007805-001:PB2, ea1:22-003707-003:PB1, ea1:22-003707-003:NS, ea1:22-003707-003:MP, ea1:22-003707-003:HA, am1.1:22-007805-001:NP, ea1:22-003707-003:NA, ea1:22-003707-003:PA	99.83%, 99.91%, 99.88%, 100.00%, 99.94%, 99.87%, 99.86%, 99.77%	4, 2, 1, 0, 1, 2, 2, 5	Ran on FASTA - No Coverage Report	2026-05-29_14-49-02
A/mallard_duck/Tennessee/CEIRR-287/2022	A1	PB2:ea1, PB1:ea1, NS:ea1, MP:ea1, HA:ea1, NP:ea1, NA:ea1, PA:ea1	ea1:22-003707-003:PB2, ea1:22-003707-003:PB1, ea1:22-003707-003:NS, ea1:22-003707-003:MP, ea1:22-003707-003:HA, ea1:22-003707-003:NP, ea1:22-003707-003:NA, ea1:22-003707-003:PA	99.96%, 100.00%, 100.00%, 100.00%, 99.94%, 99.93%, 99.86%, 99.95%	1, 0, 0, 0, 1, 1, 2, 1	Ran on FASTA - No Coverage Report	2026-05-29_14-49-02
A/Avian/Chile/261059/2023	Not assigned: Only 7 segments >98.0% match found of total 8 segments in input file	PB2:am2.1, PB1:am1.2, NS:am1.1, MP:ea1, NP:am1.4.1, NA:ea1, PA:ea1	am2.1:22-009329-001:PB2, am1.2:22-010085-001:PB1, am1.1:22-010085-001:NS, ea1:22-003707-003:MP, ea1:EPI-ISL-20215425:HA, am1.4.1:22-009329-001:NP, ea1:22-003707-003:NA, ea1:22-003707-003:PA	99.30%, 99.16%, 99.28%, 99.39%, 97.80%, 98.86%, 99.22%, 99.53%	16, 19, 6, 6, 39, 17, 11, 10	Ran on FASTA - No Coverage Report	2026-05-29_14-49-02
A/guanay_cormorant/Atacama/235520-1/2023	Not assigned: Only 7 segments >98.0% match found of total 8 segments in input file	PB2:am2.1, PB1:am1.2, NS:am1.1, MP:ea1, NP:am1.4.1, NA:ea1, PA:ea1	am2.1:22-009329-001:PB2, am1.2:22-010085-001:PB1, am1.1:22-010085-001:NS, ea1:22-003707-003:MP, ea1:EPI-ISL-20215425:HA, am1.4.1:22-009329-001:NP, ea1:22-003707-003:NA, ea1:22-003707-003:PA	99.39%, 99.34%, 98.81%, 99.39%, 97.92%, 99.20%, 99.50%, 99.63%	14, 15, 10, 6, 37, 12, 7, 8	Ran on FASTA - No Coverage Report	2026-05-29_14-49-02
A/Snowy_Owl/Michigan/USDA-012056-004/2022	B1.1	PB2:am1.1, PB1:am1.1, NS:ea1, MP:ea1, HA:ea1, NP:am1.2, NA:ea1, PA:ea1	am1.1:22-009287-001:PB2, am1.1:22-009287-001:PB1, ea1:22-003707-003:NS, ea1:22-003707-003:MP, ea1:22-003707-003:HA, am1.2:22-009287-001:NP, ea1:22-003707-003:NA, ea1:22-003707-003:PA	99.83%, 99.69%, 99.64%, 99.80%, 99.65%, 100.00%, 99.86%, 99.58%	4, 7, 3, 2, 6, 0, 2, 9	Ran on FASTA - No Coverage Report	2026-05-29_14-49-02
A/black_vulture/Virginia/22-021852-001/2022	B1.1	PB2:am1.1, PB1:am1.1, NS:ea1, MP:ea1, HA:ea1, NP:am1.2, NA:ea1, PA:ea1	am1.1:22-009287-001:PB2, am1.1:22-009287-001:PB1, ea1:22-003707-003:NS, ea1:22-003707-003:MP, ea1:22-003707-003:HA, am1.2:22-009287-001:NP, ea1:22-003707-003:NA, ea1:22-003707-003:PA	99.65%, 99.65%, 99.52%, 99.80%, 99.65%, 99.80%, 99.57%, 99.86%	8, 8, 4, 2, 6, 3, 6, 3	Ran on FASTA - No Coverage Report	2026-05-29_14-49-02
A/Turkey/Chile/250632-7/2023	Not assigned: Only 7 segments >98.0% match found of total 8 segments in input file	PB2:am2.1, PB1:am1.2, NS:am1.1, MP:ea1, NP:am1.4.1, NA:ea1, PA:ea1	am2.1:22-009329-001:PB2, am1.2:22-010085-001:PB1, am1.1:22-010085-001:NS, ea1:22-003707-003:MP, ea1:EPI-ISL-20215425:HA, am1.4.1:22-009329-001:NP, ea1:22-003707-003:NA, ea1:22-003707-003:PA	99.12%, 99.21%, 99.28%, 99.29%, 97.75%, 99.06%, 99.29%, 99.35%	20, 18, 6, 7, 40, 14, 10, 14	Ran on FASTA - No Coverage Report	2026-05-29_14-49-02
A/chicken/Washington/22-014744-001/2022	B4.1	PB2:am2.2, PB1:ea1, NS:ea1, MP:ea1, HA:ea1, NP:am1.3, NA:ea1, PA:ea1	am2.2:22-010445-001:PB2, ea1:22-003707-003:PB1, ea1:22-003707-003:NS, ea1:22-003707-003:MP, ea1:22-003707-003:HA, am1.3:22-010445-001:NP, ea1:22-003707-003:NA, ea1:22-003707-003:PA	99.78%, 99.91%, 99.52%, 100.00%, 99.71%, 99.87%, 99.57%, 99.86%	5, 2, 4, 0, 5, 2, 6, 3	Ran on FASTA - No Coverage Report	2026-05-29_14-49-02
A/red-necked_grebe/Alaska/22-018401-001/2022	B3.1	PB2:am2.1, PB1:ea1, NS:ea1, MP:ea1, HA:ea1, NP:am1.4.1, NA:ea1, PA:ea1	am2.1:22-009329-001:PB2, ea1:22-003707-003:PB1, ea1:22-003707-003:NS, ea1:22-003707-003:MP, ea1:22-003707-003:HA, am1.4.1:22-009329-001:NP, ea1:22-003707-003:NA, ea1:22-003707-003:PA	99.74%, 99.78%, 99.76%, 99.90%, 99.71%, 99.80%, 99.79%, 99.77%	6, 5, 2, 1, 5, 3, 3, 5	Ran on FASTA - No Coverage Report	2026-05-29_14-49-03
A/Snow_Goose/Kentucky/USDA-004809-001/2022	A1	PB2:ea1, PB1:ea1, NS:ea1, MP:ea1, HA:ea1, NP:ea1, NA:ea1, PA:ea1	ea1:22-003707-003:PB2, ea1:22-003707-003:PB1, ea1:22-003707-003:NS, ea1:22-003707-003:MP, ea1:22-003707-003:HA, ea1:22-003707-003:NP, ea1:22-003707-003:NA, ea1:22-003707-003:PA	100.00%, 99.91%, 100.00%, 100.00%, 99.94%, 99.93%, 99.93%, 99.95%	0, 2, 0, 0, 1, 1, 1, 1	Ran on FASTA - No Coverage Report	2026-05-29_14-49-03
A/black_vulture/Georgia/22-019519-001/2022	B1.1	PB2:am1.1, PB1:am1.1, NS:ea1, MP:ea1, HA:ea1, NP:am1.2, NA:ea1, PA:ea1	am1.1:22-009287-001:PB2, am1.1:22-009287-001:PB1, ea1:22-003707-003:NS, ea1:22-003707-003:MP, ea1:22-003707-003:HA, am1.2:22-009287-001:NP, ea1:22-003707-003:NA, ea1:22-003707-003:PA	99.78%, 99.60%, 99.64%, 99.59%, 99.41%, 99.53%, 99.72%, 99.72%	5, 9, 3, 4, 10, 7, 4, 6	Ran on FASTA - No Coverage Report	2026-05-29_14-49-03
A/Gull/Chile/227023-3/2022	B3.2	PB2:am2.1, PB1:am1.2, NS:am1.1, MP:ea1, HA:ea1, NP:am1.4.1, NA:ea1, PA:ea1	am2.1:22-009329-001:PB2, am1.2:22-010085-001:PB1, am1.1:22-010085-001:NS, ea1:22-003707-003:MP, ea1:22-003707-003:HA, am1.4.1:22-009329-001:NP, ea1:22-003707-003:NA, ea1:22-003707-003:PA	99.25%, 99.08%, 99.40%, 99.29%, 99.06%, 98.93%, 99.50%, 99.44%	17, 21, 5, 7, 16, 16, 7, 12	Ran on FASTA - No Coverage Report	2026-05-29_14-49-03
A/common_tern/Maine/22-020831-002/2022	A2	PB2:ea1, PB1:ea2, NS:ea1, MP:ea1, HA:ea2, NP:ea1, NA:ea2, PA:ea1	ea1:22-003707-003:PB2, ea2:22-036180-006:PB1, ea1:22-003707-003:NS, ea1:22-003707-003:MP, ea2:22-008064-001:HA, ea1:22-003707-003:NP, ea2:22-008064-001:NA, ea1:22-003707-003:PA	99.56%, 99.91%, 99.40%, 99.80%, 99.65%, 99.33%, 99.72%, 99.67%	10, 2, 5, 2, 6, 10, 4, 7	Ran on FASTA - No Coverage Report	2026-05-29_14-49-03
A/chicken/Chile/247588-3/2023	Not assigned: Only 7 segments >98.0% match found of total 8 segments in input file	PB2:am2.1, PB1:am1.2, NS:am1.1, MP:ea1, NP:am1.4.1, NA:ea1, PA:ea1	am2.1:22-009329-001:PB2, am1.2:22-010085-001:PB1, am1.1:22-010085-001:NS, ea1:22-003707-003:MP, ea1:EPI-ISL-20215425:HA, am1.4.1:22-009329-001:NP, ea1:22-003707-003:NA, ea1:22-003707-003:PA	99.25%, 98.94%, 99.17%, 99.19%, 97.86%, 99.20%, 99.36%, 99.44%	17, 24, 7, 8, 38, 12, 9, 12	Ran on FASTA - No Coverage Report	2026-05-29_14-49-03
A/South_American_tern/Argentina/RN-PB015/2023	B3.2	PB2:am2.1, PB1:am1.2, NS:am1.1, MP:ea1, HA:ea1, NP:am1.4.1, NA:ea1, PA:ea1	am2.1:22-009329-001:PB2, am1.2:22-010085-001:PB1, am1.1:22-010085-001:NS, ea1:22-003707-003:MP, ea1:22-003707-003:HA, am1.4.1:22-009329-001:NP, ea1:22-003707-003:NA, ea1:22-003707-003:PA	99.39%, 99.16%, 99.05%, 99.38%, 99.18%, 99.06%, 99.43%, 99.35%	14, 19, 8, 6, 14, 14, 8, 14	Ran on FASTA - No Coverage Report	2026-05-29_14-49-03
A/black_vulture/Virginia/22-021852-002/2022	B1.1	PB2:am1.1, PB1:am1.1, NS:ea1, MP:ea1, HA:ea1, NP:am1.2, NA:ea1, PA:ea1	am1.1:22-009287-001:PB2, am1.1:22-009287-001:PB1, ea1:22-003707-003:NS, ea1:22-003707-003:MP, ea1:22-003707-003:HA, am1.2:22-009287-001:NP, ea1:22-003707-003:NA, ea1:22-003707-003:PA	99.69%, 99.65%, 99.52%, 99.90%, 99.65%, 99.87%, 99.57%, 99.77%	7, 8, 4, 1, 6, 2, 6, 5	Ran on FASTA - No Coverage Report	2026-05-29_14-49-04
A/Chicken/Argentina/21822-5/2025	Not assigned: Only 4 segments >98.0% match found of total 8 segments in input file	MP:ea1, HA:ea1, NP:am1.1, NA:ea1	am2.1:22-009329-001:PB2, am2:22-031266-001:PB1, am1.3:22-008760-007:NS, ea1:22-003707-003:MP, ea1:22-003707-003:HA, am1.1:22-007805-001:NP, ea1:22-003707-003:NA, ea1b:23-002693-004:PA	95.35%, 88.79%, 91.53%, 98.47%, 98.18%, 98.06%, 98.08%, 85.87%	106, 253, 71, 15, 31, 29, 27, 304	Ran on FASTA - No Coverage Report	2026-05-29_14-49-04
A/chicken/Minnesota/22-012966-001/2022	B2.1	PB2:am1.2, PB1:ea1, NS:ea1, MP:ea1, HA:ea1, NP:am1.1, NA:ea1, PA:ea1	am1.2:22-007805-001:PB2, ea1:22-003707-003:PB1, ea1:22-003707-003:NS, ea1:22-003707-003:MP, ea1:22-003707-003:HA, am1.1:22-007805-001:NP, ea1:22-003707-003:NA, ea1:22-003707-003:PA	99.96%, 99.96%, 99.64%, 99.90%, 99.77%, 99.93%, 99.93%, 99.81%	1, 1, 3, 1, 4, 1, 1, 4	Ran on FASTA - No Coverage Report	2026-05-29_14-49-04
A/great_black_backed_gull/Rhode_Island/22-020357-001/2022	A2	PB2:ea1, PB1:ea2, NS:ea1, MP:ea1, HA:ea2, NP:ea1, NA:ea2, PA:ea1	ea1:22-003707-003:PB2, ea2:22-036180-006:PB1, ea1:22-003707-003:NS, ea1:22-003707-003:MP, ea2:22-008064-001:HA, ea1:22-003707-003:NP, ea2:22-008064-001:NA, ea1:22-003707-003:PA	99.56%, 99.87%, 99.52%, 99.80%, 99.71%, 99.40%, 99.64%, 99.53%	10, 3, 4, 2, 5, 9, 5, 10	Ran on FASTA - No Coverage Report	2026-05-29_14-49-04
A/coopers_hawk/North_Dakota/22-014531-001/2022	B3.1	PB2:am2.1, PB1:ea1, NS:ea1, MP:ea1, HA:ea1, NP:am1.4.1, NA:ea1, PA:ea1	am2.1:22-009329-001:PB2, ea1:22-003707-003:PB1, ea1:22-003707-003:NS, ea1:22-003707-003:MP, ea1:22-003707-003:HA, am1.4.1:22-009329-001:NP, ea1:22-003707-003:NA, ea1:22-003707-003:PA	99.87%, 99.96%, 100.00%, 99.80%, 99.82%, 99.87%, 99.86%, 99.95%	3, 1, 0, 2, 3, 2, 2, 1	Ran on FASTA - No Coverage Report	2026-05-29_14-49-04
A/chicken/Wisconsin/22-015940-001/2022	B2.1	PB2:am1.2, PB1:ea1, NS:ea1, MP:ea1, HA:ea1, NP:am1.1, NA:ea1, PA:ea1	am1.2:22-007805-001:PB2, ea1:22-003707-003:PB1, ea1:22-003707-003:NS, ea1:22-003707-003:MP, ea1:22-003707-003:HA, am1.1:22-007805-001:NP, ea1:22-003707-003:NA, ea1:22-003707-003:PA	99.83%, 99.69%, 99.40%, 99.80%, 99.65%, 99.80%, 99.79%, 99.81%	4, 7, 5, 2, 6, 3, 3, 4	Ran on FASTA - No Coverage Report	2026-05-29_14-49-04
A/chicken/Chile/247396/2023	B3.2	PB2:am2.1, PB1:am1.2, NS:am1.1, MP:ea1, HA:ea1, NP:am1.4.1, NA:ea1, PA:ea1	am2.1:22-009329-001:PB2, am1.2:22-010085-001:PB1, am1.1:22-010085-001:NS, ea1:22-003707-003:MP, ea1:EPI-ISL-20215425:HA, am1.4.1:22-009329-001:NP, ea1:22-003707-003:NA, ea1:22-003707-003:PA	99.39%, 99.03%, 99.17%, 99.39%, 98.03%, 99.20%, 99.29%, 99.58%	14, 22, 7, 6, 35, 12, 10, 9	Ran on FASTA - No Coverage Report	2026-05-29_14-49-04
A/turkey/Valparaiso/245886-3/2023	Not assigned: Only 7 segments >98.0% match found of total 8 segments in input file	PB2:am2.1, PB1:am1.2, NS:am1.1, MP:ea1, NP:am1.4.1, NA:ea1, PA:ea1	am2.1:22-009329-001:PB2, am1.2:22-010085-001:PB1, am1.1:22-010085-001:NS, ea1:22-003707-003:MP, ea1:EPI-ISL-20215425:HA, am1.4.1:22-009329-001:NP, ea1:22-003707-003:NA, ea1:22-003707-003:PA	99.17%, 99.30%, 99.40%, 99.39%, 97.80%, 98.93%, 99.36%, 99.44%	19, 16, 5, 6, 39, 16, 9, 12	Ran on FASTA - No Coverage Report	2026-05-29_14-49-05
A/chicken/Nevada/22-020785-003-original/2022	B2.1	PB2:am1.2, PB1:ea1, NS:ea1, MP:ea1, HA:ea1, NP:am1.1, NA:ea1, PA:ea1	am1.2:22-007805-001:PB2, ea1:22-003707-003:PB1, ea1:22-003707-003:NS, ea1:22-003707-003:MP, ea1:22-003707-003:HA, am1.1:22-007805-001:NP, ea1:22-003707-003:NA, ea1:22-003707-003:PA	99.74%, 99.69%, 99.52%, 100.00%, 99.53%, 99.87%, 99.57%, 99.77%	6, 7, 4, 0, 8, 2, 6, 5	Ran on FASTA - No Coverage Report	2026-05-29_14-49-05
A/american_wigeon/Tennessee/22-024871-014/2022	A1	PB2:ea1, PB1:ea1, NS:ea1, MP:ea1, HA:ea1, NP:ea1, NA:ea1, PA:ea1	ea1:22-003707-003:PB2, ea1:22-003707-003:PB1, ea1:22-003707-003:NS, ea1:22-003707-003:MP, ea1:22-003707-003:HA, ea1:22-003707-003:NP, ea1:22-003707-003:NA, ea1:22-003707-003:PA	99.96%, 100.00%, 100.00%, 100.00%, 99.94%, 100.00%, 99.86%, 100.00%	1, 0, 0, 0, 1, 0, 2, 0	Ran on FASTA - No Coverage Report	2026-05-29_14-48-49
A/chicken/Nuble/240155/2023	B3.2	PB2:am2.1, PB1:am1.2, NS:am1.1, MP:ea1, HA:ea1, NP:am1.4.1, NA:ea1, PA:ea1	am2.1:22-009329-001:PB2, am1.2:22-010085-001:PB1, am1.1:22-010085-001:NS, ea1:22-003707-003:MP, ea1:22-003707-003:HA, am1.4.1:22-009329-001:NP, ea1:22-003707-003:NA, ea1:22-003707-003:PA	99.43%, 99.34%, 99.17%, 99.49%, 99.18%, 99.13%, 99.15%, 99.49%	13, 15, 7, 5, 14, 13, 12, 11	Ran on FASTA - No Coverage Report	2026-05-29_14-48-49
A/Snow_Goose/North_Carolina/USDA-003496-007/2022	A1	PB2:ea1, PB1:ea1, NS:ea1, MP:ea1, HA:ea1, NP:ea1, NA:ea1, PA:ea1	ea1:22-003707-003:PB2, ea1:22-003707-003:PB1, ea1:22-003707-003:NS, ea1:22-003707-003:MP, ea1:22-003707-003:HA, ea1:22-003707-003:NP, ea1:22-003707-003:NA, ea1:22-003707-003:PA	99.74%, 100.00%, 99.64%, 100.00%, 99.77%, 99.87%, 99.93%, 99.91%	6, 0, 3, 0, 4, 2, 1, 2	Ran on FASTA - No Coverage Report	2026-05-29_14-48-49
A/Canada_goose/Alaska/22-014432-001/2022	B4.1	PB2:am2.2, PB1:ea1, NS:ea1, MP:ea1, HA:ea1, NP:am1.3, NA:ea1, PA:ea1	am2.2:22-010445-001:PB2, ea1:22-003707-003:PB1, ea1:22-003707-003:NS, ea1:22-003707-003:MP, ea1:22-003707-003:HA, am1.3:22-010445-001:NP, ea1:22-003707-003:NA, ea1:22-003707-003:PA	99.91%, 99.82%, 99.64%, 99.90%, 99.65%, 100.00%, 99.36%, 99.91%	2, 4, 3, 1, 6, 0, 9, 2	Ran on FASTA - No Coverage Report	2026-05-29_14-48-49
A/Ross's_Goose/North_Dakota/USDA-009481-017/2022	B2.1	PB2:am1.2, PB1:ea1, NS:ea1, MP:ea1, HA:ea1, NP:am1.1, NA:ea1, PA:ea1	am1.2:22-007805-001:PB2, ea1:22-003707-003:PB1, ea1:22-003707-003:NS, ea1:22-003707-003:MP, ea1:22-003707-003:HA, am1.1:22-007805-001:NP, ea1:22-003707-003:NA, ea1:22-003707-003:PA	99.91%, 99.87%, 99.88%, 99.90%, 99.77%, 99.93%, 99.72%, 99.95%	2, 3, 1, 1, 4, 1, 4, 1	Ran on FASTA - No Coverage Report	2026-05-29_14-48-49
A/american_wigeon/Tennessee/CEIRR-301/2022	A1	PB2:ea1, PB1:ea1, NS:ea1, MP:ea1, HA:ea1, NP:ea1, NA:ea1, PA:ea1	ea1:22-003707-003:PB2, ea1:22-003707-003:PB1, ea1:22-003707-003:NS, ea1:22-003707-003:MP, ea1:22-003707-003:HA, ea1:22-003707-003:NP, ea1:22-003707-003:NA, ea1:22-003707-003:PA	99.91%, 100.00%, 100.00%, 100.00%, 99.94%, 100.00%, 99.86%, 99.86%	2, 0, 0, 0, 1, 0, 2, 0	Ran on FASTA - No Coverage Report	2026-05-29_14-48-49
A/Sanderling/Chile/230758-2/2023	Not assigned: Only 7 segments >98.0% match found of total 8 segments in input file	PB2:am2.1, PB1:am1.2, NS:am1.1, MP:ea1, NP:am1.4.1, NA:ea1, PA:ea1	am2.1:22-009329-001:PB2, am1.2:22-010085-001:PB1, am1.1:22-010085-001:NS, ea1:22-003707-003:MP, ea1:EPI-ISL-20215425:HA, am1.4.1:22-009329-001:NP, ea1:22-003707-003:NA, ea1:22-003707-003:PA	99.47%, 99.34%, 99.28%, 99.49%, 97.80%, 99.20%, 99.50%, 99.63%	12, 15, 6, 5, 39, 12, 7, 8	Ran on FASTA - No Coverage Report	2026-05-29_14-48-49
A/snowy_owl/MA/22MM00463/2022	A1	PB2:ea1, PB1:ea1, NS:ea1, MP:ea1, HA:ea1, NP:ea1, NA:ea1, PA:ea1	ea1:22-003707-003:PB2, ea1:22-003707-003:PB1, ea1:22-003707-003:NS, ea1:22-003707-003:MP, ea1:22-003707-003:HA, ea1:22-003707-003:NP, ea1:22-003707-003:NA, ea1:22-003707-003:PA	99.74%, 99.78%, 99.76%, 99.90%, 99.65%, 99.87%, 99.86%, 99.77%	6, 5, 2, 1, 6, 2, 2, 5	Ran on FASTA - No Coverage Report	2026-05-29_14-48-50
A/mallard/Tennessee/22-024871-006/2022	A1	PB2:ea1, PB1:ea1, NS:ea1, MP:ea1, HA:ea1, NP:ea1, NA:ea1, PA:ea1	ea1:22-003707-003:PB2, ea1:22-003707-003:PB1, ea1:22-003707-003:NS, ea1:22-003707-003:MP, ea1:22-003707-003:HA, ea1:22-003707-003:NP, ea1:22-003707-003:NA, ea1:22-003707-003:PA	99.96%, 100.00%, 100.00%, 100.00%, 99.94%, 100.00%, 99.86%, 100.00%	1, 0, 0, 0, 1, 0, 2, 0	Ran on FASTA - No Coverage Report	2026-05-29_14-48-50
A/Turkey/Chile/250632-6/2023	Not assigned: Only 7 segments >98.0% match found of total 8 segments in input file	PB2:am2.1, PB1:am1.2, NS:am1.1, MP:ea1, NP:am1.4.1, NA:ea1, PA:ea1	am2.1:22-009329-001:PB2, am1.2:22-010085-001:PB1, am1.1:22-010085-001:NS, ea1:22-003707-003:MP, ea1:EPI-ISL-20215425:HA, am1.4.1:22-009329-001:NP, ea1:22-003707-003:NA, ea1:22-003707-003:PA	99.12%, 99.21%, 99.28%, 99.29%, 97.75%, 99.06%, 99.22%, 99.35%	20, 18, 6, 7, 40, 14, 11, 14	Ran on FASTA - No Coverage Report	2026-05-29_14-48-50
A/turkey_vulture/New_York/22-019922-001/2022	B1.2	PB2:am1.1, PB1:am1.1, NS:ea1, MP:ea1, HA:ea1, NP:am1.2, NA:ea1, PA:am1	am1.1:22-009287-001:PB2, am1.1:22-009287-001:PB1, ea1:22-003707-003:NS, ea1:22-003707-003:MP, ea1:22-003707-003:HA, am1.2:22-009287-001:NP, ea1:22-003707-003:NA, am1:22-008890-001:PA	99.74%, 99.74%, 99.64%, 99.69%, 99.77%, 99.73%, 99.64%, 99.77%	6, 6, 3, 3, 4, 4, 5, 5	Ran on FASTA - No Coverage Report	2026-05-29_14-48-50
A/Pelican/Antofagasta/228244-2/2022	B3.2	PB2:am2.1, PB1:am1.2, NS:am1.1, MP:ea1, HA:ea1, NP:am1.4.1, NA:ea1, PA:ea1	am2.1:22-009329-001:PB2, am1.2:22-010085-001:PB1, am1.1:22-010085-001:NS, ea1:22-003707-003:MP, ea1:22-003707-003:HA, am1.4.1:22-009329-001:NP, ea1:22-003707-003:NA, ea1:22-003707-003:PA	99.52%, 99.25%, 99.28%, 99.49%, 99.30%, 99.20%, 99.43%, 99.63%	11, 17, 6, 5, 12, 12, 8, 8	Ran on FASTA - No Coverage Report	2026-05-29_14-48-50
A/Swan/Chile/247524/2023	B3.2	PB2:am2.1, PB1:am1.2, NS:am1.1, MP:ea1, HA:ea1, NP:am1.4.1, NA:ea1, PA:ea1	am2.1:22-009329-001:PB2, am1.2:22-010085-001:PB1, am1.1:22-010085-001:NS, ea1:22-003707-003:MP, ea1:22-003707-003:HA, am1.4.1:22-009329-001:NP, ea1:22-003707-003:NA, ea1:22-003707-003:PA	99.39%, 98.99%, 99.17%, 99.19%, 99.35%, 99.27%, 99.22%, 99.63%	14, 23, 7, 8, 11, 11, 11, 8	Ran on FASTA - No Coverage Report	2026-05-29_14-48-50
A/Sanderling/New_York/USDA-005646-001/2022	A2	PB2:ea1, PB1:ea2, NS:ea1, MP:ea1, HA:ea2, NP:ea1, NA:ea2, PA:ea1	ea1:22-003707-003:PB2, ea2:22-036180-006:PB1, ea1:22-003707-003:NS, ea1:22-003707-003:MP, ea2:22-008064-001:HA, ea1:22-003707-003:NP, ea2:22-008064-001:NA, ea1:22-003707-003:PA	99.69%, 99.78%, 99.52%, 99.90%, 99.88%, 99.60%, 99.72%, 99.81%	7, 5, 4, 1, 2, 6, 4, 4	Ran on FASTA - No Coverage Report	2026-05-29_14-48-50
A/black_vulture/Georgia/22-017264-003/2022	B1.1	PB2:am1.1, PB1:am1.1, NS:ea1, MP:ea1, HA:ea1, NP:am1.2, NA:ea1, PA:ea1	am1.1:22-009287-001:PB2, am1.1:22-009287-001:PB1, ea1:22-003707-003:NS, ea1:22-003707-003:MP, ea1:22-003707-003:HA, am1.2:22-009287-001:NP, ea1:22-003707-003:NA, ea1:22-003707-003:PA	99.52%, 99.60%, 99.64%, 99.69%, 99.71%, 99.53%, 99.64%, 99.72%	11, 9, 3, 3, 5, 7, 5, 6	Ran on FASTA - No Coverage Report	2026-05-29_14-48-50
A/Numida_meleagris/Rio_de_Janeiro/2148-N/2025	Not assigned: Only 5 segments >98.0% match found of total 8 segments in input file	NS:am1.1, MP:ea1, HA:ea1, NA:ea1, PA:ea1	am7:22-035442-001:PB2, am12:23-004320-002:PB1, am1.1:22-010085-001:NS, ea1:22-003707-003:MP, ea1:24-009110-019:HA, am5:23-013078-002:NP, ea1:24-009110-019:NA, ea1:22-003707-003:PA	90.18%, 96.17%, 98.57%, 98.06%, 98.65%, 92.58%, 98.94%, 98.70%	222, 87, 12, 19, 23, 111, 15, 28	Ran on FASTA - No Coverage Report	2026-05-29_14-48-50
A/chicken/Pennsylvania/22-015201-002/202	A1	PB2:ea1, PB1:ea1, NS:ea1, MP:ea1, HA:ea1, NP:ea1, NA:ea1, PA:ea1	ea1:22-003707-003:PB2, ea1:22-003707-003:PB1, ea1:22-003707-003:NS, ea1:22-003707-003:MP, ea1:22-003707-003:HA, ea1:22-003707-003:NP, ea1:22-003707-003:NA, ea1:22-003707-003:PA	99.78%, 99.82%, 99.64%, 99.80%, 99.59%, 99.13%, 99.86%, 99.67%	5, 4, 3, 2, 7, 13, 2, 7	Ran on FASTA - No Coverage Report	2026-05-29_14-48-51
A/mallard/Tennessee/22-024871-003/2022	A1	PB2:ea1, PB1:ea1, NS:ea1, MP:ea1, HA:ea1, NP:ea1, NA:ea1, PA:ea1	ea1:22-003707-003:PB2, ea1:22-003707-003:PB1, ea1:22-003707-003:NS, ea1:22-003707-003:MP, ea1:22-003707-003:HA, ea1:22-003707-003:NP, ea1:22-003707-003:NA, ea1:22-003707-003:PA	99.96%, 100.00%, 100.00%, 100.00%, 99.94%, 99.93%, 99.86%, 99.95%	1, 0, 0, 0, 1, 1, 2, 1	Ran on FASTA - No Coverage Report	2026-05-29_14-48-51
A/duck/Peru/LAM-INS-015/2023	Not assigned: Only 7 segments >98.0% match found of total 8 segments in input file	PB2:am2.1, PB1:am1.2, NS:am1.1, MP:ea1, NP:am1.4.1, NA:ea2, PA:ea1	am2.1:EPI-ISL-20215425:PB2, am1.2:22-010085-001:PB1, am1.1:22-010085-001:NS, ea1:22-003707-003:MP, ea1:EPI-ISL-20215425:HA, am1.4.1:22-009329-001:NP, ea2:23-004612-024:NA, ea1:EPI-ISL-20215425:PA	98.06%, 99.30%, 98.99%, 98.88%, 97.58%, 99.31%, 98.48%, 98.33%	6, 2, 8, 11, 17, 2, 5, 7	Ran on FASTA - No Coverage Report	2026-05-29_14-48-51
A/turkey/Indiana/22-005328-001/2022	A1	PB2:ea1, PB1:ea1, NS:ea1, MP:ea1, HA:ea1, NP:ea1, NA:ea1, PA:ea1	ea1:22-003707-003:PB2, ea1:22-003707-003:PB1, ea1:22-003707-003:NS, ea1:22-003707-003:MP, ea1:22-003707-003:HA, ea1:22-003707-003:NP, ea1:22-003707-003:NA, ea1:22-003707-003:PA	99.96%, 100.00%, 100.00%, 99.90%, 99.88%, 100.00%, 99.93%, 99.91%	1, 0, 0, 1, 2, 0, 1, 2	Ran on FASTA - No Coverage Report	2026-05-29_14-48-51
A/Sebastopol_goose/Massachusetts/22-009371-001/2022	A1	PB2:ea1, PB1:ea1, NS:ea1, MP:ea1, HA:ea1, NP:ea1, NA:ea1, PA:ea1	ea1:22-003707-003:PB2, ea1:22-003707-003:PB1, ea1:22-003707-003:NS, ea1:22-003707-003:MP, ea1:22-003707-003:HA, ea1:22-003707-003:NP, ea1:22-003707-003:NA, ea1:22-003707-003:PA	99.65%, 99.74%, 99.76%, 99.90%, 99.47%, 99.73%, 99.86%, 99.67%	8, 6, 2, 1, 9, 4, 2, 7	Ran on FASTA - No Coverage Report	2026-05-29_14-48-51
A/chicken/Chile/242894-1/2023	B3.2	PB2:am2.1, PB1:am1.2, NS:am1.1, MP:ea1, HA:ea1, NP:am1.4.1, NA:ea1, PA:ea1	am2.1:22-009329-001:PB2, am1.2:22-010085-001:PB1, am1.1:22-010085-001:NS, ea1:22-003707-003:MP, ea1:22-003707-003:HA, am1.4.1:22-009329-001:NP, ea1:22-003707-003:NA, ea1:22-003707-003:PA	99.39%, 99.08%, 99.17%, 99.39%, 99.30%, 99.06%, 99.22%, 99.67%	14, 21, 7, 6, 12, 14, 11, 7	Ran on FASTA - No Coverage Report	2026-05-29_14-48-51
A/turkey/South_Dakota/22-009841-001/2022	B3.1	PB2:am2.1, PB1:ea1, NS:ea1, MP:ea1, HA:ea1, NP:am1.4.1, NA:ea1, PA:ea1	am2.1:22-009329-001:PB2, ea1:22-003707-003:PB1, ea1:22-003707-003:NS, ea1:22-003707-003:MP, ea1:22-003707-003:HA, am1.4.1:22-009329-001:NP, ea1:22-003707-003:NA, ea1:22-003707-003:PA	99.91%, 99.91%, 100.00%, 99.90%, 99.71%, 99.93%, 99.72%, 99.95%	2, 2, 0, 1, 5, 1, 4, 1	Ran on FASTA - No Coverage Report	2026-05-29_14-48-51
A/Chicken/Argentina/1984-4/2023	B3.2	PB2:am2.1, PB1:am1.2, NS:am1.1, MP:ea1, HA:ea1, NP:am1.4.1, NA:ea1, PA:ea1	am2.1:22-009329-001:PB2, am1.2:22-010085-001:PB1, am1.1:22-010085-001:NS, ea1:22-003707-003:MP, ea1:22-003707-003:HA, am1.4.1:22-009329-001:NP, ea1:22-003707-003:NA, ea1:22-003707-003:PA	99.43%, 99.12%, 99.28%, 99.49%, 99.12%, 99.13%, 99.29%, 99.35%	13, 20, 6, 5, 15, 13, 10, 14	Ran on FASTA - No Coverage Report	2026-05-29_14-48-51
A/chicken/Magdalena/ICA-3503/2022	B3.2	PB2:am2.1, PB1:am1.2, NS:am1.1, MP:ea1, HA:ea1, NP:am1.4.1, NA:ea1, PA:ea1	am2.1:22-009329-001:PB2, am1.2:22-010085-001:PB1, am1.1:22-010085-001:NS, ea1:22-003707-003:MP, ea1:22-003707-003:HA, am1.4.1:22-009329-001:NP, ea1:22-003707-003:NA, ea1:22-003707-003:PA	99.52%, 99.47%, 99.40%, 99.59%, 99.24%, 99.47%, 99.50%, 99.67%	11, 12, 5, 4, 13, 8, 7, 7	Ran on FASTA - No Coverage Report	2026-05-29_14-48-51
A/peregrine_falcon/MA/22MM00756/2022	A2	PB2:ea1, PB1:ea2, NS:ea1, MP:ea1, HA:ea2, NP:ea1, NA:ea2, PA:ea1	ea1:22-003707-003:PB2, ea2:22-036180-006:PB1, ea1:22-003707-003:NS, ea1:22-003707-003:MP, ea2:22-008064-001:HA, ea1:22-003707-003:NP, ea2:22-008064-001:NA, ea1:22-003707-003:PA	99.61%, 99.96%, 99.52%, 99.80%, 99.71%, 99.47%, 99.72%, 99.67%	9, 1, 4, 2, 5, 8, 4, 7	Ran on FASTA - No Coverage Report	2026-05-29_14-48-51
A/Buteogallus_urubitinga/Espirito_Santo/1630-SC/2023	B3.2	PB2:am2.1, PB1:am1.2, NS:am1.1, MP:ea1, HA:ea1, NP:am1.4.1, NA:ea1, PA:ea1	am2.1:22-009329-001:PB2, am1.2:22-010085-001:PB1, am1.1:22-010085-001:NS, ea1:22-003707-003:MP, ea1:22-003707-003:HA, am1.4.1:22-009329-001:NP, ea1:22-003707-003:NA, ea1:22-003707-003:PA	99.56%, 99.38%, 99.05%, 99.39%, 99.06%, 98.13%, 99.22%, 99.44%	10, 14, 8, 6, 16, 28, 11, 12	Ran on FASTA - No Coverage Report	2026-05-29_14-48-52
A/Chicken/Argentina/606-1/2023	B3.2	PB2:am2.1, PB1:am1.2, NS:am1.1, MP:ea1, HA:ea1, NP:am1.4.1, NA:ea1, PA:ea1	am2.1:22-009329-001:PB2, am1.2:22-010085-001:PB1, am1.1:22-010085-001:NS, ea1:22-003707-003:MP, ea1:22-003707-003:HA, am1.4.1:22-009329-001:NP, ea1:22-003707-003:NA, ea1:22-003707-003:PA	99.25%, 99.25%, 99.40%, 99.39%, 99.24%, 99.20%, 99.29%, 99.58%	17, 17, 5, 6, 13, 12, 10, 9	Ran on FASTA - No Coverage Report	2026-05-29_14-48-52
A/turkey/Minnesota/USDA-011338-003/2022	B3.1	PB2:am2.1, PB1:ea1, NS:ea1, MP:ea1, HA:ea1, NP:am1.4.1, NA:ea1, PA:ea1	am2.1:22-009329-001:PB2, ea1:22-003707-003:PB1, ea1:22-003707-003:NS, ea1:22-003707-003:MP, ea1:22-003707-003:HA, am1.4.1:22-009329-001:NP, ea1:22-003707-003:NA, ea1:22-003707-003:PA	99.74%, 99.87%, 99.88%, 99.80%, 99.88%, 99.93%, 99.86%, 99.91%	6, 3, 1, 2, 2, 1, 2, 2	Ran on FASTA - No Coverage Report	2026-05-29_14-48-52
A/chicken/North_Dakota/22-009677-001/2022	B2.1	PB2:am1.2, PB1:ea1, NS:ea1, MP:ea1, HA:ea1, NP:am1.1, NA:ea1, PA:ea1	am1.2:22-007805-001:PB2, ea1:22-003707-003:PB1, ea1:22-003707-003:NS, ea1:22-003707-003:MP, ea1:22-003707-003:HA, am1.1:22-007805-001:NP, ea1:22-003707-003:NA, ea1:22-003707-003:PA	99.87%, 99.87%, 99.76%, 100.00%, 99.88%, 99.93%, 99.79%, 99.91%	3, 3, 2, 0, 2, 1, 3, 2	Ran on FASTA - No Coverage Report	2026-05-29_14-48-52
A/Black_Vulture/Florida/USDA-009940-001/2022	B1.1	PB2:am1.1, PB1:am1.1, NS:ea1, MP:ea1, HA:ea1, NP:am1.2, NA:ea1, PA:ea1	am1.1:22-009287-001:PB2, am1.1:22-009287-001:PB1, ea1:22-003707-003:NS, ea1:22-003707-003:MP, ea1:22-003707-003:HA, am1.2:22-009287-001:NP, ea1:22-003707-003:NA, ea1:22-003707-003:PA	99.65%, 99.82%, 99.76%, 99.90%, 99.77%, 99.87%, 99.79%, 99.91%	8, 4, 2, 1, 4, 2, 3, 2	Ran on FASTA - No Coverage Report	2026-05-29_14-48-52
A/canada_goose/Idaho/22-014968-004/2022	B4.1	PB2:am2.2, PB1:ea1, NS:ea1, MP:ea1, HA:ea1, NP:am1.3, NA:ea1, PA:ea1	am2.2:22-010445-001:PB2, ea1:22-003707-003:PB1, ea1:22-003707-003:NS, ea1:22-003707-003:MP, ea1:22-003707-003:HA, am1.3:22-010445-001:NP, ea1:22-003707-003:NA, ea1:22-003707-003:PA	99.96%, 99.87%, 99.64%, 99.90%, 99.82%, 100.00%, 99.64%, 99.91%	1, 3, 3, 1, 3, 0, 5, 2	Ran on FASTA - No Coverage Report	2026-05-29_14-48-52
A/glaucous_gull/Alaska/22-023553-001/2022	B3.2	PB2:am2.1, PB1:am1.2, NS:am1.1, MP:ea1, HA:ea1, NP:am1.4.1, NA:ea1, PA:ea1	am2.1:22-009329-001:PB2, am1.2:22-010085-001:PB1, am1.1:22-010085-001:NS, ea1:22-003707-003:MP, ea1:22-003707-003:HA, am1.4.1:22-009329-001:NP, ea1:22-003707-003:NA, ea1:22-003707-003:PA	99.65%, 99.60%, 99.88%, 99.59%, 99.65%, 99.67%, 99.57%, 99.77%	8, 9, 1, 4, 6, 5, 6, 5	Ran on FASTA - No Coverage Report	2026-05-29_14-48-52
A/Chicken/Argentina/556-6/2023	B3.2	PB2:am2.1, PB1:am1.2, NS:am1.1, MP:ea1, HA:ea1, NP:am1.4.1, NA:ea1, PA:ea1	am2.1:22-009329-001:PB2, am1.2:22-010085-001:PB1, am1.1:22-010085-001:NS, ea1:22-003707-003:MP, ea1:22-003707-003:HA, am1.4.1:22-009329-001:NP, ea1:22-003707-003:NA, ea1:22-003707-003:PA	99.30%, 99.21%, 99.40%, 99.29%, 99.30%, 99.06%, 99.36%, 99.49%	16, 18, 5, 7, 12, 14, 9, 11	Ran on FASTA - No Coverage Report	2026-05-29_14-48-52
A/Larus_belcheri/Ica/UPCH_4449/2022	B3.2	PB2:am2.1, PB1:am1.2, NS:am1.1, MP:ea1, HA:ea1, NP:am1.4.1, NA:ea1, PA:ea1	am2.1:22-009329-001:PB2, am1.2:22-010085-001:PB1, am1.1:22-010085-001:NS, ea1:22-003707-003:MP, ea1:22-003707-003:HA, am1.4.1:22-009329-001:NP, ea1:22-003707-003:NA, ea1:22-003707-003:PA	99.52%, 99.38%, 99.40%, 99.39%, 99.30%, 99.27%, 99.43%, 99.63%	11, 14, 5, 6, 12, 11, 8, 8	Ran on FASTA - No Coverage Report	2026-05-29_14-48-52
A/Turkey_vulture/Antofagasta/228252-1/2022	B3.2	PB2:am2.1, PB1:am1.2, NS:am1.1, MP:ea1, HA:ea1, NP:am1.4.1, NA:ea1, PA:ea1	am2.1:22-009329-001:PB2, am1.2:22-010085-001:PB1, am1.1:22-010085-001:NS, ea1:22-003707-003:MP, ea1:22-003707-003:HA, am1.4.1:22-009329-001:NP, ea1:22-003707-003:NA, ea1:22-003707-003:PA	99.52%, 99.38%, 99.40%, 99.29%, 99.12%, 99.27%, 99.50%, 99.67%	11, 14, 5, 7, 15, 11, 7, 7	Ran on FASTA - No Coverage Report	2026-05-29_14-48-53
A/Sterna_hirundo/Rio_de_Janeiro/0481-R/2024	Not assigned: Only 7 segments >98.0% match found of total 8 segments in input file	PB2:am2.1, PB1:am1.2, NS:am1.1, MP:ea1, NP:am1.4.1, NA:ea1, PA:ea1	am2.1:22-009329-001:PB2, am1.2:22-010085-001:PB1, am1.1:22-010085-001:NS, ea1:22-003707-003:MP, ea1:EPI-ISL-20215425:HA, am1.4.1:22-009329-001:NP, ea1:22-003707-003:NA, ea1:22-003707-003:PA	99.03%, 98.77%, 99.17%, 98.47%, 97.63%, 98.80%, 99.15%, 99.07%	22, 28, 7, 15, 42, 18, 12, 20	Ran on FASTA - No Coverage Report	2026-05-29_14-48-53
A/Pelican/OHiggins/233663-1/2023	B3.2	PB2:am2.1, PB1:am1.2, NS:am1.1, MP:ea1, HA:ea1, NP:am1.4.1, NA:ea1, PA:ea1	am2.1:22-009329-001:PB2, am1.2:22-010085-001:PB1, am1.1:22-010085-001:NS, ea1:22-003707-003:MP, ea1:22-003707-003:HA, am1.4.1:22-009329-001:NP, ea1:22-003707-003:NA, ea1:22-003707-003:PA	99.47%, 99.38%, 99.28%, 99.49%, 99.18%, 99.13%, 99.29%, 99.67%	12, 14, 6, 5, 14, 13, 10, 7	Ran on FASTA - No Coverage Report	2026-05-29_14-48-53
A/peruvian_booby/Peru/LIM-INS-004/2023	B3.2	PB2:am2.1, PB1:am1.2, NS:am1.1, MP:ea1, HA:ea1, NP:am1.4.1, NA:ea1, PA:ea1	am2.1:22-009329-001:PB2, am1.2:22-010085-001:PB1, am1.1:22-010085-001:NS, ea1:22-003707-003:MP, ea1:22-003707-003:HA, am1.4.1:22-009329-001:NP, ea1:22-003707-003:NA, ea1:22-003707-003:PA	99.34%, 99.12%, 99.24%, 99.19%, 99.00%, 99.13%, 99.43%, 99.53%	15, 20, 6, 8, 17, 13, 8, 10	Ran on FASTA - No Coverage Report	2026-05-29_14-48-53
A/wildbird-Fregata-magnificens/Ecuador/IC03-4587/2023	B3.2	PB2:am2.1, PB1:am1.2, NS:am1.1, MP:ea1, HA:ea1, NP:am1.4.1, NA:ea1, PA:ea1	am2.1:22-009329-001:PB2, am1.2:22-010085-001:PB1, am1.1:22-010085-001:NS, ea1:22-003707-003:MP, ea1:22-003707-003:HA, am1.4.1:22-009329-001:NP, ea1:22-003707-003:NA, ea1:22-003707-003:PA	99.47%, 99.43%, 99.28%, 99.39%, 99.35%, 99.33%, 99.22%, 99.67%	12, 13, 6, 6, 11, 10, 11, 7	Ran on FASTA - No Coverage Report	2026-05-29_14-48-53
A/Mergus/Minnesota/USDA-011231-001/2022	B2.1	PB2:am1.2, PB1:ea1, NS:ea1, MP:ea1, HA:ea1, NP:am1.1, NA:ea1, PA:ea1	am1.2:22-007805-001:PB2, ea1:22-003707-003:PB1, ea1:22-003707-003:NS, ea1:22-003707-003:MP, ea1:22-003707-003:HA, am1.1:22-007805-001:NP, ea1:22-003707-003:NA, ea1:22-003707-003:PA	99.87%, 99.78%, 99.40%, 100.00%, 99.77%, 99.80%, 99.72%, 99.86%	3, 5, 5, 0, 4, 3, 4, 3	Ran on FASTA - No Coverage Report	2026-05-29_14-48-53
A/red-tailed_hawk/Kansas/W22-198/2022	B2.1	PB2:am1.2, PB1:ea1, NS:ea1, MP:ea1, HA:ea1, NP:am1.1, NA:ea1, PA:ea1	am1.2:22-007805-001:PB2, ea1:22-003707-003:PB1, ea1:22-003707-003:NS, ea1:22-003707-003:MP, ea1:22-003707-003:HA, am1.1:22-007805-001:NP, ea1:22-003707-003:NA, ea1:22-003707-003:PA	99.96%, 99.96%, 99.64%, 100.00%, 99.82%, 100.00%, 99.93%, 99.91%	1, 1, 3, 0, 3, 0, 1, 2	Ran on FASTA - No Coverage Report	2026-05-29_14-48-53
A/snow_goose/Minnesota/22-037628-002/2022	B3.2	PB2:am2.1, PB1:am1.2, NS:am1.1, MP:ea1, HA:ea1, NP:am1.4.1, NA:ea1, PA:ea1	am2.1:22-009329-001:PB2, am1.2:22-010085-001:PB1, am1.1:22-010085-001:NS, ea1:22-003707-003:MP, ea1:22-003707-003:HA, am1.4.1:22-009329-001:NP, ea1:22-003707-003:NA, ea1:22-003707-003:PA	99.21%, 99.43%, 99.76%, 99.39%, 99.35%, 99.60%, 99.29%, 99.58%	18, 13, 2, 6, 11, 6, 10, 9	Ran on FASTA - No Coverage Report	2026-05-29_14-48-53
A/Pelecanus_thagus/Ica/UPCH_4437/2022	B3.2	PB2:am2.1, PB1:am1.2, NS:am1.1, MP:ea1, HA:ea1, NP:am1.4.1, NA:ea1, PA:ea1	am2.1:22-009329-001:PB2, am1.2:22-010085-001:PB1, am1.1:22-010085-001:NS, ea1:22-003707-003:MP, ea1:22-003707-003:HA, am1.4.1:22-009329-001:NP, ea1:22-003707-003:NA, ea1:22-003707-003:PA	99.52%, 99.29%, 99.19%, 99.39%, 99.18%, 99.06%, 99.43%, 99.67%	11, 16, 6, 6, 14, 14, 8, 7	Ran on FASTA - No Coverage Report	2026-05-29_14-48-53
A/chicken/Peru/AIS0542/2022	B3.2	PB2:am2.1, PB1:am1.2, NS:am1.1, MP:ea1, HA:ea1, NP:am1.4.1, NA:ea1, PA:ea1	am2.1:22-009329-001:PB2, am1.2:22-010085-001:PB1, am1.1:22-010085-001:NS, ea1:22-003707-003:MP, ea1:22-003707-003:HA, am1.4.1:22-009329-001:NP, ea1:22-003707-003:NA, ea1:22-003707-003:PA	99.39%, 99.38%, 99.40%, 99.29%, 99.24%, 99.13%, 99.36%, 99.58%	11, 14, 5, 7, 13, 13, 9, 9	Ran on FASTA - No Coverage Report	2026-05-29_14-48-53
A/Thalasseus_maximus/Rio_Grande_do_Sul/2177-N/2023	Not assigned: Only 7 segments >98.0% match found of total 8 segments in input file	PB2:am2.1, PB1:am1.2, NS:am1.1, MP:ea1, NP:am1.4.1, NA:ea1, PA:ea1	am2.1:22-009329-001:PB2, am1.2:22-010085-001:PB1, am1.1:22-010085-001:NS, ea1:22-003707-003:MP, ea1:EPI-ISL-20215425:HA, am1.4.1:22-009329-001:NP, ea1:22-003707-003:NA, ea1:22-003707-003:PA	99.25%, 98.90%, 99.17%, 98.88%, 97.64%, 98.93%, 99.22%, 99.16%	17, 16, 7, 11, 42, 16, 11, 12	Ran on FASTA - No Coverage Report	2026-05-29_14-48-54
A/sanderling/MA/22HP00191/2022	A2	PB2:ea1, PB1:ea2, NS:ea1, MP:ea1, HA:ea2, NP:ea1, NA:ea2, PA:ea1	ea1:22-003707-003:PB2, ea2:22-036180-006:PB1, ea1:22-003707-003:NS, ea1:22-003707-003:MP, ea2:22-008064-001:HA, ea1:22-003707-003:NP, ea2:22-008064-001:NA, ea1:22-003707-003:PA	99.61%, 99.87%, 99.64%, 99.80%, 99.82%, 99.53%, 99.72%, 99.81%	9, 3, 3, 2, 3, 7, 4, 4	Ran on FASTA - No Coverage Report	2026-05-29_14-48-54
A/mallard_duck/Tennessee/CEIRR-309/2022	A1	PB2:ea1, PB1:ea1, NS:ea1, MP:ea1, HA:ea1, NP:ea1, NA:ea1, PA:ea1	ea1:22-003707-003:PB2, ea1:22-003707-003:PB1, ea1:22-003707-003:NS, ea1:22-003707-003:MP, ea1:22-003707-003:HA, ea1:22-003707-003:NP, ea1:22-003707-003:NA, ea1:22-003707-003:PA	100.00%, 99.96%, 99.88%, 100.00%, 99.88%, 99.93%, 99.93%, 100.00%	0, 1, 1, 0, 2, 1, 1, 0	Ran on FASTA - No Coverage Report	2026-05-29_14-48-54
A/black_vulture/Florida/22-019713-001/2022	B1.1	PB2:am1.1, PB1:am1.1, NS:ea1, MP:ea1, HA:ea1, NP:am1.2, NA:ea1, PA:ea1	am1.1:22-009287-001:PB2, am1.1:22-009287-001:PB1, ea1:22-003707-003:NS, ea1:22-003707-003:MP, ea1:22-003707-003:HA, am1.2:22-009287-001:NP, ea1:22-003707-003:NA, ea1:22-003707-003:PA	99.65%, 99.78%, 99.88%, 99.80%, 99.59%, 99.73%, 99.57%, 99.49%	8, 5, 1, 2, 7, 4, 6, 11	Ran on FASTA - No Coverage Report	2026-05-29_14-48-54
A/Turkey/Chile/245562-2/2023	Not assigned: Only 7 segments >98.0% match found of total 8 segments in input file	PB2:am2.1, PB1:am1.2, NS:am1.1, MP:ea1, NP:am1.4.1, NA:ea1, PA:ea1	am2.1:22-009329-001:PB2, am1.2:22-010085-001:PB1, am1.1:22-010085-001:NS, ea1:22-003707-003:MP, ea1:EPI-ISL-20215425:HA, am1.4.1:22-009329-001:NP, ea1:22-003707-003:NA, ea1:22-003707-003:PA	99.17%, 99.30%, 99.40%, 99.29%, 97.86%, 98.93%, 99.36%, 99.44%	19, 16, 5, 7, 38, 16, 9, 12	Ran on FASTA - No Coverage Report	2026-05-29_14-48-54
A/turkey/South_Dakota/USDA-008483-001/2022	B2.1	PB2:am1.2, PB1:ea1, NS:ea1, MP:ea1, HA:ea1, NP:am1.1, NA:ea1, PA:ea1	am1.2:22-007805-001:PB2, ea1:22-003707-003:PB1, ea1:22-003707-003:NS, ea1:22-003707-003:MP, ea1:22-003707-003:HA, am1.1:22-007805-001:NP, ea1:22-003707-003:NA, ea1:22-003707-003:PA	99.83%, 99.87%, 99.88%, 99.80%, 99.88%, 99.80%, 99.93%, 99.91%	4, 3, 1, 2, 2, 3, 1, 2	Ran on FASTA - No Coverage Report	2026-05-29_14-48-54
A/sharp_shinned_hawk/Wyoming/22-015514-002/2022	B4.1	PB2:am2.2, PB1:ea1, NS:ea1, MP:ea1, HA:ea1, NP:am1.3, NA:ea1, PA:ea1	am2.2:22-010445-001:PB2, ea1:22-003707-003:PB1, ea1:22-003707-003:NS, ea1:22-003707-003:MP, ea1:22-003707-003:HA, am1.3:22-010445-001:NP, ea1:22-003707-003:NA, ea1:22-003707-003:PA	99.87%, 99.87%, 99.52%, 100.00%, 99.82%, 99.80%, 99.57%, 100.00%	3, 3, 4, 0, 3, 3, 6, 0	Ran on FASTA - No Coverage Report	2026-05-29_14-48-54
A/Sula_variegata/Ica/UPCH_4494/2023	B3.2	PB2:am2.1, PB1:am1.2, NS:am1.1, MP:ea1, HA:ea1, NP:am1.4.1, NA:ea1, PA:ea1	am2.1:22-009329-001:PB2, am1.2:22-010085-001:PB1, am1.1:22-010085-001:NS, ea1:22-003707-003:MP, ea1:22-003707-003:HA, am1.4.1:22-009329-001:NP, ea1:22-003707-003:NA, ea1:22-003707-003:PA	99.39%, 99.16%, 99.16%, 99.28%, 99.06%, 99.13%, 99.36%, 99.53%	14, 19, 7, 7, 16, 13, 9, 10	Ran on FASTA - No Coverage Report	2026-05-29_14-48-54
A/chicken/Chaco/516-4/2025	Not assigned: Only 4 segments >98.0% match found of total 8 segments in input file	MP:ea1, HA:ea1, NP:am1.1, NA:ea1	am23:24-010726-001:PB2, am2:22-031266-001:PB1, am1.3:22-008760-007:NS, ea1:22-003707-003:MP, ea1:22-003707-003:HA, am1.1:22-007805-001:NP, ea1:22-003707-003:NA, ea1b:23-002693-004:PA	83.17%, 89.14%, 91.77%, 98.88%, 98.36%, 98.40%, 98.30%, 85.96%	382, 245, 69, 11, 28, 24, 24, 302	Ran on FASTA - No Coverage Report	2026-05-29_14-48-54
A/turkey/Indiana/22-003707-003/2022	A1	PB2:ea1, PB1:ea1, NS:ea1, MP:ea1, HA:ea1, NP:ea1, NA:ea1, PA:ea1	ea1:22-003707-003:PB2, ea1:22-003707-003:PB1, ea1:22-003707-003:NS, ea1:22-003707-003:MP, ea1:22-003707-003:HA, ea1:22-003707-003:NP, ea1:22-003707-003:NA, ea1:22-003707-003:PA	100.00%, 100.00%, 100.00%, 100.00%, 100.00%, 100.00%, 100.00%, 100.00%	0, 0, 0, 0, 0, 0, 0, 0	Ran on FASTA - No Coverage Report	2026-05-29_14-48-55
A/Cygnus_atratus/SapucaiaSulBR/1246-N5-2025/2025	Not assigned: Only 3 segments >98.0% match found of total 8 segments in input file	MP:ea1, NP:am1.1, NA:ea1	am2.1:EPI-ISL-20215425:PB2, am2:22-031266-001:PB1, am1.3:22-008760-007:NS, ea1:22-003707-003:MP, ea1:EPI-ISL-20215425:HA, am1.1:22-007805-001:NP, ea1:22-003707-003:NA, ea1:EPI-ISL-20215425:PA	85.79%, 89.10%, 91.41%, 98.68%, 97.13%, 98.13%, 98.23%, 86.12%	329, 246, 72, 13, 51, 28, 25, 310	Ran on FASTA - No Coverage Report	2026-05-29_14-48-55
A/Pelecanus_occidentalis/Venezuela/Inf41/2023	B2.2	PB2:am1.2, PB1:ea1, NS:am1.2, MP:ea1, HA:ea1, NP:am1.1, NA:ea1, PA:ea1	am1.2:22-007805-001:PB2, ea1:22-003707-003:PB1, am1.2:22-010668-001:NS, ea1:22-003707-003:MP, ea1:22-003707-003:HA, am1.1:22-007805-001:NP, ea1:22-003707-003:NA, ea1:22-003707-003:PA	99.49%, 99.47%, 99.40%, 99.80%, 99.47%, 99.53%, 99.43%, 99.40%	11, 12, 5, 2, 9, 7, 8, 6	Ran on FASTA - No Coverage Report	2026-05-29_14-48-55
A/Sanderling/Arica_y_Parinacota/230758-1/2022	B3.2	PB2:am2.1, PB1:am1.2, NS:am1.1, MP:ea1, HA:ea1, NP:am1.4.1, NA:ea1, PA:ea1	am2.1:22-009329-001:PB2, am1.2:22-010085-001:PB1, am1.1:22-010085-001:NS, ea1:22-003707-003:MP, ea1:22-003707-003:HA, am1.4.1:22-009329-001:NP, ea1:22-003707-003:NA, ea1:22-003707-003:PA	99.43%, 99.25%, 99.28%, 99.49%, 99.24%, 99.20%, 99.50%, 99.63%	10, 17, 6, 5, 13, 12, 7, 8	Ran on FASTA - No Coverage Report	2026-05-29_14-48-55
A/pheasant/New_York/22-009066-001/2022	Minor14	PB2:am2.3.1, PB1:am2, NS:am1.3, MP:ea1, HA:ea1, NP:am2, NA:ea1, PA:am2	am2.3.1:22-008760-007:PB2, am2:22-008760-007:PB1, am1.3:22-008760-007:NS, ea1:22-003707-003:MP, ea1:22-003707-003:HA, am2:22-008760-007:NP, ea1:22-003707-003:NA, am2:22-008760-007:PA	99.96%, 100.00%, 100.00%, 99.90%, 99.47%, 100.00%, 99.79%, 99.95%	1, 0, 0, 1, 9, 0, 3, 1	Ran on FASTA - No Coverage Report	2026-05-29_14-48-55
A/turkey/Iowa/USDA-010132-001/2022	B2.1	PB2:am1.2, PB1:ea1, NS:ea1, MP:ea1, HA:ea1, NP:am1.1, NA:ea1, PA:ea1	am1.2:22-007805-001:PB2, ea1:22-003707-003:PB1, ea1:22-003707-003:NS, ea1:22-003707-003:MP, ea1:22-003707-003:HA, am1.1:22-007805-001:NP, ea1:22-003707-003:NA, ea1:22-003707-003:PA	99.78%, 99.87%, 99.76%, 99.80%, 99.94%, 100.00%, 99.93%, 99.95%	5, 3, 2, 2, 1, 0, 1, 1	Ran on FASTA - No Coverage Report	2026-05-29_14-48-55
A/pelican/Peru/AIS0541/2022	B3.2	PB2:am2.1, PB1:am1.2, NS:am1.1, MP:ea1, HA:ea1, NP:am1.4.1, NA:ea1, PA:ea1	am2.1:22-009329-001:PB2, am1.2:22-010085-001:PB1, am1.1:22-010085-001:NS, ea1:22-003707-003:MP, ea1:22-003707-003:HA, am1.4.1:22-009329-001:NP, ea1:22-003707-003:NA, ea1:22-003707-003:PA	99.58%, 99.38%, 99.17%, 99.19%, 99.41%, 99.20%, 99.29%, 99.67%	5, 14, 7, 8, 10, 12, 10, 7	Ran on FASTA - No Coverage Report	2026-05-29_14-48-55
A/great_horned_owl/Wisconsin/22-014371-001/2022	B1.2	PB2:am1.1, PB1:am1.1, NS:ea1, MP:ea1, HA:ea1, NP:am1.2, NA:ea1, PA:am1	am1.1:22-009287-001:PB2, am1.1:22-009287-001:PB1, ea1:22-003707-003:NS, ea1:22-003707-003:MP, ea1:22-003707-003:HA, am1.2:22-009287-001:NP, ea1:22-003707-003:NA, am1:22-008890-001:PA	99.69%, 99.60%, 99.88%, 99.80%, 99.77%, 99.60%, 99.72%, 99.81%	7, 9, 1, 2, 4, 6, 4, 4	Ran on FASTA - No Coverage Report	2026-05-29_14-48-55
A/bald_eagle/Florida/W22-191/2022	Not assigned: Only 7 segments >98.0% match found of total 8 segments in input file	PB2:am1.1, NS:ea1, MP:ea1, HA:ea1, NP:am1.1, NA:ea1, PA:ea1	am1.1:22-009287-001:PB2, am1.1:22-009287-001:PB1, ea1:22-003707-003:NS, ea1:22-003707-003:MP, ea1:22-003707-003:HA, am1.1:22-007805-001:NP, ea1:22-003707-003:NA, ea1:22-003707-003:PA	98.11%, 94.28%, 99.88%, 100.00%, 99.88%, 99.27%, 99.93%, 98.98%	43, 130, 1, 0, 2, 11, 1, 22	Ran on FASTA - No Coverage Report	2026-05-29_14-48-55
A/Mallard/New_Hampshire/USDA-003417-047/2022	A1	PB2:ea1, PB1:ea1, NS:ea1, MP:ea1, HA:ea1, NP:ea1, NA:ea1, PA:ea1	ea1:22-003707-003:PB2, ea1:22-003707-003:PB1, ea1:22-003707-003:NS, ea1:22-003707-003:MP, ea1:22-003707-003:HA, ea1:22-003707-003:NP, ea1:22-003707-003:NA, ea1:22-003707-003:PA	99.74%, 99.78%, 99.76%, 99.90%, 99.65%, 99.87%, 99.86%, 99.81%	6, 5, 2, 1, 6, 2, 2, 4	Ran on FASTA - No Coverage Report	2026-05-29_14-48-55
A/goose/Utah/22-018176-003/2022	B3.2	PB2:am2.1, PB1:am1.2, NS:am1.1, MP:ea1, HA:ea1, NP:am1.4.1, NA:ea1, PA:ea1	am2.1:22-009329-001:PB2, am1.2:22-010085-001:PB1, am1.1:22-010085-001:NS, ea1:22-003707-003:MP, ea1:22-003707-003:HA, am1.4.1:22-009329-001:NP, ea1:22-003707-003:NA, ea1:22-003707-003:PA	99.65%, 99.52%, 99.76%, 99.80%, 99.82%, 99.73%, 99.72%, 99.77%	8, 11, 2, 2, 3, 4, 4, 5	Ran on FASTA - No Coverage Report	2026-05-29_14-48-56
A/avian/Chile/271672/2023	Not assigned: Only 7 segments >98.0% match found of total 8 segments in input file	PB2:am2.1, PB1:am1.2, NS:am1.1, MP:ea1, NP:am1.4.1, NA:ea1, PA:ea1	am2.1:22-009329-001:PB2, am1.2:22-010085-001:PB1, am1.1:22-010085-001:NS, ea1:22-003707-003:MP, ea1:EPI-ISL-20215425:HA, am1.4.1:22-009329-001:NP, ea1:22-003707-003:NA, ea1:22-003707-003:PA	99.39%, 98.81%, 98.69%, 99.29%, 97.86%, 98.93%, 99.29%, 99.53%	14, 27, 11, 7, 38, 16, 10, 10	Ran on FASTA - No Coverage Report	2026-05-29_14-48-56
A/goose/Idaho/22-014944-001/2022	B3.1	PB2:am2.1, PB1:ea1, NS:ea1, MP:ea1, HA:ea1, NP:am1.4.1, NA:ea1, PA:ea1	am2.1:22-009329-001:PB2, ea1:22-003707-003:PB1, ea1:22-003707-003:NS, ea1:22-003707-003:MP, ea1:22-003707-003:HA, am1.4.1:22-009329-001:NP, ea1:22-003707-003:NA, ea1:22-003707-003:PA	99.83%, 99.82%, 99.52%, 99.90%, 99.59%, 99.87%, 99.64%, 99.86%	4, 4, 4, 1, 7, 2, 5, 3	Ran on FASTA - No Coverage Report	2026-05-29_14-48-56
A/American_Wigeon/North_Carolina/USDA-003439-003/2022	A1	PB2:ea1, PB1:ea1, NS:ea1, MP:ea1, HA:ea1, NP:ea1, NA:ea1, PA:ea1	ea1:22-003707-003:PB2, ea1:22-003707-003:PB1, ea1:22-003707-003:NS, ea1:22-003707-003:MP, ea1:22-003707-003:HA, ea1:22-003707-003:NP, ea1:22-003707-003:NA, ea1:22-003707-003:PA	99.91%, 99.91%, 99.76%, 100.00%, 99.71%, 99.87%, 99.86%, 99.86%	2, 2, 2, 0, 5, 2, 2, 3	Ran on FASTA - No Coverage Report	2026-05-29_14-48-56
A/chicken/Cochabamba/39476/2023	Not assigned: Only 7 segments >98.0% match found of total 8 segments in input file	PB2:am2.1, PB1:am1.2, NS:am1.1, MP:ea1, NP:am1.4.1, NA:ea1, PA:ea1	am2.1:22-009329-001:PB2, am1.2:22-010085-001:PB1, am1.1:22-010085-001:NS, ea1:22-003707-003:MP, ea1:EPI-ISL-20215425:HA, am1.4.1:22-009329-001:NP, ea1:22-003707-003:NA, ea1:22-003707-003:PA	99.43%, 99.25%, 99.17%, 99.39%, 97.97%, 99.20%, 99.22%, 99.30%	13, 17, 7, 6, 36, 12, 11, 15	Ran on FASTA - No Coverage Report	2026-05-29_14-48-56
A/american_crow/MA/22HP00149/2022	A2	PB2:ea1, PB1:ea2, NS:ea1, MP:ea1, HA:ea2, NP:ea1, NA:ea2, PA:ea1	ea1:22-003707-003:PB2, ea2:22-036180-006:PB1, ea1:22-003707-003:NS, ea1:22-003707-003:MP, ea2:22-008064-001:HA, ea1:22-003707-003:NP, ea2:22-008064-001:NA, ea1:22-003707-003:PA	99.61%, 99.82%, 99.64%, 99.69%, 99.88%, 99.53%, 99.72%, 99.81%	9, 4, 3, 3, 2, 7, 4, 4	Ran on FASTA - No Coverage Report	2026-05-29_14-48-56
A/wood_duck/Michigan/22-019205-007/2022	B2.1	PB2:am1.2, PB1:ea1, NS:ea1, MP:ea1, HA:ea1, NP:am1.1, NA:ea1, PA:ea1	am1.2:22-007805-001:PB2, ea1:22-003707-003:PB1, ea1:22-003707-003:NS, ea1:22-003707-003:MP, ea1:22-003707-003:HA, am1.1:22-007805-001:NP, ea1:22-003707-003:NA, ea1:22-003707-003:PA	99.91%, 99.96%, 99.76%, 99.80%, 99.65%, 99.73%, 99.86%, 99.91%	2, 1, 2, 2, 6, 4, 2, 2	Ran on FASTA - No Coverage Report	2026-05-29_14-48-56
A/red_tailed_hawk/Wyoming/22-016273-001/2022	B4.1	PB2:am2.2, PB1:ea1, NS:ea1, MP:ea1, HA:ea1, NP:am1.3, NA:ea1, PA:ea1	am2.2:22-010445-001:PB2, ea1:22-003707-003:PB1, ea1:22-003707-003:NS, ea1:22-003707-003:MP, ea1:22-003707-003:HA, am1.3:22-010445-001:NP, ea1:22-003707-003:NA, ea1:22-003707-003:PA	99.83%, 99.87%, 99.52%, 100.00%, 99.82%, 99.80%, 99.57%, 100.00%	4, 3, 4, 0, 3, 3, 6, 0	Ran on FASTA - No Coverage Report	2026-05-29_14-48-56
A/black_vulture/Florida/22-021012-002/2022	B1.1	PB2:am1.1, PB1:am1.1, NS:ea1, MP:ea1, HA:ea1, NP:am1.2, NA:ea1, PA:ea1	am1.1:22-009287-001:PB2, am1.1:22-009287-001:PB1, ea1:22-003707-003:NS, ea1:22-003707-003:MP, ea1:22-003707-003:HA, am1.2:22-009287-001:NP, ea1:22-003707-003:NA, ea1:22-003707-003:PA	99.65%, 99.87%, 99.64%, 99.69%, 99.53%, 99.67%, 99.57%, 99.49%	8, 3, 3, 3, 8, 5, 6, 11	Ran on FASTA - No Coverage Report	2026-05-29_14-48-56
A/Gadwall/South_Carolina/USDA-001743-003/2022	A1	PB2:ea1, PB1:ea1, NS:ea1, MP:ea1, HA:ea1, NP:ea1, NA:ea1, PA:ea1	ea1:22-003707-003:PB2, ea1:22-003707-003:PB1, ea1:22-003707-003:NS, ea1:22-003707-003:MP, ea1:22-003707-003:HA, ea1:22-003707-003:NP, ea1:22-003707-003:NA, ea1:22-003707-003:PA	99.87%, 99.91%, 99.88%, 100.00%, 99.77%, 99.87%, 99.79%, 99.91%	3, 2, 1, 0, 4, 2, 3, 2	Ran on FASTA - No Coverage Report	2026-05-29_14-48-57
A/common_eider/Maine/22-022234-001/2022	A2	PB2:ea1, PB1:ea2, NS:ea1, MP:ea1, HA:ea2, NP:ea1, NA:ea2, PA:ea1	ea1:22-003707-003:PB2, ea2:22-036180-006:PB1, ea1:22-003707-003:NS, ea1:22-003707-003:MP, ea2:22-008064-001:HA, ea1:22-003707-003:NP, ea2:22-008064-001:NA, ea1:22-003707-003:PA	99.56%, 99.96%, 99.40%, 99.80%, 99.71%, 99.40%, 99.64%, 99.63%	10, 1, 5, 2, 5, 9, 5, 8	Ran on FASTA - No Coverage Report	2026-05-29_14-48-57
A/black_vulture/Florida/22-024355-004/2022	B1.1	PB2:am1.1, PB1:am1.1, NS:ea1, MP:ea1, HA:ea1, NP:am1.2, NA:ea1, PA:ea1	am1.1:22-009287-001:PB2, am1.1:22-009287-001:PB1, ea1:22-003707-003:NS, ea1:22-003707-003:MP, ea1:22-003707-003:HA, am1.2:22-009287-001:NP, ea1:22-003707-003:NA, ea1:22-003707-003:PA	99.56%, 99.82%, 99.88%, 99.80%, 99.41%, 99.67%, 99.36%, 99.35%	10, 4, 1, 2, 10, 5, 9, 14	Ran on FASTA - No Coverage Report	2026-05-29_14-48-57
A/great_horned_owl/Minnesota/22-013663-005/2022	B2.1	PB2:am1.2, PB1:ea1, NS:ea1, MP:ea1, HA:ea1, NP:am1.1, NA:ea1, PA:ea1	am1.2:22-007805-001:PB2, ea1:22-003707-003:PB1, ea1:22-003707-003:NS, ea1:22-003707-003:MP, ea1:22-003707-003:HA, am1.1:22-007805-001:NP, ea1:22-003707-003:NA, ea1:22-003707-003:PA	99.87%, 99.87%, 99.64%, 100.00%, 99.65%, 99.87%, 99.86%, 99.86%	3, 3, 3, 0, 6, 2, 2, 3	Ran on FASTA - No Coverage Report	2026-05-29_14-48-57
A/Chicken/Argentina/2305-6/2023	B3.2	PB2:am2.1, PB1:am1.2, NS:am1.1, MP:ea1, HA:ea1, NP:am1.4.1, NA:ea1, PA:ea1	am2.1:22-009329-001:PB2, am1.2:22-010085-001:PB1, am1.1:22-010085-001:NS, ea1:22-003707-003:MP, ea1:22-003707-003:HA, am1.4.1:22-009329-001:NP, ea1:22-003707-003:NA, ea1:22-003707-003:PA	99.21%, 99.03%, 99.05%, 99.29%, 99.00%, 99.06%, 99.22%, 99.63%	18, 22, 8, 7, 17, 14, 11, 8	Ran on FASTA - No Coverage Report	2026-05-29_14-48-57
A/Chicken/Argentina/747-1/2023	B3.2	PB2:am2.1, PB1:am1.2, NS:am1.1, MP:ea1, HA:ea1, NP:am1.4.1, NA:ea1, PA:ea1	am2.1:22-009329-001:PB2, am1.2:22-010085-001:PB1, am1.1:22-010085-001:NS, ea1:22-003707-003:MP, ea1:22-003707-003:HA, am1.4.1:22-009329-001:NP, ea1:22-003707-003:NA, ea1:22-003707-003:PA	99.30%, 99.30%, 99.40%, 99.29%, 99.00%, 99.27%, 99.29%, 99.53%	16, 16, 5, 7, 17, 11, 10, 10	Ran on FASTA - No Coverage Report	2026-05-29_14-48-57
A/Snow_Goose/Missouri/USDA-006328-011/2022	A1	PB2:ea1, PB1:ea1, NS:ea1, MP:ea1, HA:ea1, NP:ea1, NA:ea1, PA:ea1	ea1:22-003707-003:PB2, ea1:22-003707-003:PB1, ea1:22-003707-003:NS, ea1:22-003707-003:MP, ea1:22-003707-003:HA, ea1:22-003707-003:NP, ea1:22-003707-003:NA, ea1:22-003707-003:PA	99.91%, 99.91%, 99.88%, 100.00%, 99.77%, 100.00%, 99.93%, 99.86%	2, 2, 1, 0, 4, 0, 1, 3	Ran on FASTA - No Coverage Report	2026-05-29_14-48-57
A/avian/Chile/275683/2023	Not assigned: Only 7 segments >98.0% match found of total 8 segments in input file	PB2:am2.1, PB1:am1.2, NS:am1.1, MP:ea1, NP:am1.4.1, NA:ea1, PA:ea1	am2.1:22-009329-001:PB2, am1.2:22-010085-001:PB1, am1.1:22-010085-001:NS, ea1:22-003707-003:MP, ea1:EPI-ISL-20215425:HA, am1.4.1:22-009329-001:NP, ea1:22-003707-003:NA, ea1:22-003707-003:PA	99.21%, 99.25%, 98.69%, 98.88%, 97.69%, 98.86%, 99.22%, 99.30%	18, 17, 11, 11, 41, 17, 11, 15	Ran on FASTA - No Coverage Report	2026-05-29_14-48-58
A/duck/Nevada/22-020785-004-original/2022	B2.1	PB2:am1.2, PB1:ea1, NS:ea1, MP:ea1, HA:ea1, NP:am1.1, NA:ea1, PA:ea1	am1.2:22-007805-001:PB2, ea1:22-003707-003:PB1, ea1:22-003707-003:NS, ea1:22-003707-003:MP, ea1:22-003707-003:HA, am1.1:22-007805-001:NP, ea1:22-003707-003:NA, ea1:22-003707-003:PA	99.74%, 99.69%, 99.52%, 100.00%, 99.53%, 99.87%, 99.64%, 99.77%	6, 7, 4, 0, 8, 2, 5, 5	Ran on FASTA - No Coverage Report	2026-05-29_14-48-58
A/chicken/Chile/260690-8/2023	Not assigned: Only 7 segments >98.0% match found of total 8 segments in input file	PB2:am2.1, PB1:am1.2, NS:am1.1, MP:ea1, NP:am1.4.1, NA:ea1, PA:ea1	am2.1:22-009329-001:PB2, am1.2:22-010085-001:PB1, am1.1:22-010085-001:NS, ea1:22-003707-003:MP, ea1:EPI-ISL-20215425:HA, am1.4.1:22-009329-001:NP, ea1:22-003707-003:NA, ea1:22-003707-003:PA	99.30%, 99.08%, 98.57%, 99.39%, 97.75%, 99.13%, 99.43%, 99.35%	16, 21, 12, 6, 40, 13, 8, 14	Ran on FASTA - No Coverage Report	2026-05-29_14-48-58
A/Great_egret/Araucania/240518/2023	B3.2	PB2:am2.1, PB1:am1.2, NS:am1.1, MP:ea1, HA:ea1, NP:am1.4.1, NA:ea1, PA:ea1	am2.1:22-009329-001:PB2, am1.2:22-010085-001:PB1, am1.1:22-010085-001:NS, ea1:22-003707-003:MP, ea1:22-003707-003:HA, am1.4.1:22-009329-001:NP, ea1:22-003707-003:NA, ea1:22-003707-003:PA	99.39%, 99.21%, 99.17%, 99.39%, 99.00%, 99.13%, 99.29%, 99.53%	14, 18, 7, 6, 17, 13, 10, 10	Ran on FASTA - No Coverage Report	2026-05-29_14-48-58
A/avian/Chile/272882/2023	Not assigned: Only 7 segments >98.0% match found of total 8 segments in input file	PB2:am2.1, PB1:am1.2, NS:am1.1, MP:ea1, NP:am1.4.1, NA:ea1, PA:ea1	am2.1:22-009329-001:PB2, am1.2:22-010085-001:PB1, am1.1:22-010085-001:NS, ea1:22-003707-003:MP, ea1:EPI-ISL-20215425:HA, am1.4.1:22-009329-001:NP, ea1:22-003707-003:NA, ea1:22-003707-003:PA	99.43%, 99.12%, 98.81%, 99.19%, 97.75%, 99.00%, 99.01%, 99.49%	13, 20, 10, 8, 40, 15, 14, 11	Ran on FASTA - No Coverage Report	2026-05-29_14-48-58
A/Chicken/Argentina/21842-1/2025	Not assigned: Only 3 segments >98.0% match found of total 8 segments in input file	MP:ea1, HA:ea1, NA:ea1	am23:24-010726-001:PB2, am2:22-031266-001:PB1, am1.3:22-008760-007:NS, ea1:22-003707-003:MP, ea1:22-003707-003:HA, am1.1:22-007805-001:NP, ea1:22-003707-003:NA, ea1b:23-002693-004:PA	83.03%, 88.97%, 91.65%, 98.68%, 98.12%, 97.93%, 98.01%, 85.73%	385, 249, 70, 13, 32, 31, 28, 307	Ran on FASTA - No Coverage Report	2026-05-29_14-48-58
A/Black-Necked_Swan/Neuquen/1151-1/2023	B3.2	PB2:am2.1, PB1:am1.2, NS:am1.1, MP:ea1, HA:ea1, NP:am1.4.1, NA:ea1, PA:ea1	am2.1:22-009329-001:PB2, am1.2:22-010085-001:PB1, am1.1:22-010085-001:NS, ea1:22-003707-003:MP, ea1:22-003707-003:HA, am1.4.1:22-009329-001:NP, ea1:22-003707-003:NA, ea1:22-003707-003:PA	99.34%, 99.08%, 99.40%, 99.39%, 99.24%, 98.86%, 99.29%, 99.40%	15, 21, 5, 6, 13, 17, 10, 13	Ran on FASTA - No Coverage Report	2026-05-29_14-48-58
A/pelican/Valparaiso/233091-2/2023	B3.2	PB2:am2.1, PB1:am1.2, NS:am1.1, MP:ea1, HA:ea1, NP:am1.4.1, NA:ea1, PA:ea1	am2.1:22-009329-001:PB2, am1.2:22-010085-001:PB1, am1.1:22-010085-001:NS, ea1:22-003707-003:MP, ea1:22-003707-003:HA, am1.4.1:22-009329-001:NP, ea1:22-003707-003:NA, ea1:22-003707-003:PA	99.47%, 99.21%, 99.28%, 99.49%, 99.24%, 99.27%, 99.29%, 99.44%	12, 18, 6, 5, 13, 11, 10, 12	Ran on FASTA - No Coverage Report	2026-05-29_14-48-59
A/Great_Horned_Owl/Minnesota/USDA-012931-005/2022	B2.1	PB2:am1.2, PB1:ea1, NS:ea1, MP:ea1, HA:ea1, NP:am1.1, NA:ea1, PA:ea1	am1.2:22-007805-001:PB2, ea1:22-003707-003:PB1, ea1:22-003707-003:NS, ea1:22-003707-003:MP, ea1:22-003707-003:HA, am1.1:22-007805-001:NP, ea1:22-003707-003:NA, ea1:22-003707-003:PA	99.87%, 99.91%, 99.76%, 100.00%, 99.82%, 99.93%, 99.79%, 99.86%	3, 2, 2, 0, 3, 1, 3, 3	Ran on FASTA - No Coverage Report	2026-05-29_14-48-59
A/chicken/Araucania/241892-2/2023	B3.2	PB2:am2.1, PB1:am1.2, NS:am1.1, MP:ea1, HA:ea1, NP:am1.4.1, NA:ea1, PA:ea1	am2.1:22-009329-001:PB2, am1.2:22-010085-001:PB1, am1.1:22-010085-001:NS, ea1:22-003707-003:MP, ea1:22-003707-003:HA, am1.4.1:22-009329-001:NP, ea1:22-003707-003:NA, ea1:22-003707-003:PA	99.39%, 99.30%, 99.40%, 99.19%, 99.00%, 99.06%, 99.08%, 99.63%	14, 16, 5, 8, 17, 14, 13, 8	Ran on FASTA - No Coverage Report	2026-05-29_14-48-59
A/backyard_chicken/Uruguay/UDELAR-127-M1/2023	B3.2	PB2:am2.1, PB1:am1.2, NS:am1.1, MP:ea1, HA:ea1, NP:am1.4.1, NA:ea1, PA:ea1	am2.1:22-009329-001:PB2, am1.2:22-010085-001:PB1, am1.1:22-010085-001:NS, ea1:22-003707-003:MP, ea1:22-003707-003:HA, am1.4.1:22-009329-001:NP, ea1:22-003707-003:NA, ea1:22-003707-003:PA	99.30%, 99.03%, 99.17%, 99.29%, 99.12%, 99.13%, 99.22%, 99.49%	16, 22, 7, 7, 15, 13, 11, 11	Ran on FASTA - No Coverage Report	2026-05-29_14-48-59
A/Red-tailed_Hawk/Wyoming/USDA-013182-001/2022	B2.1	PB2:am1.2, PB1:ea1, NS:ea1, MP:ea1, HA:ea1, NP:am1.1, NA:ea1, PA:ea1	am1.2:22-007805-001:PB2, ea1:22-003707-003:PB1, ea1:22-003707-003:NS, ea1:22-003707-003:MP, ea1:22-003707-003:HA, am1.1:22-007805-001:NP, ea1:22-003707-003:NA, ea1:22-003707-003:PA	99.83%, 99.87%, 99.76%, 100.00%, 99.88%, 99.93%, 99.64%, 99.91%	4, 3, 2, 0, 2, 1, 5, 2	Ran on FASTA - No Coverage Report	2026-05-29_14-48-59
A/duck/Michigan/22-017243-021/2022	B2.1	PB2:am1.2, PB1:ea1, NS:ea1, MP:ea1, HA:ea1, NP:am1.1, NA:ea1, PA:ea1	am1.2:22-007805-001:PB2, ea1:22-003707-003:PB1, ea1:22-003707-003:NS, ea1:22-003707-003:MP, ea1:22-003707-003:HA, am1.1:22-007805-001:NP, ea1:22-003707-003:NA, ea1:22-003707-003:PA	99.87%, 99.87%, 99.88%, 100.00%, 99.82%, 100.00%, 99.93%, 99.81%	3, 3, 1, 0, 3, 0, 1, 4	Ran on FASTA - No Coverage Report	2026-05-29_14-48-59
A/Sabine's_gull/Alaska/22-017953-006/2022	B3.2	PB2:am2.1, PB1:am1.2, NS:am1.1, MP:ea1, HA:ea1, NP:am1.4.1, NA:ea1, PA:ea1	am2.1:22-009329-001:PB2, am1.2:22-010085-001:PB1, am1.1:22-010085-001:NS, ea1:22-003707-003:MP, ea1:22-003707-003:HA, am1.4.1:22-009329-001:NP, ea1:22-003707-003:NA, ea1:22-003707-003:PA	99.74%, 99.60%, 99.88%, 99.69%, 99.47%, 99.87%, 99.64%, 99.81%	6, 9, 1, 3, 9, 2, 5, 4	Ran on FASTA - No Coverage Report	2026-05-29_14-48-59
A/Canada_goose/California/246038/2022	B4.1	PB2:am2.2, PB1:ea1, NS:ea1, MP:ea1, HA:ea1, NP:am1.3, NA:ea1, PA:ea1	am2.2:22-010445-001:PB2, ea1:22-003707-003:PB1, ea1:22-003707-003:NS, ea1:22-003707-003:MP, ea1:22-003707-003:HA, am1.3:22-010445-001:NP, ea1:22-003707-003:NA, ea1:22-003707-003:PA	99.83%, 99.87%, 99.52%, 99.80%, 99.65%, 99.87%, 99.72%, 99.81%	4, 3, 4, 2, 6, 2, 4, 4	Ran on FASTA - No Coverage Report	2026-05-29_14-49-00
A/chicken/Chile/242159/2023	Not assigned: Only 7 segments >98.0% match found of total 8 segments in input file	PB2:am2.1, PB1:am1.2, NS:am1.1, MP:ea1, NP:am1.4.1, NA:ea1, PA:ea1	am2.1:22-009329-001:PB2, am1.2:22-010085-001:PB1, am1.1:22-010085-001:NS, ea1:22-003707-003:MP, ea1:EPI-ISL-20215425:HA, am1.4.1:22-009329-001:NP, ea1:22-003707-003:NA, ea1:22-003707-003:PA	99.39%, 99.25%, 99.40%, 99.29%, 97.75%, 99.13%, 99.22%, 99.77%	14, 17, 5, 7, 40, 13, 11, 5	Ran on FASTA - No Coverage Report	2026-05-29_14-49-00
A/avian/Chile/260685/2023	Not assigned: Only 7 segments >98.0% match found of total 8 segments in input file	PB2:am2.1, PB1:am1.2, NS:am1.1, MP:ea1, NP:am1.4.1, NA:ea1, PA:ea1	am2.1:22-009329-001:PB2, am1.2:22-010085-001:PB1, am1.1:22-010085-001:NS, ea1:22-003707-003:MP, ea1:EPI-ISL-20215425:HA, am1.4.1:22-009329-001:NP, ea1:22-003707-003:NA, ea1:22-003707-003:PA	99.34%, 99.16%, 98.93%, 99.39%, 97.58%, 99.13%, 99.29%, 99.63%	15, 19, 9, 6, 43, 13, 10, 8	Ran on FASTA - No Coverage Report	2026-05-29_14-49-00
A/American_Wigeon/Alabama/USDA-004941-003/2022	A1	PB2:ea1, PB1:ea1, NS:ea1, MP:ea1, HA:ea1, NP:ea1, NA:ea1, PA:ea1	ea1:22-003707-003:PB2, ea1:22-003707-003:PB1, ea1:22-003707-003:NS, ea1:22-003707-003:MP, ea1:22-003707-003:HA, ea1:22-003707-003:NP, ea1:22-003707-003:NA, ea1:22-003707-003:PA	99.91%, 100.00%, 99.76%, 99.90%, 99.65%, 99.93%, 99.93%, 100.00%	2, 0, 2, 1, 6, 1, 1, 0	Ran on FASTA - No Coverage Report	2026-05-29_14-49-00
A/great_horned_owl/Minnesota/22-014524-001/2022	B2.1	PB2:am1.2, PB1:ea1, NS:ea1, MP:ea1, HA:ea1, NP:am1.1, NA:ea1, PA:ea1	am1.2:22-007805-001:PB2, ea1:22-003707-003:PB1, ea1:22-003707-003:NS, ea1:22-003707-003:MP, ea1:22-003707-003:HA, am1.1:22-007805-001:NP, ea1:22-003707-003:NA, ea1:22-003707-003:PA	99.91%, 99.87%, 99.88%, 99.90%, 99.71%, 100.00%, 99.86%, 99.81%	2, 3, 1, 1, 5, 0, 2, 4	Ran on FASTA - No Coverage Report	2026-05-29_14-49-00
A/Merganser/Pennsylvania/USDA-008909-004/2022	A1	PB2:ea1, PB1:ea1, NS:ea1, MP:ea1, HA:ea1, NP:ea1, NA:ea1, PA:ea1	ea1:22-003707-003:PB2, ea1:22-003707-003:PB1, ea1:22-003707-003:NS, ea1:22-003707-003:MP, ea1:22-003707-003:HA, ea1:22-003707-003:NP, ea1:22-003707-003:NA, ea1:22-003707-003:PA	99.87%, 99.87%, 99.76%, 100.00%, 99.71%, 99.80%, 99.86%, 99.77%	3, 3, 2, 0, 5, 3, 2, 5	Ran on FASTA - No Coverage Report	2026-05-29_14-49-00
A/bald_eagle/Michigan/22-019205-006/2022	B1.1	PB2:am1.1, PB1:am1.1, NS:ea1, MP:ea1, HA:ea1, NP:am1.2, NA:ea1, PA:ea1	am1.1:22-009287-001:PB2, am1.1:22-009287-001:PB1, ea1:22-003707-003:NS, ea1:22-003707-003:MP, ea1:22-003707-003:HA, am1.2:22-009287-001:NP, ea1:22-003707-003:NA, ea1:22-003707-003:PA	99.83%, 99.82%, 99.52%, 99.80%, 99.47%, 99.80%, 99.50%, 99.72%	4, 4, 4, 2, 9, 3, 7, 6	Ran on FASTA - No Coverage Report	2026-05-29_14-49-00
A/bald_eagle/Minnesota/22-011871-007/2022	B3.1	PB2:am2.1, PB1:ea1, NS:ea1, MP:ea1, HA:ea1, NP:am1.4.1, NA:ea1, PA:ea1	am2.1:22-009329-001:PB2, ea1:22-003707-003:PB1, ea1:22-003707-003:NS, ea1:22-003707-003:MP, ea1:22-003707-003:HA, am1.4.1:22-009329-001:NP, ea1:22-003707-003:NA, ea1:22-003707-003:PA	99.74%, 99.87%, 99.88%, 99.80%, 99.88%, 100.00%, 99.93%, 99.91%	6, 3, 1, 2, 2, 0, 1, 2	Ran on FASTA - No Coverage Report	2026-05-29_14-49-01
A/avian/Chile/277672/2023	Not assigned: Only 7 segments >98.0% match found of total 8 segments in input file	PB2:am2.1, PB1:am1.2, NS:am1.1, MP:ea1, NP:am1.4.1, NA:ea1, PA:ea1	am2.1:22-009329-001:PB2, am1.2:22-010085-001:PB1, am1.1:22-010085-001:NS, ea1:22-003707-003:MP, ea1:EPI-ISL-20215425:HA, am1.4.1:22-009329-001:NP, ea1:22-003707-003:NA, ea1:22-003707-003:PA	99.47%, 99.16%, 98.81%, 99.19%, 97.75%, 98.93%, 99.01%, 99.49%	12, 19, 10, 8, 40, 16, 14, 11	Ran on FASTA - No Coverage Report	2026-05-29_14-49-01
A/Avian/Argentina/579-5/2023	B3.2	PB2:am2.1, PB1:am1.2, NS:am1.1, MP:ea1, HA:ea1, NP:am1.4.1, NA:ea1, PA:ea1	am2.1:22-009329-001:PB2, am1.2:22-010085-001:PB1, am1.1:22-010085-001:NS, ea1:22-003707-003:MP, ea1:22-003707-003:HA, am1.4.1:22-009329-001:NP, ea1:22-003707-003:NA, ea1:22-003707-003:PA	99.21%, 99.21%, 99.52%, 99.39%, 99.24%, 99.13%, 99.29%, 99.72%	18, 18, 4, 6, 13, 13, 10, 6	Ran on FASTA - No Coverage Report	2026-05-29_14-49-01
A/chicken/North_Dakota/22-015199-002/2022	B2.1	PB2:am1.2, PB1:ea1, NS:ea1, MP:ea1, HA:ea1, NP:am1.1, NA:ea1, PA:ea1	am1.2:22-007805-001:PB2, ea1:22-003707-003:PB1, ea1:22-003707-003:NS, ea1:22-003707-003:MP, ea1:22-003707-003:HA, am1.1:22-007805-001:NP, ea1:22-003707-003:NA, ea1:22-003707-003:PA	99.83%, 99.96%, 99.76%, 99.69%, 99.82%, 99.87%, 99.86%, 99.91%	4, 1, 2, 3, 3, 2, 2, 2	Ran on FASTA - No Coverage Report	2026-05-29_14-49-01
A/avian/Chile/280252/2023	Not assigned: Only 7 segments >98.0% match found of total 8 segments in input file	PB2:am2.1, PB1:am1.2, NS:am1.1, MP:ea1, NP:am1.4.1, NA:ea1, PA:ea1	am2.1:22-009329-001:PB2, am1.2:22-010085-001:PB1, am1.1:22-010085-001:NS, ea1:22-003707-003:MP, ea1:EPI-ISL-20215425:HA, am1.4.1:22-009329-001:NP, ea1:22-003707-003:NA, ea1:22-003707-003:PA	99.43%, 99.12%, 98.81%, 99.29%, 97.75%, 98.93%, 99.15%, 99.63%	13, 20, 10, 7, 40, 16, 12, 8	Ran on FASTA - No Coverage Report	2026-05-29_14-49-01
A/avian/Peru/AISA0451/2022	B3.2	PB2:am2.1, PB1:am1.2, NS:am1.1, MP:ea1, HA:ea1, NP:am1.4.1, NA:ea1, PA:ea1	am2.1:22-009329-001:PB2, am1.2:22-010085-001:PB1, am1.1:22-010085-001:NS, ea1:22-003707-003:MP, ea1:22-003707-003:HA, am1.4.1:22-009329-001:NP, ea1:22-003707-003:NA, ea1:22-003707-003:PA	99.42%, 99.55%, 99.05%, 99.49%, 99.30%, 99.27%, 99.50%, 99.67%	12, 4, 8, 5, 12, 11, 7, 7	Ran on FASTA - No Coverage Report	2026-05-29_14-49-01
A/Peruvian_booby/Peru/UNMSM-A296/2022	B3.2	PB2:am2.1, PB1:am1.2, NS:am1.1, MP:ea1, HA:ea1, NP:am1.4.1, NA:ea1, PA:ea1	am2.1:22-009329-001:PB2, am1.2:22-010085-001:PB1, am1.1:22-010085-001:NS, ea1:22-003707-003:MP, ea1:22-003707-003:HA, am1.4.1:22-009329-001:NP, ea1:22-003707-003:NA, ea1:22-003707-003:PA	99.47%, 99.38%, 99.17%, 99.49%, 99.24%, 99.33%, 99.43%, 99.67%	12, 14, 7, 5, 13, 10, 8, 7	Ran on FASTA - No Coverage Report	2026-05-29_14-49-01
A/Chicken/Argentina/578-2/2023	B3.2	PB2:am2.1, PB1:am1.2, NS:am1.1, MP:ea1, HA:ea1, NP:am1.4.1, NA:ea1, PA:ea1	am2.1:22-009329-001:PB2, am1.2:22-010085-001:PB1, am1.1:22-010085-001:NS, ea1:22-003707-003:MP, ea1:22-003707-003:HA, am1.4.1:22-009329-001:NP, ea1:22-003707-003:NA, ea1:22-003707-003:PA	99.39%, 99.30%, 99.28%, 99.49%, 99.18%, 99.13%, 99.15%, 99.67%	14, 16, 6, 5, 14, 13, 12, 7	Ran on FASTA - No Coverage Report	2026-05-29_14-49-01
A/chicken/Colorado/2-3-4-4b/2022	Not assigned: Only 6 segments >98.0% match found of total 8 segments in input file	PB1:ea1, NS:ea1, MP:ea1, HA:ea1, NA:ea1, PA:ea1	ea1:22-003707-003:PB2, ea1:22-003707-003:PB1, ea1:22-003707-003:NS, ea1:22-003707-003:MP, ea1:22-003707-003:HA, ea1:22-003707-003:NP, ea1:22-003707-003:NA, ea1:22-003707-003:PA	92.89%, 99.47%, 99.88%, 99.80%, 99.59%, 97.66%, 99.79%, 99.72%	162, 12, 1, 2, 7, 35, 3, 6	Ran on FASTA - No Coverage Report	2026-05-29_14-49-02
A/Backyard_bird/Wisconsin/USDA-013183-004/2022	B3.2	PB2:am2.1, PB1:am1.2, NS:am1.1, MP:ea1, HA:ea1, NP:am1.4.1, NA:ea1, PA:ea1	am2.1:22-009329-001:PB2, am1.2:22-010085-001:PB1, am1.1:22-010085-001:NS, ea1:22-003707-003:MP, ea1:22-003707-003:HA, am1.4.1:22-009329-001:NP, ea1:22-003707-003:NA, ea1:22-003707-003:PA	99.65%, 99.60%, 99.76%, 99.69%, 99.88%, 99.80%, 99.79%, 99.86%	8, 9, 2, 3, 2, 3, 3, 3	Ran on FASTA - No Coverage Report	2026-05-29_14-49-02
A/great_black_backed_gull/Maine/22-020416-022/2022	A2	PB2:ea1, PB1:ea2, NS:ea1, MP:ea1, HA:ea2, NP:ea1, NA:ea2, PA:ea1	ea1:22-003707-003:PB2, ea2:22-036180-006:PB1, ea1:22-003707-003:NS, ea1:22-003707-003:MP, ea2:22-008064-001:HA, ea1:22-003707-003:NP, ea2:22-008064-001:NA, ea1:22-003707-003:PA	99.56%, 99.91%, 99.40%, 99.80%, 99.71%, 99.47%, 99.72%, 99.67%	10, 2, 5, 2, 5, 8, 4, 7	Ran on FASTA - No Coverage Report	2026-05-29_14-49-02
A/Band-tailed_gull/Arica_y_Parinacota/232200-1/2023	Not assigned: Only 7 segments >98.0% match found of total 8 segments in input file	PB2:am2.1, PB1:am1.2, NS:am1.1, MP:ea1, HA:ea1, NP:am1.4.1, NA:ea1	am2.1:22-009329-001:PB2, am1.2:22-010085-001:PB1, am1.1:22-010085-001:NS, ea1:22-003707-003:MP, ea1:22-003707-003:HA, am1.4.1:22-009329-001:NP, ea1:22-003707-003:NA, ea1:22-003707-003:PA	99.43%, 99.34%, 99.17%, 99.29%, 99.24%, 99.06%, 99.29%, 96.90%	13, 15, 7, 7, 13, 14, 10, 45	Ran on FASTA - No Coverage Report	2026-05-29_14-49-02
A/mallard_duck/Tennessee/CEIRR-303/2022	A1	PB2:ea1, PB1:ea1, NS:ea1, MP:ea1, HA:ea1, NP:ea1, NA:ea1, PA:ea1	ea1:22-003707-003:PB2, ea1:22-003707-003:PB1, ea1:22-003707-003:NS, ea1:22-003707-003:MP, ea1:22-003707-003:HA, ea1:22-003707-003:NP, ea1:22-003707-003:NA, ea1:22-003707-003:PA	99.74%, 99.87%, 99.88%, 99.90%, 99.77%, 99.93%, 99.79%, 99.81%	6, 3, 1, 1, 4, 1, 3, 4	Ran on FASTA - No Coverage Report	2026-05-29_14-49-02
A/Snow_Goose/Missouri/USDA-006328-022/2022	A1	PB2:ea1, PB1:ea1, NS:ea1, MP:ea1, HA:ea1, NP:ea1, NA:ea1, PA:ea1	ea1:22-003707-003:PB2, ea1:22-003707-003:PB1, ea1:22-003707-003:NS, ea1:22-003707-003:MP, ea1:22-003707-003:HA, ea1:22-003707-003:NP, ea1:22-003707-003:NA, ea1:22-003707-003:PA	99.83%, 99.82%, 99.88%, 100.00%, 99.71%, 100.00%, 99.93%, 99.77%	4, 4, 1, 0, 5, 0, 1, 5	Ran on FASTA - No Coverage Report	2026-05-29_14-49-02
A/turkey/South_Dakota/USDA-009534-001/2022	A1	PB2:ea1, PB1:ea1, NS:ea1, MP:ea1, HA:ea1, NP:ea1, NA:ea1, PA:ea1	ea1:22-003707-003:PB2, ea1:22-003707-003:PB1, ea1:22-003707-003:NS, ea1:22-003707-003:MP, ea1:22-003707-003:HA, ea1:22-003707-003:NP, ea1:22-003707-003:NA, ea1:22-003707-003:PA	99.74%, 99.78%, 99.88%, 99.80%, 99.47%, 99.60%, 99.86%, 99.77%	6, 5, 1, 2, 9, 6, 2, 5	Ran on FASTA - No Coverage Report	2026-05-29_14-49-02
A/snow_goose/USA/038821-013/2022	B3.2	PB2:am2.1, PB1:am1.2, NS:am1.1, MP:ea1, HA:ea1, NP:am1.4.1, NA:ea1, PA:ea1	am2.1:22-009329-001:PB2, am1.2:22-010085-001:PB1, am1.1:22-010085-001:NS, ea1:22-003707-003:MP, ea1:22-003707-003:HA, am1.4.1:22-009329-001:NP, ea1:22-003707-003:NA, ea1:22-003707-003:PA	99.39%, 99.31%, 99.64%, 99.19%, 99.30%, 99.40%, 99.57%, 99.63%	14, 15, 3, 8, 12, 9, 6, 8	Ran on FASTA - No Coverage Report	2026-05-29_14-49-02
A/Sharp-shinned_Hawk/Missouri/USDA-012338-002/2022	B5.1	PB2:ea1, PB1:ea1, NS:ea1, MP:ea1, HA:ea1, NP:am1.4.2, NA:ea1, PA:ea1	ea1:22-003707-003:PB2, ea1:22-003707-003:PB1, ea1:22-003707-003:NS, ea1:22-003707-003:MP, ea1:22-003707-003:HA, am1.4.2:22-008239-001:NP, ea1:22-003707-003:NA, ea1:22-003707-003:PA	99.83%, 99.91%, 99.76%, 99.90%, 99.88%, 99.93%, 99.72%, 99.91%	4, 2, 2, 1, 2, 1, 4, 2	Ran on FASTA - No Coverage Report	2026-05-29_14-49-03
A/red_tailed_hawk/Washington/22-019255-001/2022	B4.1	PB2:am2.2, PB1:ea1, NS:ea1, MP:ea1, HA:ea1, NP:am1.3, NA:ea1, PA:ea1	am2.2:22-010445-001:PB2, ea1:22-003707-003:PB1, ea1:22-003707-003:NS, ea1:22-003707-003:MP, ea1:22-003707-003:HA, am1.3:22-010445-001:NP, ea1:22-003707-003:NA, ea1:22-003707-003:PA	99.74%, 99.78%, 99.64%, 99.90%, 99.59%, 100.00%, 99.72%, 99.91%	6, 5, 3, 1, 7, 0, 4, 2	Ran on FASTA - No Coverage Report	2026-05-29_14-49-03
A/great_black-backed_gull/Massachusetts/22-022527-002/2022	A2	PB2:ea1, PB1:ea2, NS:ea1, MP:ea1, HA:ea2, NP:ea1, NA:ea2, PA:ea1	ea1:22-003707-003:PB2, ea2:22-036180-006:PB1, ea1:22-003707-003:NS, ea1:22-003707-003:MP, ea2:22-008064-001:HA, ea1:22-003707-003:NP, ea2:22-008064-001:NA, ea1:22-003707-003:PA	99.52%, 99.87%, 99.40%, 99.69%, 99.59%, 99.40%, 99.64%, 99.67%	11, 3, 5, 3, 7, 9, 5, 7	Ran on FASTA - No Coverage Report	2026-05-29_14-49-03
A/chicken/Peru/AIS0540/2022	B3.2	PB2:am2.1, PB1:am1.2, NS:am1.1, MP:ea1, HA:ea1, NP:am1.4.1, NA:ea1, PA:ea1	am2.1:22-009329-001:PB2, am1.2:22-010085-001:PB1, am1.1:22-010085-001:NS, ea1:22-003707-003:MP, ea1:22-003707-003:HA, am1.4.1:22-009329-001:NP, ea1:22-003707-003:NA, ea1:22-003707-003:PA	99.47%, 99.38%, 99.40%, 99.49%, 99.30%, 99.27%, 99.50%, 99.72%	12, 14, 5, 5, 12, 11, 7, 6	Ran on FASTA - No Coverage Report	2026-05-29_14-49-03
A/American_wigeon/North_Carolina/AH0182954/2022	A1	PB2:ea1, PB1:ea1, NS:ea1, MP:ea1, HA:ea1, NP:ea1, NA:ea1, PA:ea1	ea1:22-003707-003:PB2, ea1:22-003707-003:PB1, ea1:22-003707-003:NS, ea1:22-003707-003:MP, ea1:22-003707-003:HA, ea1:22-003707-003:NP, ea1:22-003707-003:NA, ea1:22-003707-003:PA	99.91%, 100.00%, 99.76%, 100.00%, 99.82%, 99.93%, 99.86%, 99.95%	2, 0, 2, 0, 3, 1, 2, 1	Ran on FASTA - No Coverage Report	2026-05-29_14-49-03
A/Greater_White-fronted_Goose/Minnesota/USDA-011228-001/2022	B3.2	PB2:am2.1, PB1:am1.2, NS:am1.1, MP:ea1, HA:ea1, NP:am1.4.1, NA:ea1, PA:ea1	am2.1:22-009329-001:PB2, am1.2:22-010085-001:PB1, am1.1:22-010085-001:NS, ea1:22-003707-003:MP, ea1:22-003707-003:HA, am1.4.1:22-009329-001:NP, ea1:22-003707-003:NA, ea1:22-003707-003:PA	99.65%, 99.69%, 100.00%, 99.80%, 99.65%, 100.00%, 99.72%, 99.95%	8, 7, 0, 2, 6, 0, 4, 1	Ran on FASTA - No Coverage Report	2026-05-29_14-49-03
A/American_Wigeon/North_Carolina/USDA-001330-018/2022	A1	PB2:ea1, PB1:ea1, NS:ea1, MP:ea1, HA:ea1, NP:ea1, NA:ea1, PA:ea1	ea1:22-003707-003:PB2, ea1:22-003707-003:PB1, ea1:22-003707-003:NS, ea1:22-003707-003:MP, ea1:22-003707-003:HA, ea1:22-003707-003:NP, ea1:22-003707-003:NA, ea1:22-003707-003:PA	99.87%, 99.96%, 99.88%, 99.90%, 99.88%, 99.87%, 99.79%, 99.91%	3, 1, 1, 1, 2, 2, 3, 2	Ran on FASTA - No Coverage Report	2026-05-29_14-49-04
A/Backyard_bird/Minnesota/USDA-013221-002/2022	B3.2	PB2:am2.1, PB1:am1.2, NS:am1.1, MP:ea1, HA:ea1, NP:am1.4.1, NA:ea1, PA:ea1	am2.1:22-009329-001:PB2, am1.2:22-010085-001:PB1, am1.1:22-010085-001:NS, ea1:22-003707-003:MP, ea1:22-003707-003:HA, am1.4.1:22-009329-001:NP, ea1:22-003707-003:NA, ea1:22-003707-003:PA	99.78%, 99.60%, 100.00%, 99.90%, 99.77%, 100.00%, 99.57%, 99.86%	5, 9, 0, 1, 4, 0, 6, 3	Ran on FASTA - No Coverage Report	2026-05-29_14-49-04
A/Pelican/Tarapaca/227436-2/2022	B3.2	PB2:am2.1, PB1:am1.2, NS:am1.1, MP:ea1, HA:ea1, NP:am1.4.1, NA:ea1, PA:ea1	am2.1:22-009329-001:PB2, am1.2:22-010085-001:PB1, am1.1:22-010085-001:NS, ea1:22-003707-003:MP, ea1:22-003707-003:HA, am1.4.1:22-009329-001:NP, ea1:22-003707-003:NA, ea1:22-003707-003:PA	99.47%, 99.38%, 99.05%, 99.49%, 99.24%, 99.20%, 99.43%, 99.58%	12, 14, 8, 5, 13, 12, 8, 9	Ran on FASTA - No Coverage Report	2026-05-29_14-49-04
A/Backyard_bird/Wisconsin/USDA-010325-001/2022	B1.1	PB2:am1.1, PB1:am1.1, NS:ea1, MP:ea1, HA:ea1, NP:am1.2, NA:ea1, PA:ea1	am1.1:22-009287-001:PB2, am1.1:22-009287-001:PB1, ea1:22-003707-003:NS, ea1:22-003707-003:MP, ea1:22-003707-003:HA, am1.2:22-009287-001:NP, ea1:22-003707-003:NA, ea1:22-003707-003:PA	99.87%, 99.65%, 99.76%, 99.90%, 99.65%, 99.80%, 99.64%, 99.72%	3, 8, 2, 1, 6, 3, 5, 6	Ran on FASTA - No Coverage Report	2026-05-29_14-49-04
A/american_white_pelican/Iowa/22-022114-001/2022	B3.2	PB2:am2.1, PB1:am1.2, NS:am1.1, MP:ea1, HA:ea1, NP:am1.4.1, NA:ea1, PA:ea1	am2.1:22-009329-001:PB2, am1.2:22-010085-001:PB1, am1.1:22-010085-001:NS, ea1:22-003707-003:MP, ea1:22-003707-003:HA, am1.4.1:22-009329-001:NP, ea1:22-003707-003:NA, ea1:22-003707-003:PA	99.56%, 99.60%, 99.64%, 99.80%, 99.77%, 99.80%, 99.57%, 99.72%	10, 9, 3, 2, 4, 3, 6, 6	Ran on FASTA - No Coverage Report	2026-05-29_14-49-04
A/American_Wigeon/South_Carolina/USDA-001743-011/2022	A1	PB2:ea1, PB1:ea1, NS:ea1, MP:ea1, HA:ea1, NP:ea1, NA:ea1, PA:ea1	ea1:22-003707-003:PB2, ea1:22-003707-003:PB1, ea1:22-003707-003:NS, ea1:22-003707-003:MP, ea1:22-003707-003:HA, ea1:22-003707-003:NP, ea1:22-003707-003:NA, ea1:22-003707-003:PA	99.74%, 99.96%, 99.76%, 100.00%, 99.82%, 99.93%, 99.79%, 99.95%	6, 1, 2, 0, 3, 1, 3, 1	Ran on FASTA - No Coverage Report	2026-05-29_14-49-04
A/American_Black_Duck/Connecticut/USDA-005313-006/2022	A2	PB2:ea1, PB1:ea2, NS:ea1, MP:ea1, HA:ea2, NP:ea1, NA:ea2, PA:ea1	ea1:22-003707-003:PB2, ea2:22-036180-006:PB1, ea1:22-003707-003:NS, ea1:22-003707-003:MP, ea2:22-008064-001:HA, ea1:22-003707-003:NP, ea2:22-008064-001:NA, ea1:22-003707-003:PA	99.65%, 99.74%, 99.64%, 99.90%, 99.77%, 99.53%, 99.86%, 99.86%	8, 6, 3, 1, 4, 7, 2, 3	Ran on FASTA - No Coverage Report	2026-05-29_14-49-04
A/Chicken/Argentina/481-2/2023	B3.2	PB2:am2.1, PB1:am1.2, NS:am1.1, MP:ea1, HA:ea1, NP:am1.4.1, NA:ea1, PA:ea1	am2.1:22-009329-001:PB2, am1.2:22-010085-001:PB1, am1.1:22-010085-001:NS, ea1:22-003707-003:MP, ea1:22-003707-003:HA, am1.4.1:22-009329-001:NP, ea1:22-003707-003:NA, ea1:22-003707-003:PA	99.47%, 99.21%, 99.28%, 99.29%, 99.30%, 99.20%, 99.15%, 99.67%	12, 18, 6, 7, 12, 12, 12, 7	Ran on FASTA - No Coverage Report	2026-05-29_14-49-04
A/Phalacrocorax_bougainvillii/Ica/UPCH_4419/2023	B3.2	PB2:am2.1, PB1:am1.2, NS:am1.1, MP:ea1, HA:ea1, NP:am1.4.1, NA:ea1, PA:ea1	am2.1:22-009329-001:PB2, am1.2:22-010085-001:PB1, am1.1:22-010085-001:NS, ea1:22-003707-003:MP, ea1:22-003707-003:HA, am1.4.1:22-009329-001:NP, ea1:22-003707-003:NA, ea1:22-003707-003:PA	99.43%, 99.43%, 99.17%, 99.39%, 99.30%, 99.20%, 99.02%, 99.49%	13, 13, 7, 6, 12, 12, 12, 11	Ran on FASTA - No Coverage Report	2026-05-29_14-49-05
A/turkey/Indiana/USDA-005328-001/2022	A1	PB2:ea1, PB1:ea1, NS:ea1, MP:ea1, HA:ea1, NP:ea1, NA:ea1, PA:ea1	ea1:22-003707-003:PB2, ea1:22-003707-003:PB1, ea1:22-003707-003:NS, ea1:22-003707-003:MP, ea1:22-003707-003:HA, ea1:22-003707-003:NP, ea1:22-003707-003:NA, ea1:22-003707-003:PA	99.96%, 100.00%, 100.00%, 99.90%, 99.88%, 100.00%, 99.93%, 99.91%	1, 0, 0, 1, 2, 0, 1, 2	Ran on FASTA - No Coverage Report	2026-05-29_14-48-49
A/Avian/Chile/243717/2023	Not assigned: Only 7 segments >98.0% match found of total 8 segments in input file	PB2:am2.1, PB1:am1.2, NS:am1.1, MP:ea1, NP:am1.4.1, NA:ea1, PA:ea1	am2.1:22-009329-001:PB2, am1.2:22-010085-001:PB1, am1.1:22-010085-001:NS, ea1:22-003707-003:MP, ea1:EPI-ISL-20215425:HA, am1.4.1:22-009329-001:NP, ea1:22-003707-003:NA, ea1:22-003707-003:PA	99.34%, 99.16%, 99.28%, 99.29%, 97.97%, 99.20%, 99.29%, 99.58%	15, 19, 6, 7, 36, 12, 10, 9	Ran on FASTA - No Coverage Report	2026-05-29_14-48-49
A/Backyard_bird/Minnesota/USDA-013223-001/2022	B3.1	PB2:am2.1, PB1:ea1, NS:ea1, MP:ea1, HA:ea1, NP:am1.4.1, NA:ea1, PA:ea1	am2.1:22-009329-001:PB2, ea1:22-003707-003:PB1, ea1:22-003707-003:NS, ea1:22-003707-003:MP, ea1:22-003707-003:HA, am1.4.1:22-009329-001:NP, ea1:22-003707-003:NA, ea1:22-003707-003:PA	99.83%, 99.82%, 100.00%, 99.80%, 99.82%, 99.93%, 99.86%, 99.72%	4, 4, 0, 2, 3, 1, 2, 6	Ran on FASTA - No Coverage Report	2026-05-29_14-48-49
A/chicken/Chile/243881-1/2023	B3.2	PB2:am2.1, PB1:am1.2, NS:am1.1, MP:ea1, HA:ea1, NP:am1.4.1, NA:ea1, PA:ea1	am2.1:22-009329-001:PB2, am1.2:22-010085-001:PB1, am1.1:22-010085-001:NS, ea1:22-003707-003:MP, ea1:EPI-ISL-20215425:HA, am1.4.1:22-009329-001:NP, ea1:22-003707-003:NA, ea1:22-003707-003:PA	99.30%, 98.99%, 99.28%, 99.39%, 98.03%, 99.20%, 99.29%, 99.63%	16, 23, 6, 6, 35, 12, 10, 8	Ran on FASTA - No Coverage Report	2026-05-29_14-48-49
A/Blue-winged_Teal/Florida/USDA-002578-009/2022	A1	PB2:ea1, PB1:ea1, NS:ea1, MP:ea1, HA:ea1, NP:ea1, NA:ea1, PA:ea1	ea1:22-003707-003:PB2, ea1:22-003707-003:PB1, ea1:22-003707-003:NS, ea1:22-003707-003:MP, ea1:22-003707-003:HA, ea1:22-003707-003:NP, ea1:22-003707-003:NA, ea1:22-003707-003:PA	99.87%, 100.00%, 99.88%, 100.00%, 99.77%, 100.00%, 99.86%, 99.81%	3, 0, 1, 0, 4, 0, 2, 4	Ran on FASTA - No Coverage Report	2026-05-29_14-48-49
A/Seagull/Sarmiento/1651-4/2023	B3.2	PB2:am2.1, PB1:am1.2, NS:am1.1, MP:ea1, HA:ea1, NP:am1.4.1, NA:ea1, PA:ea1	am2.1:22-009329-001:PB2, am1.2:22-010085-001:PB1, am1.1:22-010085-001:NS, ea1:22-003707-003:MP, ea1:22-003707-003:HA, am1.4.1:22-009329-001:NP, ea1:22-003707-003:NA, ea1:22-003707-003:PA	99.34%, 99.08%, 99.40%, 99.19%, 99.06%, 99.13%, 99.15%, 99.58%	15, 21, 5, 8, 16, 13, 12, 9	Ran on FASTA - No Coverage Report	2026-05-29_14-48-49
A/Mallard/New_Hampshire/USDA-003359-036/2022	A1	PB2:ea1, PB1:ea1, NS:ea1, MP:ea1, HA:ea1, NP:ea1, NA:ea1, PA:ea1	ea1:22-003707-003:PB2, ea1:22-003707-003:PB1, ea1:22-003707-003:NS, ea1:22-003707-003:MP, ea1:22-003707-003:HA, ea1:22-003707-003:NP, ea1:22-003707-003:NA, ea1:22-003707-003:PA	99.78%, 99.74%, 99.76%, 100.00%, 99.65%, 99.87%, 99.79%, 99.77%	5, 6, 2, 0, 6, 2, 3, 5	Ran on FASTA - No Coverage Report	2026-05-29_14-48-50
A/pelican/Valparaiso/233418-1/2023	B3.2	PB2:am2.1, PB1:am1.2, NS:am1.1, MP:ea1, HA:ea1, NP:am1.4.1, NA:ea1, PA:ea1	am2.1:22-009329-001:PB2, am1.2:22-010085-001:PB1, am1.1:22-010085-001:NS, ea1:22-003707-003:MP, ea1:22-003707-003:HA, am1.4.1:22-009329-001:NP, ea1:22-003707-003:NA, ea1:22-003707-003:PA	99.17%, 99.30%, 99.28%, 99.29%, 99.18%, 99.20%, 99.08%, 99.44%	19, 16, 6, 7, 14, 12, 13, 12	Ran on FASTA - No Coverage Report	2026-05-29_14-48-50
A/Black_Vulture/Florida/USDA-007915-005/2022	B1.1	PB2:am1.1, PB1:am1.1, NS:ea1, MP:ea1, HA:ea1, NP:am1.2, NA:ea1, PA:ea1	am1.1:22-009287-001:PB2, am1.1:22-009287-001:PB1, ea1:22-003707-003:NS, ea1:22-003707-003:MP, ea1:22-003707-003:HA, am1.2:22-009287-001:NP, ea1:22-003707-003:NA, ea1:22-003707-003:PA	99.78%, 99.87%, 99.76%, 100.00%, 99.65%, 99.87%, 99.79%, 99.86%	5, 3, 2, 0, 6, 2, 3, 3	Ran on FASTA - No Coverage Report	2026-05-29_14-48-50
A/Sterna_hirundo/Rio_de_Janeiro/0613-N/2024	Not assigned: Only 7 segments >98.0% match found of total 8 segments in input file	PB2:am2.1, PB1:am1.2, NS:am1.1, MP:ea1, NP:am1.4.1, NA:ea1, PA:ea1	am2.1:22-009329-001:PB2, am1.2:22-010085-001:PB1, am1.1:22-010085-001:NS, ea1:22-003707-003:MP, ea1:EPI-ISL-20215425:HA, am1.4.1:22-009329-001:NP, ea1:22-003707-003:NA, ea1:22-003707-003:PA	98.95%, 98.68%, 99.05%, 98.37%, 97.52%, 98.80%, 99.15%, 99.30%	24, 30, 8, 16, 44, 18, 12, 15	Ran on FASTA - No Coverage Report	2026-05-29_14-48-50
A/avian/Chile/276037/2023	Not assigned: Only 7 segments >98.0% match found of total 8 segments in input file	PB2:am2.1, PB1:am1.2, NS:am1.1, MP:ea1, NP:am1.4.1, NA:ea1, PA:ea1	am2.1:22-009329-001:PB2, am1.2:22-010085-001:PB1, am1.1:22-010085-001:NS, ea1:22-003707-003:MP, ea1:EPI-ISL-20215425:HA, am1.4.1:22-009329-001:NP, ea1:22-003707-003:NA, ea1:22-003707-003:PA	99.43%, 98.86%, 98.69%, 99.29%, 97.80%, 98.93%, 99.08%, 99.44%	13, 26, 11, 7, 39, 16, 13, 12	Ran on FASTA - No Coverage Report	2026-05-29_14-48-50
A/avian/Peru/AISA0446/2022	B3.2	PB2:am2.1, PB1:am1.2, NS:am1.1, MP:ea1, HA:ea1, NP:am1.4.1, NA:ea1, PA:ea1	am2.1:22-009329-001:PB2, am1.2:22-010085-001:PB1, am1.1:22-010085-001:NS, ea1:22-003707-003:MP, ea1:22-003707-003:HA, am1.4.1:22-009329-001:NP, ea1:22-003707-003:NA, ea1:22-003707-003:PA	99.56%, 99.38%, 99.28%, 99.49%, 99.30%, 99.27%, 99.43%, 99.67%	10, 14, 6, 5, 12, 11, 8, 7	Ran on FASTA - No Coverage Report	2026-05-29_14-48-50
A/chicken/Utah/22-018175-001-original/2022	B3.2	PB2:am2.1, PB1:am1.2, NS:am1.1, MP:ea1, HA:ea1, NP:am1.4.1, NA:ea1, PA:ea1	am2.1:22-009329-001:PB2, am1.2:22-010085-001:PB1, am1.1:22-010085-001:NS, ea1:22-003707-003:MP, ea1:22-003707-003:HA, am1.4.1:22-009329-001:NP, ea1:22-003707-003:NA, ea1:22-003707-003:PA	99.65%, 99.56%, 99.88%, 99.69%, 99.71%, 99.73%, 99.79%, 99.77%	8, 10, 1, 3, 5, 4, 3, 5	Ran on FASTA - No Coverage Report	2026-05-29_14-48-50
A/Snow_Goose/North_Dakota/USDA-011033-005/2022	B2.1	PB2:am1.2, PB1:ea1, NS:ea1, MP:ea1, HA:ea1, NP:am1.1, NA:ea1, PA:ea1	am1.2:22-007805-001:PB2, ea1:22-003707-003:PB1, ea1:22-003707-003:NS, ea1:22-003707-003:MP, ea1:22-003707-003:HA, am1.1:22-007805-001:NP, ea1:22-003707-003:NA, ea1:22-003707-003:PA	99.91%, 99.91%, 99.76%, 100.00%, 99.82%, 99.93%, 99.93%, 99.91%	2, 2, 2, 0, 3, 1, 1, 2	Ran on FASTA - No Coverage Report	2026-05-29_14-48-50
A/muscovy_duck/Florida/22-016410-001/2022	B1.1	PB2:am1.1, PB1:am1.1, NS:ea1, MP:ea1, HA:ea1, NP:am1.2, NA:ea1, PA:ea1	am1.1:22-009287-001:PB2, am1.1:22-009287-001:PB1, ea1:22-003707-003:NS, ea1:22-003707-003:MP, ea1:22-003707-003:HA, am1.2:22-009287-001:NP, ea1:22-003707-003:NA, ea1:22-003707-003:PA	99.78%, 99.56%, 99.64%, 99.69%, 99.59%, 99.67%, 99.79%, 99.67%	5, 10, 3, 3, 7, 5, 3, 7	Ran on FASTA - No Coverage Report	2026-05-29_14-48-50
A/great_horned_owl/Montana/22-017193-001/2022	B4.1	PB2:am2.2, PB1:ea1, NS:ea1, MP:ea1, HA:ea1, NP:am1.3, NA:ea1, PA:ea1	am2.2:22-010445-001:PB2, ea1:22-003707-003:PB1, ea1:22-003707-003:NS, ea1:22-003707-003:MP, ea1:22-003707-003:HA, am1.3:22-010445-001:NP, ea1:22-003707-003:NA, ea1:22-003707-003:PA	99.87%, 99.82%, 99.64%, 99.90%, 99.71%, 99.93%, 99.72%, 99.95%	3, 4, 3, 1, 5, 1, 4, 1	Ran on FASTA - No Coverage Report	2026-05-29_14-48-50
A/chicken/Potosi/39870/2023	Not assigned: Only 7 segments >98.0% match found of total 8 segments in input file	PB2:am2.1, PB1:am1.2, NS:am1.1, MP:ea1, NP:am1.4.1, NA:ea1, PA:ea1	am2.1:22-009329-001:PB2, am1.2:22-010085-001:PB1, am1.1:22-010085-001:NS, ea1:22-003707-003:MP, ea1:EPI-ISL-20215425:HA, am1.4.1:22-009329-001:NP, ea1:22-003707-003:NA, ea1:22-003707-003:PA	99.07%, 99.21%, 99.17%, 99.19%, 97.80%, 99.13%, 99.22%, 99.38%	7, 11, 7, 8, 39, 13, 11, 7	Ran on FASTA - No Coverage Report	2026-05-29_14-48-51
A/chicken/Iowa/USDA-009985-001/2022	A1	PB2:ea1, PB1:ea1, NS:ea1, MP:ea1, HA:ea1, NP:ea1, NA:ea1, PA:ea1	ea1:22-003707-003:PB2, ea1:22-003707-003:PB1, ea1:22-003707-003:NS, ea1:22-003707-003:MP, ea1:22-003707-003:HA, ea1:22-003707-003:NP, ea1:22-003707-003:NA, ea1:22-003707-003:PA	99.61%, 99.87%, 99.88%, 99.90%, 99.77%, 100.00%, 99.64%, 99.86%	9, 3, 1, 1, 4, 0, 5, 3	Ran on FASTA - No Coverage Report	2026-05-29_14-48-51
A/chicken/Chile/248751-2/2023	Not assigned: Only 7 segments >98.0% match found of total 8 segments in input file	PB2:am2.1, PB1:am1.2, NS:am1.1, MP:ea1, NP:am1.4.1, NA:ea1, PA:ea1	am2.1:22-009329-001:PB2, am1.2:22-010085-001:PB1, am1.1:22-010085-001:NS, ea1:22-003707-003:MP, ea1:EPI-ISL-20215425:HA, am1.4.1:22-009329-001:NP, ea1:22-003707-003:NA, ea1:22-003707-003:PA	99.34%, 99.21%, 99.17%, 99.29%, 97.58%, 99.00%, 99.36%, 99.72%	15, 18, 7, 7, 43, 15, 9, 6	Ran on FASTA - No Coverage Report	2026-05-29_14-48-51
A/canada_goose/Washington/22-017361-003/2022	B2.1	PB2:am1.2, PB1:ea1, NS:ea1, MP:ea1, HA:ea1, NP:am1.1, NA:ea1, PA:ea1	am1.2:22-007805-001:PB2, ea1:22-003707-003:PB1, ea1:22-003707-003:NS, ea1:22-003707-003:MP, ea1:22-003707-003:HA, am1.1:22-007805-001:NP, ea1:22-003707-003:NA, ea1:22-003707-003:PA	99.83%, 99.82%, 99.88%, 99.59%, 99.71%, 99.93%, 99.36%, 99.72%	4, 4, 1, 4, 5, 1, 9, 6	Ran on FASTA - No Coverage Report	2026-05-29_14-48-51
A/Chicken/Argentina/491-2/2023	B3.2	PB2:am2.1, PB1:am1.2, NS:am1.1, MP:ea1, HA:ea1, NP:am1.4.1, NA:ea1, PA:ea1	am2.1:22-009329-001:PB2, am1.2:22-010085-001:PB1, am1.1:22-010085-001:NS, ea1:22-003707-003:MP, ea1:22-003707-003:HA, am1.4.1:22-009329-001:NP, ea1:22-003707-003:NA, ea1:22-003707-003:PA	99.17%, 99.21%, 99.40%, 99.29%, 99.18%, 99.20%, 99.29%, 99.53%	19, 18, 5, 7, 14, 12, 10, 10	Ran on FASTA - No Coverage Report	2026-05-29_14-48-51
A/Duck/Chile/255501/2023	Not assigned: Only 7 segments >98.0% match found of total 8 segments in input file	PB2:am2.1, PB1:am1.2, NS:am1.1, MP:ea1, NP:am1.4.1, NA:ea1, PA:ea1	am2.1:22-009329-001:PB2, am1.2:22-010085-001:PB1, am1.1:22-010085-001:NS, ea1:22-003707-003:MP, ea1:EPI-ISL-20215425:HA, am1.4.1:22-009329-001:NP, ea1:22-003707-003:NA, ea1:22-003707-003:PA	99.17%, 99.21%, 99.40%, 99.39%, 97.80%, 98.93%, 99.22%, 99.30%	19, 18, 5, 6, 39, 16, 11, 15	Ran on FASTA - No Coverage Report	2026-05-29_14-48-51
A/chicken/Araucania/241914-1/2023	B3.2	PB2:am2.1, PB1:am1.2, NS:am1.1, MP:ea1, HA:ea1, NP:am1.4.1, NA:ea1, PA:ea1	am2.1:22-009329-001:PB2, am1.2:22-010085-001:PB1, am1.1:22-010085-001:NS, ea1:22-003707-003:MP, ea1:22-003707-003:HA, am1.4.1:22-009329-001:NP, ea1:22-003707-003:NA, ea1:22-003707-003:PA	99.39%, 99.12%, 99.52%, 99.39%, 98.94%, 99.13%, 99.29%, 99.67%	14, 20, 4, 6, 18, 13, 10, 7	Ran on FASTA - No Coverage Report	2026-05-29_14-48-51
A/great_horned_owl/Michigan/22-019205-008/2022	B1.1	PB2:am1.1, PB1:am1.1, NS:ea1, MP:ea1, HA:ea1, NP:am1.2, NA:ea1, PA:ea1	am1.1:22-009287-001:PB2, am1.1:22-009287-001:PB1, ea1:22-003707-003:NS, ea1:22-003707-003:MP, ea1:22-003707-003:HA, am1.2:22-009287-001:NP, ea1:22-003707-003:NA, ea1:22-003707-003:PA	99.74%, 99.78%, 99.64%, 99.69%, 99.71%, 99.80%, 99.72%, 99.77%	6, 5, 3, 3, 5, 3, 4, 5	Ran on FASTA - No Coverage Report	2026-05-29_14-48-51
A/canada_goose/Washington/22-015526-005/2022	B3.2	PB2:am2.1, PB1:am1.2, NS:am1.1, MP:ea1, HA:ea1, NP:am1.4.1, NA:ea1, PA:ea1	am2.1:22-009329-001:PB2, am1.2:22-010085-001:PB1, am1.1:22-010085-001:NS, ea1:22-003707-003:MP, ea1:22-003707-003:HA, am1.4.1:22-009329-001:NP, ea1:22-003707-003:NA, ea1:22-003707-003:PA	99.69%, 99.74%, 99.88%, 99.39%, 99.53%, 99.73%, 99.79%, 99.86%	7, 6, 1, 6, 8, 4, 3, 3	Ran on FASTA - No Coverage Report	2026-05-29_14-48-51
A/chicken/Araucania/239189-2/2023	B3.2	PB2:am2.1, PB1:am1.2, NS:am1.1, MP:ea1, HA:ea1, NP:am1.4.1, NA:ea1, PA:ea1	am2.1:22-009329-001:PB2, am1.2:22-010085-001:PB1, am1.1:22-010085-001:NS, ea1:22-003707-003:MP, ea1:22-003707-003:HA, am1.4.1:22-009329-001:NP, ea1:22-003707-003:NA, ea1:22-003707-003:PA	99.34%, 99.21%, 99.52%, 99.39%, 99.06%, 99.00%, 99.36%, 99.53%	15, 18, 4, 6, 16, 15, 9, 10	Ran on FASTA - No Coverage Report	2026-05-29_14-48-52
A/common_eider/MA/22MM00724/2022	A2	PB2:ea1, PB1:ea2, NS:ea1, MP:ea1, HA:ea2, NP:ea1, NA:ea2, PA:ea1	ea1:22-003707-003:PB2, ea2:22-036180-006:PB1, ea1:22-003707-003:NS, ea1:22-003707-003:MP, ea2:22-008064-001:HA, ea1:22-003707-003:NP, ea2:22-008064-001:NA, ea1:22-003707-003:PA	99.56%, 99.87%, 99.52%, 99.80%, 99.71%, 99.47%, 99.64%, 99.63%	10, 3, 4, 2, 5, 8, 5, 8	Ran on FASTA - No Coverage Report	2026-05-29_14-48-52
A/Snow_Goose/Kansas/USDA-008980-006/2022	B3.1	PB2:am2.1, PB1:ea1, NS:ea1, MP:ea1, HA:ea1, NP:am1.4.1, NA:ea1, PA:ea1	am2.1:22-009329-001:PB2, ea1:22-003707-003:PB1, ea1:22-003707-003:NS, ea1:22-003707-003:MP, ea1:22-003707-003:HA, am1.4.1:22-009329-001:NP, ea1:22-003707-003:NA, ea1:22-003707-003:PA	99.91%, 99.96%, 100.00%, 99.80%, 99.88%, 99.93%, 99.93%, 99.95%	2, 1, 0, 2, 2, 1, 1, 1	Ran on FASTA - No Coverage Report	2026-05-29_14-48-52
A/black_vulture/South_Carolina/22-015660-003/2022	B1.1	PB2:am1.1, PB1:am1.1, NS:ea1, MP:ea1, HA:ea1, NP:am1.2, NA:ea1, PA:ea1	am1.1:22-009287-001:PB2, am1.1:22-009287-001:PB1, ea1:22-003707-003:NS, ea1:22-003707-003:MP, ea1:22-003707-003:HA, am1.2:22-009287-001:NP, ea1:22-003707-003:NA, ea1:22-003707-003:PA	99.87%, 99.65%, 99.76%, 99.80%, 99.59%, 99.60%, 99.72%, 99.72%	3, 8, 2, 2, 7, 6, 4, 6	Ran on FASTA - No Coverage Report	2026-05-29_14-48-52
A/red-tailed_hawk/MA/22MM00791/2022	A2	PB2:ea1, PB1:ea2, NS:ea1, MP:ea1, HA:ea2, NP:ea1, NA:ea2, PA:ea1	ea1:22-003707-003:PB2, ea2:22-036180-006:PB1, ea1:22-003707-003:NS, ea1:22-003707-003:MP, ea2:22-008064-001:HA, ea1:22-003707-003:NP, ea2:22-008064-001:NA, ea1:22-003707-003:PA	99.61%, 99.96%, 99.40%, 99.80%, 99.65%, 99.47%, 99.64%, 99.67%	9, 1, 5, 2, 6, 8, 5, 7	Ran on FASTA - No Coverage Report	2026-05-29_14-48-52
A/chicken/Chile/241557-1/2023	B3.2	PB2:am2.1, PB1:am1.2, NS:am1.1, MP:ea1, HA:ea1, NP:am1.4.1, NA:ea1, PA:ea1	am2.1:22-009329-001:PB2, am1.2:22-010085-001:PB1, am1.1:22-010085-001:NS, ea1:22-003707-003:MP, ea1:EPI-ISL-20215425:HA, am1.4.1:22-009329-001:NP, ea1:22-003707-003:NA, ea1:22-003707-003:PA	99.34%, 99.08%, 99.40%, 99.19%, 98.03%, 99.33%, 99.29%, 99.63%	15, 21, 5, 8, 35, 10, 10, 8	Ran on FASTA - No Coverage Report	2026-05-29_14-48-52
A/brown_skua/Antartic/A327O/2025	Not assigned: Only 7 segments >98.0% match found of total 8 segments in input file	PB2:am2.1, PB1:am1.2, NS:am1.1, MP:ea1, NP:am1.4.1, NA:ea1, PA:ea1	am2.1:22-009329-001:PB2, am1.2:22-010085-001:PB1, am1.1:22-010085-001:NS, ea1:22-003707-003:MP, ea1:EPI-ISL-20215425:HA, am1.4.1:22-009329-001:NP, ea1:22-003707-003:NA, ea1:22-003707-003:PA	99.17%, 98.81%, 99.05%, 98.88%, 97.47%, 98.40%, 98.82%, 98.98%	19, 27, 8, 11, 44, 24, 14, 22	Ran on FASTA - No Coverage Report	2026-05-29_14-48-52
A/Chicken/Argentina/3346-1/2023	B3.2	PB2:am2.1, PB1:am1.2, NS:am1.1, MP:ea1, HA:ea1, NP:am1.4.1, NA:ea1, PA:ea1	am2.1:22-009329-001:PB2, am1.2:22-010085-001:PB1, am1.1:22-010085-001:NS, ea1:22-003707-003:MP, ea1:22-003707-003:HA, am1.4.1:22-009329-001:NP, ea1:22-003707-003:NA, ea1:22-003707-003:PA	99.08%, 98.99%, 99.05%, 99.08%, 99.00%, 99.20%, 98.79%, 99.49%	21, 23, 8, 9, 17, 12, 17, 11	Ran on FASTA - No Coverage Report	2026-05-29_14-48-52
A/Pelican/Venezuela/Inf9/2022	Not assigned: Only 7 segments >98.0% match found of total 8 segments in input file	PB1:ea1, NS:am1.2, MP:ea1, HA:ea1, NP:am1.1, NA:ea1, PA:ea1	am1.2:22-007805-001:PB2, ea1:22-003707-003:PB1, am1.2:22-010668-001:NS, ea1:22-003707-003:MP, ea1:22-003707-003:HA, am1.1:22-007805-001:NP, ea1:22-003707-003:NA, ea1:EPI-ISL-20215425:PA	96.85%, 99.56%, 98.44%, 99.80%, 99.47%, 99.67%, 99.57%, 98.54%	35, 10, 7, 2, 9, 5, 6, 8	Ran on FASTA - No Coverage Report	2026-05-29_14-48-52
A/chicken/Indiana/USDA-012933-001/2022	B2.2	PB2:am1.2, PB1:ea1, NS:am1.2, MP:ea1, HA:ea1, NP:am1.1, NA:ea1, PA:ea1	am1.2:22-007805-001:PB2, ea1:22-003707-003:PB1, am1.2:22-010668-001:NS, ea1:22-003707-003:MP, ea1:22-003707-003:HA, am1.1:22-007805-001:NP, ea1:22-003707-003:NA, ea1:22-003707-003:PA	99.87%, 99.87%, 99.76%, 99.69%, 99.88%, 100.00%, 99.86%, 99.81%	3, 3, 2, 3, 2, 0, 2, 4	Ran on FASTA - No Coverage Report	2026-05-29_14-48-52
A/chicken/Araucania/240481-1/2023	B3.2	PB2:am2.1, PB1:am1.2, NS:am1.1, MP:ea1, HA:ea1, NP:am1.4.1, NA:ea1, PA:ea1	am2.1:22-009329-001:PB2, am1.2:22-010085-001:PB1, am1.1:22-010085-001:NS, ea1:22-003707-003:MP, ea1:22-003707-003:HA, am1.4.1:22-009329-001:NP, ea1:22-003707-003:NA, ea1:22-003707-003:PA	99.34%, 99.30%, 99.52%, 99.29%, 99.12%, 98.86%, 99.36%, 99.67%	15, 16, 4, 7, 15, 17, 9, 7	Ran on FASTA - No Coverage Report	2026-05-29_14-48-53
A/northern_gannet/MA/22WI00050/2022	A2	PB2:ea1, PB1:ea2, NS:ea1, MP:ea1, HA:ea2, NP:ea1, NA:ea2, PA:ea1	ea1:22-003707-003:PB2, ea2:23-004612-024:PB1, ea1:22-003707-003:NS, ea1:22-003707-003:MP, ea2:23-030074-013:HA, ea1:22-003707-003:NP, ea2:23-004612-024:NA, ea1:22-003707-003:PA	99.56%, 99.69%, 99.40%, 99.80%, 99.71%, 99.60%, 99.64%, 99.72%	10, 7, 5, 2, 5, 6, 5, 6	Ran on FASTA - No Coverage Report	2026-05-29_14-48-53
A/bald_eagle/Michigan/22-018806-005/2022	B1.2	PB2:am1.1, PB1:am1.1, NS:ea1, MP:ea1, HA:ea1, NP:am1.2, NA:ea1, PA:am1	am1.1:22-009287-001:PB2, am1.1:22-009287-001:PB1, ea1:22-003707-003:NS, ea1:22-003707-003:MP, ea1:22-003707-003:HA, am1.2:22-009287-001:NP, ea1:22-003707-003:NA, am1:22-008890-001:PA	99.83%, 99.78%, 99.76%, 99.90%, 99.77%, 99.87%, 99.86%, 99.86%	4, 5, 2, 1, 4, 2, 2, 3	Ran on FASTA - No Coverage Report	2026-05-29_14-48-53
A/Ross's_Goose/Colorado/USDA-008935-005/2022	A1	PB2:ea1, PB1:ea1, NS:ea1, MP:ea1, HA:ea1, NP:ea1, NA:ea1, PA:ea1	ea1:22-003707-003:PB2, ea1:22-003707-003:PB1, ea1:22-003707-003:NS, ea1:22-003707-003:MP, ea1:22-003707-003:HA, ea1:22-003707-003:NP, ea1:22-003707-003:NA, ea1:22-003707-003:PA	99.91%, 99.91%, 99.88%, 100.00%, 99.88%, 100.00%, 99.86%, 99.86%	2, 2, 1, 0, 2, 0, 2, 3	Ran on FASTA - No Coverage Report	2026-05-29_14-48-53
A/Bald_Eagle/Florida/USDA-006544-005/2022	B1.1	PB2:am1.1, PB1:am1.1, NS:ea1, MP:ea1, HA:ea1, NP:am1.2, NA:ea1, PA:ea1	am1.1:22-009287-001:PB2, am1.1:22-009287-001:PB1, ea1:22-003707-003:NS, ea1:22-003707-003:MP, ea1:22-003707-003:HA, am1.2:22-009287-001:NP, ea1:22-003707-003:NA, ea1:22-003707-003:PA	99.83%, 99.87%, 99.88%, 99.90%, 99.77%, 99.80%, 99.79%, 99.86%	4, 3, 1, 1, 4, 3, 3, 3	Ran on FASTA - No Coverage Report	2026-05-29_14-48-53
A/great_horned_owl/Massachusetts/22-016611-013/2022	A1	PB2:ea1, PB1:ea1, NS:ea1, MP:ea1, HA:ea1, NP:ea1, NA:ea1, PA:ea1	ea1:22-003707-003:PB2, ea1:22-003707-003:PB1, ea1:22-003707-003:NS, ea1:22-003707-003:MP, ea1:22-003707-003:HA, ea1:22-003707-003:NP, ea1:22-003707-003:NA, ea1:22-003707-003:PA	99.74%, 99.78%, 99.76%, 99.90%, 99.59%, 99.87%, 99.86%, 99.77%	6, 5, 2, 1, 7, 2, 2, 5	Ran on FASTA - No Coverage Report	2026-05-29_14-48-53
A/pelican/Valparaiso/233091-1/2023	B3.2	PB2:am2.1, PB1:am1.2, NS:am1.1, MP:ea1, HA:ea1, NP:am1.4.1, NA:ea1, PA:ea1	am2.1:22-009329-001:PB2, am1.2:22-010085-001:PB1, am1.1:22-010085-001:NS, ea1:22-003707-003:MP, ea1:22-003707-003:HA, am1.4.1:22-009329-001:NP, ea1:22-003707-003:NA, ea1:22-003707-003:PA	99.52%, 99.16%, 99.05%, 99.49%, 99.30%, 99.27%, 99.50%, 99.58%	11, 19, 8, 5, 12, 11, 7, 9	Ran on FASTA - No Coverage Report	2026-05-29_14-48-53
A/Northern_Shoveler/Delaware/USDA-003933-001/2022	A1	PB2:ea1, PB1:ea1, NS:ea1, MP:ea1, HA:ea1, NP:ea1, NA:ea1, PA:ea1	ea1:22-003707-003:PB2, ea1:22-003707-003:PB1, ea1:22-003707-003:NS, ea1:22-003707-003:MP, ea1:22-003707-003:HA, ea1:22-003707-003:NP, ea1:22-003707-003:NA, ea1:22-003707-003:PA	99.74%, 99.91%, 99.76%, 100.00%, 99.82%, 99.87%, 99.72%, 99.95%	6, 2, 2, 0, 3, 2, 4, 1	Ran on FASTA - No Coverage Report	2026-05-29_14-48-53
A/American_Wigeon/North_Carolina/USDA-001330-024/2022	A1	PB2:ea1, PB1:ea1, NS:ea1, MP:ea1, HA:ea1, NP:ea1, NA:ea1, PA:ea1	ea1:22-003707-003:PB2, ea1:22-003707-003:PB1, ea1:22-003707-003:NS, ea1:22-003707-003:MP, ea1:22-003707-003:HA, ea1:22-003707-003:NP, ea1:22-003707-003:NA, ea1:22-003707-003:PA	99.91%, 99.96%, 99.88%, 100.00%, 99.77%, 100.00%, 99.93%, 99.86%	2, 1, 1, 0, 4, 0, 1, 3	Ran on FASTA - No Coverage Report	2026-05-29_14-48-53
A/gadwall/Tennessee/22-024871-012/2022	A1	PB2:ea1, PB1:ea1, NS:ea1, MP:ea1, HA:ea1, NP:ea1, NA:ea1, PA:ea1	ea1:22-003707-003:PB2, ea1:22-003707-003:PB1, ea1:22-003707-003:NS, ea1:22-003707-003:MP, ea1:22-003707-003:HA, ea1:22-003707-003:NP, ea1:22-003707-003:NA, ea1:22-003707-003:PA	99.96%, 100.00%, 100.00%, 100.00%, 99.94%, 100.00%, 99.86%, 100.00%	1, 0, 0, 0, 1, 0, 2, 0	Ran on FASTA - No Coverage Report	2026-05-29_14-48-54
A/Gadwall/North_Carolina/USDA-001996-001/2022	A1	PB2:ea1, PB1:ea1, NS:ea1, MP:ea1, HA:ea1, NP:ea1, NA:ea1, PA:ea1	ea1:22-003707-003:PB2, ea1:22-003707-003:PB1, ea1:22-003707-003:NS, ea1:22-003707-003:MP, ea1:22-003707-003:HA, ea1:22-003707-003:NP, ea1:22-003707-003:NA, ea1:22-003707-003:PA	99.91%, 100.00%, 99.76%, 100.00%, 99.82%, 99.87%, 99.64%, 99.77%	2, 0, 2, 0, 3, 2, 5, 5	Ran on FASTA - No Coverage Report	2026-05-29_14-48-54
A/Great_Horned_Owl/Minnesota/USDA-012305-001/2022	B3.2	PB2:am2.1, PB1:am1.2, NS:am1.1, MP:ea1, HA:ea1, NP:am1.4.1, NA:ea1, PA:ea1	am2.1:22-009329-001:PB2, am1.2:22-010085-001:PB1, am1.1:22-010085-001:NS, ea1:22-003707-003:MP, ea1:22-003707-003:HA, am1.4.1:22-009329-001:NP, ea1:22-003707-003:NA, ea1:22-003707-003:PA	99.74%, 99.65%, 99.64%, 99.80%, 99.71%, 99.80%, 99.86%, 99.77%	6, 8, 3, 2, 5, 3, 2, 5	Ran on FASTA - No Coverage Report	2026-05-29_14-48-54
A/black_vulture/Georgia/22-017264-002/2022	B1.1	PB2:am1.1, PB1:am1.1, NS:ea1, MP:ea1, HA:ea1, NP:am1.2, NA:ea1, PA:ea1	am1.1:22-009287-001:PB2, am1.1:22-009287-001:PB1, ea1:22-003707-003:NS, ea1:22-003707-003:MP, ea1:22-003707-003:HA, am1.2:22-009287-001:NP, ea1:22-003707-003:NA, ea1:22-003707-003:PA	99.56%, 99.43%, 99.64%, 99.80%, 99.71%, 99.67%, 99.72%, 99.77%	10, 13, 3, 2, 5, 5, 4, 5	Ran on FASTA - No Coverage Report	2026-05-29_14-48-54
A/South_polar_skua/Antarctica/INACH-UC-UCHILE-SKU1/2024	Not assigned: Only 6 segments >98.0% match found of total 8 segments in input file	PB2:am2.1, PB1:am1.2, NS:am1.1, MP:ea1, NP:am1.4.1, NA:ea1	am2.1:22-009329-001:PB2, am1.2:22-010085-001:PB1, am1.1:22-010085-001:NS, ea1:22-003707-003:MP, ea1:EPI-ISL-20215425:HA, am1.4.1:22-009329-001:NP, ea1:22-003707-003:NA, ea1:EPI-ISL-20215425:PA	99.08%, 98.90%, 99.28%, 98.88%, 97.69%, 98.86%, 98.58%, 97.76%	21, 25, 6, 11, 41, 17, 20, 50	Ran on FASTA - No Coverage Report	2026-05-29_14-48-54
A/Dromaius_novaehollandiae/BrasiliaBR/1706-N/2025	Not assigned: Only 5 segments >98.0% match found of total 8 segments in input file	NS:am1.1, MP:ea1, HA:ea1, NA:ea1, PA:ea1	am7:22-035442-001:PB2, am12:23-004320-002:PB1, am1.1:22-010085-001:NS, ea1:22-003707-003:MP, ea1:24-009110-019:HA, am5:23-013078-002:NP, ea1:24-009110-019:NA, ea1:22-003707-003:PA	90.36%, 95.82%, 98.57%, 98.27%, 98.71%, 92.72%, 99.01%, 98.93%	218, 95, 12, 17, 22, 109, 14, 23	Ran on FASTA - No Coverage Report	2026-05-29_14-48-54
A/Pluvialis_dominica/Sao_Paulo/2252-N/2023	Not assigned: Only 7 segments >98.0% match found of total 8 segments in input file	PB2:am2.1, PB1:am1.2, NS:am1.1, MP:ea1, NP:am1.4.1, NA:ea1, PA:ea1	am2.1:22-009329-001:PB2, am1.2:22-010085-001:PB1, am1.1:22-010085-001:NS, ea1:22-003707-003:MP, ea1:EPI-ISL-20215425:HA, am1.4.1:22-009329-001:NP, ea1:22-003707-003:NA, ea1:22-003707-003:PA	99.30%, 98.99%, 99.05%, 98.68%, 97.75%, 98.93%, 99.01%, 99.21%	16, 23, 8, 13, 40, 16, 14, 17	Ran on FASTA - No Coverage Report	2026-05-29_14-48-54
A/turkey/Indiana/22-004688-006/2022	A1	PB2:ea1, PB1:ea1, NS:ea1, MP:ea1, HA:ea1, NP:ea1, NA:ea1, PA:ea1	ea1:22-003707-003:PB2, ea1:22-003707-003:PB1, ea1:22-003707-003:NS, ea1:22-003707-003:MP, ea1:22-003707-003:HA, ea1:22-003707-003:NP, ea1:22-003707-003:NA, ea1:22-003707-003:PA	100.00%, 99.96%, 100.00%, 100.00%, 100.00%, 100.00%, 100.00%, 99.95%	0, 1, 0, 0, 0, 0, 0, 1	Ran on FASTA - No Coverage Report	2026-05-29_14-48-54
A/pelican/Peru/AISA0464/2022	B3.2	PB2:am2.1, PB1:am1.2, NS:am1.1, MP:ea1, HA:ea1, NP:am1.4.1, NA:ea1, PA:ea1	am2.1:22-009329-001:PB2, am1.2:22-010085-001:PB1, am1.1:22-010085-001:NS, ea1:22-003707-003:MP, ea1:22-003707-003:HA, am1.4.1:22-009329-001:NP, ea1:22-003707-003:NA, ea1:22-003707-003:PA	99.47%, 99.47%, 99.40%, 99.29%, 99.30%, 99.27%, 99.50%, 99.77%	12, 6, 5, 7, 12, 11, 7, 5	Ran on FASTA - No Coverage Report	2026-05-29_14-48-54
A/Mallard/North_Carolina/USDA-004008-002/2022	Minor09	PB2:ea1, PB1:ea1, NS:ea1, MP:ea1, HA:ea1, NP:am1.4.1, NA:ea1, PA:ea1	ea1:22-003707-003:PB2, ea1:22-003707-003:PB1, ea1:22-003707-003:NS, ea1:22-003707-003:MP, ea1:22-003707-003:HA, am1.4.1:22-009329-001:NP, ea1:22-003707-003:NA, ea1:22-003707-003:PA	99.91%, 99.91%, 99.88%, 100.00%, 99.65%, 99.40%, 99.79%, 99.67%	2, 2, 1, 0, 6, 9, 3, 7	Ran on FASTA - No Coverage Report	2026-05-29_14-48-55
A/turkey/North_Carolina/22-010145-002/2022	A1	PB2:ea1, PB1:ea1, NS:ea1, MP:ea1, HA:ea1, NP:ea1, NA:ea1, PA:ea1	ea1:22-003707-003:PB2, ea1:22-003707-003:PB1, ea1:22-003707-003:NS, ea1:22-003707-003:MP, ea1:22-003707-003:HA, ea1:22-003707-003:NP, ea1:22-003707-003:NA, ea1:22-003707-003:PA	99.91%, 99.69%, 99.64%, 100.00%, 99.65%, 99.80%, 99.64%, 99.53%	2, 7, 3, 0, 6, 3, 5, 10	Ran on FASTA - No Coverage Report	2026-05-29_14-48-55
A/snow_goose/Kansas/W22-199A/2022	Not assigned: Only 7 segments >98.0% match found of total 8 segments in input file	PB1:ea1, NS:ea1, MP:ea1, HA:ea1, NP:ea1, NA:ea1, PA:ea1	ea1:22-003707-003:PB2, ea1:22-003707-003:PB1, ea1:22-003707-003:NS, ea1:22-003707-003:MP, ea1:22-003707-003:HA, ea1:22-003707-003:NP, ea1:22-003707-003:NA, ea1:22-003707-003:PA	96.32%, 99.91%, 99.88%, 99.90%, 99.71%, 100.00%, 99.93%, 99.67%	82, 2, 1, 1, 5, 0, 1, 7	Ran on FASTA - No Coverage Report	2026-05-29_14-48-55
A/black_brant/Alaska/22-017953-001/2022	B3.2	PB2:am2.1, PB1:am1.2, NS:am1.1, MP:ea1, HA:ea1, NP:am1.4.1, NA:ea1, PA:ea1	am2.1:22-009329-001:PB2, am1.2:22-010085-001:PB1, am1.1:22-010085-001:NS, ea1:22-003707-003:MP, ea1:22-003707-003:HA, am1.4.1:22-009329-001:NP, ea1:22-003707-003:NA, ea1:22-003707-003:PA	99.78%, 99.69%, 99.88%, 99.69%, 99.47%, 99.87%, 99.64%, 99.77%	5, 7, 1, 3, 9, 2, 5, 5	Ran on FASTA - No Coverage Report	2026-05-29_14-48-55
A/Great_Horned_Owl/Minnesota/USDA-010354-001/2022	B3.2	PB2:am2.1, PB1:am1.2, NS:am1.1, MP:ea1, HA:ea1, NP:am1.4.1, NA:ea1, PA:ea1	am2.1:22-009329-001:PB2, am1.2:22-010085-001:PB1, am1.1:22-010085-001:NS, ea1:22-003707-003:MP, ea1:22-003707-003:HA, am1.4.1:22-009329-001:NP, ea1:22-003707-003:NA, ea1:22-003707-003:PA	99.69%, 99.74%, 99.88%, 99.80%, 99.88%, 99.87%, 99.64%, 99.91%	7, 6, 1, 2, 2, 2, 5, 2	Ran on FASTA - No Coverage Report	2026-05-29_14-48-55
A/chicken/Peru/AIS0550/2022	B3.2	PB2:am2.1, PB1:am1.2, NS:am1.1, MP:ea1, HA:ea1, NP:am1.4.1, NA:ea1, PA:ea1	am2.1:22-009329-001:PB2, am1.2:22-010085-001:PB1, am1.1:22-010085-001:NS, ea1:22-003707-003:MP, ea1:22-003707-003:HA, am1.4.1:22-009329-001:NP, ea1:22-003707-003:NA, ea1:22-003707-003:PA	99.43%, 99.38%, 99.40%, 99.39%, 99.35%, 99.20%, 99.43%, 99.72%	13, 14, 5, 6, 11, 12, 8, 6	Ran on FASTA - No Coverage Report	2026-05-29_14-48-55
A/chicken/Maryland/USDA-006578-013/2022	A1	PB2:ea1, PB1:ea1, NS:ea1, MP:ea1, HA:ea1, NP:ea1, NA:ea1, PA:ea1	ea1:22-003707-003:PB2, ea1:22-003707-003:PB1, ea1:22-003707-003:NS, ea1:22-003707-003:MP, ea1:22-003707-003:HA, ea1:22-003707-003:NP, ea1:22-003707-003:NA, ea1:22-003707-003:PA	99.78%, 99.96%, 99.88%, 100.00%, 99.71%, 99.87%, 99.86%, 99.95%	5, 1, 1, 0, 5, 2, 2, 1	Ran on FASTA - No Coverage Report	2026-05-29_14-48-55
A/chicken/Colorado/22-017549-003-original/2022	A1	PB2:ea1, PB1:ea1, NS:ea1, MP:ea1, HA:ea1, NP:ea1, NA:ea1, PA:ea1	ea1:22-003707-003:PB2, ea1:22-003707-003:PB1, ea1:22-003707-003:NS, ea1:22-003707-003:MP, ea1:22-003707-003:HA, ea1:22-003707-003:NP, ea1:22-003707-003:NA, ea1:22-003707-003:PA	99.74%, 99.87%, 99.88%, 99.80%, 99.59%, 99.67%, 99.79%, 99.67%	6, 3, 1, 2, 7, 5, 3, 7	Ran on FASTA - No Coverage Report	2026-05-29_14-48-55
A/Chicken/Argentina/919-3/2023	B3.2	PB2:am2.1, PB1:am1.2, NS:am1.1, MP:ea1, HA:ea1, NP:am1.4.1, NA:ea1, PA:ea1	am2.1:22-009329-001:PB2, am1.2:22-010085-001:PB1, am1.1:22-010085-001:NS, ea1:22-003707-003:MP, ea1:22-003707-003:HA, am1.4.1:22-009329-001:NP, ea1:22-003707-003:NA, ea1:22-003707-003:PA	99.47%, 98.94%, 99.40%, 99.39%, 99.24%, 99.13%, 99.29%, 99.67%	12, 24, 5, 6, 13, 13, 10, 7	Ran on FASTA - No Coverage Report	2026-05-29_14-48-55
A/red-tailed_hawk/MA/22HP00157/2022	A2	PB2:ea1, PB1:ea2, NS:ea1, MP:ea1, HA:ea2, NP:ea1, NA:ea2, PA:ea1	ea1:22-003707-003:PB2, ea2:22-036180-006:PB1, ea1:22-003707-003:NS, ea1:22-003707-003:MP, ea2:22-008064-001:HA, ea1:22-003707-003:NP, ea2:22-008064-001:NA, ea1:22-003707-003:PA	99.61%, 99.87%, 99.52%, 99.80%, 99.82%, 99.60%, 99.72%, 99.77%	9, 3, 4, 2, 3, 6, 4, 5	Ran on FASTA - No Coverage Report	2026-05-29_14-48-56
A/Ring-necked_Duck/Michigan/USDA-009361-011/2022	B1.1	PB2:am1.1, PB1:am1.1, NS:ea1, MP:ea1, HA:ea1, NP:am1.2, NA:ea1, PA:ea1	am1.1:22-009287-001:PB2, am1.1:22-009287-001:PB1, ea1:22-003707-003:NS, ea1:22-003707-003:MP, ea1:22-003707-003:HA, am1.2:22-009287-001:NP, ea1:22-003707-003:NA, ea1:22-003707-003:PA	99.65%, 99.82%, 99.88%, 100.00%, 99.77%, 99.87%, 99.93%, 99.77%	8, 4, 1, 0, 4, 2, 1, 5	Ran on FASTA - No Coverage Report	2026-05-29_14-48-56
A/mallard/Tennessee/22-024871-005/2022	A1	PB2:ea1, PB1:ea1, NS:ea1, MP:ea1, HA:ea1, NP:ea1, NA:ea1, PA:ea1	ea1:22-003707-003:PB2, ea1:22-003707-003:PB1, ea1:22-003707-003:NS, ea1:22-003707-003:MP, ea1:22-003707-003:HA, ea1:22-003707-003:NP, ea1:22-003707-003:NA, ea1:22-003707-003:PA	99.96%, 100.00%, 100.00%, 100.00%, 99.94%, 100.00%, 99.86%, 100.00%	1, 0, 0, 0, 1, 0, 2, 0	Ran on FASTA - No Coverage Report	2026-05-29_14-48-56
A/Chicken/Argentina/2016-2/2023	B3.2	PB2:am2.1, PB1:am1.2, NS:am1.1, MP:ea1, HA:ea1, NP:am1.4.1, NA:ea1, PA:ea1	am2.1:22-009329-001:PB2, am1.2:22-010085-001:PB1, am1.1:22-010085-001:NS, ea1:22-003707-003:MP, ea1:22-003707-003:HA, am1.4.1:22-009329-001:NP, ea1:22-003707-003:NA, ea1:22-003707-003:PA	99.25%, 99.12%, 99.17%, 99.08%, 99.12%, 99.33%, 99.08%, 99.58%	17, 20, 7, 9, 15, 10, 13, 9	Ran on FASTA - No Coverage Report	2026-05-29_14-48-56
A/Lesser_Snow_Goose_Blue/Iowa/USDA-007679-007/2022	B2.1	PB2:am1.2, PB1:ea1, NS:ea1, MP:ea1, HA:ea1, NP:am1.1, NA:ea1, PA:ea1	am1.2:22-007805-001:PB2, ea1:22-003707-003:PB1, ea1:22-003707-003:NS, ea1:22-003707-003:MP, ea1:22-003707-003:HA, am1.1:22-007805-001:NP, ea1:22-003707-003:NA, ea1:22-003707-003:PA	99.91%, 99.96%, 99.88%, 100.00%, 99.88%, 99.87%, 99.93%, 99.91%	2, 1, 1, 0, 2, 2, 1, 2	Ran on FASTA - No Coverage Report	2026-05-29_14-48-56
A/caspian_tern/Minnesota/22-017940-006/2022	B2.1	PB2:am1.2, PB1:ea1, NS:ea1, MP:ea1, HA:ea1, NP:am1.1, NA:ea1, PA:ea1	am1.2:22-007805-001:PB2, ea1:22-003707-003:PB1, ea1:22-003707-003:NS, ea1:22-003707-003:MP, ea1:22-003707-003:HA, am1.1:22-007805-001:NP, ea1:22-003707-003:NA, ea1:22-003707-003:PA	99.83%, 99.82%, 99.76%, 100.00%, 99.71%, 99.80%, 99.86%, 99.81%	4, 4, 2, 0, 5, 3, 2, 4	Ran on FASTA - No Coverage Report	2026-05-29_14-48-56
A/chicken/Peru/AIS0539/2022	B3.2	PB2:am2.1, PB1:am1.2, NS:am1.1, MP:ea1, HA:ea1, NP:am1.4.1, NA:ea1, PA:ea1	am2.1:22-009329-001:PB2, am1.2:22-010085-001:PB1, am1.1:22-010085-001:NS, ea1:22-003707-003:MP, ea1:22-003707-003:HA, am1.4.1:22-009329-001:NP, ea1:22-003707-003:NA, ea1:22-003707-003:PA	99.52%, 99.30%, 99.28%, 99.39%, 99.30%, 99.33%, 99.29%, 99.81%	11, 16, 6, 6, 12, 10, 10, 4	Ran on FASTA - No Coverage Report	2026-05-29_14-48-56
A/Black_Vulture/Florida/USDA-012633-001/2022	B1.1	PB2:am1.1, PB1:am1.1, NS:ea1, MP:ea1, HA:ea1, NP:am1.2, NA:ea1, PA:ea1	am1.1:22-009287-001:PB2, am1.1:22-009287-001:PB1, ea1:22-003707-003:NS, ea1:22-003707-003:MP, ea1:22-003707-003:HA, am1.2:22-009287-001:NP, ea1:22-003707-003:NA, ea1:22-003707-003:PA	99.87%, 99.82%, 99.64%, 99.80%, 99.65%, 99.87%, 99.79%, 99.77%	3, 4, 3, 2, 6, 2, 3, 5	Ran on FASTA - No Coverage Report	2026-05-29_14-48-56
A/duck/Vermont/22-014784-001/2022	B1.2	PB2:am1.1, PB1:am1.1, NS:ea1, MP:ea1, HA:ea1, NP:am1.2, NA:ea1, PA:am1	am1.1:22-009287-001:PB2, am1.1:22-009287-001:PB1, ea1:22-003707-003:NS, ea1:22-003707-003:MP, ea1:22-003707-003:HA, am1.2:22-009287-001:NP, ea1:22-003707-003:NA, am1:22-008890-001:PA	99.69%, 99.82%, 99.64%, 99.80%, 99.41%, 99.87%, 99.72%, 99.86%	7, 4, 3, 2, 10, 2, 4, 3	Ran on FASTA - No Coverage Report	2026-05-29_14-48-56
A/glaucous_gull/Alaska/22-024502-001/2022	B3.2	PB2:am2.1, PB1:am1.2, NS:am1.1, MP:ea1, HA:ea1, NP:am1.4.1, NA:ea1, PA:ea1	am2.1:22-009329-001:PB2, am1.2:22-010085-001:PB1, am1.1:22-010085-001:NS, ea1:22-003707-003:MP, ea1:22-003707-003:HA, am1.4.1:22-009329-001:NP, ea1:22-003707-003:NA, ea1:22-003707-003:PA	99.78%, 99.69%, 99.88%, 99.80%, 99.41%, 99.73%, 99.57%, 99.86%	5, 7, 1, 2, 10, 4, 6, 3	Ran on FASTA - No Coverage Report	2026-05-29_14-48-56
A/great_black-backed_gull/Massachusetts/22-016611-008/2022	A2	PB2:ea1, PB1:ea2, NS:ea1, MP:ea1, HA:ea2, NP:ea1, NA:ea2, PA:ea1	ea1:22-003707-003:PB2, ea2:22-036180-006:PB1, ea1:22-003707-003:NS, ea1:22-003707-003:MP, ea2:22-008064-001:HA, ea1:22-003707-003:NP, ea2:22-008064-001:NA, ea1:22-003707-003:PA	99.56%, 99.87%, 99.64%, 99.80%, 99.82%, 99.53%, 99.72%, 99.77%	10, 3, 3, 2, 3, 7, 4, 5	Ran on FASTA - No Coverage Report	2026-05-29_14-48-57
A/Black_Vulture/Florida/USDA-007915-010/2022	B1.1	PB2:am1.1, PB1:am1.1, NS:ea1, MP:ea1, HA:ea1, NP:am1.2, NA:ea1, PA:ea1	am1.1:22-009287-001:PB2, am1.1:22-009287-001:PB1, ea1:22-003707-003:NS, ea1:22-003707-003:MP, ea1:22-003707-003:HA, am1.2:22-009287-001:NP, ea1:22-003707-003:NA, ea1:22-003707-003:PA	99.69%, 99.78%, 99.76%, 100.00%, 99.59%, 99.87%, 99.86%, 99.91%	7, 5, 2, 0, 7, 2, 2, 2	Ran on FASTA - No Coverage Report	2026-05-29_14-48-57
A/chicken/Cochabamba/39356/2023	Not assigned: Only 7 segments >98.0% match found of total 8 segments in input file	PB2:am2.1, PB1:am1.2, NS:am1.1, MP:ea1, NP:am1.4.1, NA:ea1, PA:ea1	am2.1:22-009329-001:PB2, am1.2:22-010085-001:PB1, am1.1:22-010085-001:NS, ea1:22-003707-003:MP, ea1:EPI-ISL-20215425:HA, am1.4.1:22-009329-001:NP, ea1:22-003707-003:NA, ea1:22-003707-003:PA	99.34%, 99.16%, 99.28%, 99.29%, 97.92%, 99.13%, 99.22%, 99.30%	15, 19, 6, 7, 37, 13, 11, 15	Ran on FASTA - No Coverage Report	2026-05-29_14-48-57
A/Snowy_Owl/Wisconsin/USDA-010236-001/2022	A1	PB2:ea1, PB1:ea1, NS:ea1, MP:ea1, HA:ea1, NP:ea1, NA:ea1, PA:ea1	ea1:22-003707-003:PB2, ea1:22-003707-003:PB1, ea1:22-003707-003:NS, ea1:22-003707-003:MP, ea1:22-003707-003:HA, ea1:22-003707-003:NP, ea1:22-003707-003:NA, ea1:22-003707-003:PA	99.96%, 99.78%, 99.88%, 100.00%, 99.82%, 99.93%, 99.86%, 99.91%	1, 5, 1, 0, 3, 1, 2, 2	Ran on FASTA - No Coverage Report	2026-05-29_14-48-57
A/hooded_merganser/Minnesota/22-013435-001/2022	A1	PB2:ea1, PB1:ea1, NS:ea1, MP:ea1, HA:ea1, NP:ea1, NA:ea1, PA:ea1	ea1:22-003707-003:PB2, ea1:22-003707-003:PB1, ea1:22-003707-003:NS, ea1:22-003707-003:MP, ea1:22-003707-003:HA, ea1:22-003707-003:NP, ea1:22-003707-003:NA, ea1:22-003707-003:PA	99.78%, 99.87%, 99.76%, 99.90%, 99.65%, 99.87%, 99.79%, 99.81%	5, 3, 2, 1, 6, 2, 3, 4	Ran on FASTA - No Coverage Report	2026-05-29_14-48-57
A/Hooded_Merganser/Missouri/USDA-007184-001/2022	A1	PB2:ea1, PB1:ea1, NS:ea1, MP:ea1, HA:ea1, NP:ea1, NA:ea1, PA:ea1	ea1:22-003707-003:PB2, ea1:22-003707-003:PB1, ea1:22-003707-003:NS, ea1:22-003707-003:MP, ea1:22-003707-003:HA, ea1:22-003707-003:NP, ea1:22-003707-003:NA, ea1:22-003707-003:PA	100.00%, 99.96%, 100.00%, 99.90%, 99.82%, 100.00%, 99.72%, 99.95%	0, 1, 0, 1, 3, 0, 4, 1	Ran on FASTA - No Coverage Report	2026-05-29_14-48-57
A/bald_eagle/Michigan/22-015054-004/2022	B2.1	PB2:am1.2, PB1:ea1, NS:ea1, MP:ea1, HA:ea1, NP:am1.1, NA:ea1, PA:ea1	am1.2:22-007805-001:PB2, ea1:22-003707-003:PB1, ea1:22-003707-003:NS, ea1:22-003707-003:MP, ea1:22-003707-003:HA, am1.1:22-007805-001:NP, ea1:22-003707-003:NA, ea1:22-003707-003:PA	99.83%, 99.82%, 99.76%, 99.90%, 99.82%, 99.87%, 99.86%, 99.91%	4, 4, 2, 1, 3, 2, 2, 2	Ran on FASTA - No Coverage Report	2026-05-29_14-48-57
A/turkey/South_Dakota/USDA-010138-001/2022	B2.1	PB2:am1.2, PB1:ea1, NS:ea1, MP:ea1, HA:ea1, NP:am1.1, NA:ea1, PA:ea1	am1.2:22-007805-001:PB2, ea1:22-003707-003:PB1, ea1:22-003707-003:NS, ea1:22-003707-003:MP, ea1:22-003707-003:HA, am1.1:22-007805-001:NP, ea1:22-003707-003:NA, ea1:22-003707-003:PA	99.91%, 99.91%, 99.88%, 100.00%, 99.82%, 99.87%, 99.79%, 99.95%	2, 2, 1, 0, 3, 2, 3, 1	Ran on FASTA - No Coverage Report	2026-05-29_14-48-58
A/raven/Washington/22-016061-001/2022	B4.1	PB2:am2.2, PB1:ea1, NS:ea1, MP:ea1, HA:ea1, NP:am1.3, NA:ea1, PA:ea1	am2.2:22-010445-001:PB2, ea1:22-003707-003:PB1, ea1:22-003707-003:NS, ea1:22-003707-003:MP, ea1:22-003707-003:HA, am1.3:22-010445-001:NP, ea1:22-003707-003:NA, ea1:22-003707-003:PA	99.91%, 99.87%, 99.52%, 100.00%, 99.71%, 99.87%, 99.64%, 99.72%	2, 3, 4, 0, 5, 2, 5, 6	Ran on FASTA - No Coverage Report	2026-05-29_14-48-58
A/Great_Horned_Owl/New_York/USDA-012662-001/2022	B1.2	PB2:am1.1, PB1:am1.1, NS:ea1, MP:ea1, HA:ea1, NP:am1.2, NA:ea1, PA:am1	am1.1:22-009287-001:PB2, am1.1:22-009287-001:PB1, ea1:22-003707-003:NS, ea1:22-003707-003:MP, ea1:22-003707-003:HA, am1.2:22-009287-001:NP, ea1:22-003707-003:NA, am1:22-008890-001:PA	99.78%, 99.65%, 99.76%, 99.69%, 99.41%, 99.87%, 99.72%, 99.86%	5, 8, 2, 3, 10, 2, 4, 3	Ran on FASTA - No Coverage Report	2026-05-29_14-48-58
A/canada_goose/Colorado/22-015799-001/2022	B1.1	PB2:am1.1, PB1:am1.1, NS:ea1, MP:ea1, HA:ea1, NP:am1.2, NA:ea1, PA:ea1	am1.1:22-009287-001:PB2, am1.1:22-009287-001:PB1, ea1:22-003707-003:NS, ea1:22-003707-003:MP, ea1:22-003707-003:HA, am1.2:22-009287-001:NP, ea1:22-003707-003:NA, ea1:22-003707-003:PA	99.65%, 99.78%, 99.88%, 99.69%, 99.65%, 99.67%, 99.72%, 99.67%	8, 5, 1, 3, 6, 5, 4, 7	Ran on FASTA - No Coverage Report	2026-05-29_14-48-58
A/black_vulture/Florida/22-023567-003/2022	B1.1	PB2:am1.1, PB1:am1.1, NS:ea1, MP:ea1, HA:ea1, NP:am1.2, NA:ea1, PA:ea1	am1.1:22-009287-001:PB2, am1.1:22-009287-001:PB1, ea1:22-003707-003:NS, ea1:22-003707-003:MP, ea1:22-003707-003:HA, am1.2:22-009287-001:NP, ea1:22-003707-003:NA, ea1:22-003707-003:PA	99.65%, 99.78%, 99.88%, 99.80%, 99.59%, 99.73%, 99.50%, 99.44%	8, 5, 1, 2, 7, 4, 7, 12	Ran on FASTA - No Coverage Report	2026-05-29_14-48-58
A/Gallus_gallus/Sao_Paulo/2000-N2/2025	Not assigned: Only 5 segments >98.0% match found of total 8 segments in input file	NS:am1.1, MP:ea1, HA:ea1, NA:ea1, PA:ea1	am7:22-035442-001:PB2, am12:23-004320-002:PB1, am1.1:22-010085-001:NS, ea1:22-003707-003:MP, ea1:24-009110-019:HA, am5:23-013078-002:NP, ea1:24-009110-019:NA, ea1:22-003707-003:PA	90.22%, 96.13%, 98.57%, 98.06%, 98.65%, 92.52%, 98.94%, 98.93%	221, 88, 12, 19, 23, 112, 15, 23	Ran on FASTA - No Coverage Report	2026-05-29_14-48-58
A/Humboldt_penguin/Coquimbo/239590/2023	Not assigned: Only 7 segments >98.0% match found of total 8 segments in input file	PB2:am2.1, NS:am1.1, MP:ea1, HA:ea1, NP:am1.4.1, NA:ea1, PA:ea1	am2.1:22-009329-001:PB2, am1.2:22-010085-001:PB1, am1.1:22-010085-001:NS, ea1:22-003707-003:MP, ea1:22-003707-003:HA, am1.4.1:22-009329-001:NP, ea1:22-003707-003:NA, ea1:22-003707-003:PA	99.39%, 90.16%, 99.05%, 99.39%, 99.18%, 99.13%, 99.43%, 99.58%	14, 142, 8, 6, 14, 13, 8, 9	Ran on FASTA - No Coverage Report	2026-05-29_14-48-58
A/guanay_cormorant/Peru/CAL-INS-009/2023	B3.2	PB2:am2.1, PB1:am1.2, NS:am1.1, MP:ea1, HA:ea1, NP:am1.4.1, NA:ea1, PA:ea1	am2.1:22-009329-001:PB2, am1.2:22-010085-001:PB1, am1.1:22-010085-001:NS, ea1:22-003707-003:MP, ea1:22-003707-003:HA, am1.4.1:22-009329-001:NP, ea1:22-003707-003:NA, ea1:22-003707-003:PA	99.43%, 99.30%, 99.11%, 99.29%, 99.30%, 99.27%, 99.29%, 99.58%	13, 16, 7, 7, 12, 11, 10, 9	Ran on FASTA - No Coverage Report	2026-05-29_14-48-59
A/chicken/Maine/22-020042-002-original/2022	A2	PB2:ea1, PB1:ea2, NS:ea1, MP:ea1, HA:ea2, NP:ea1, NA:ea2, PA:ea1	ea1:22-003707-003:PB2, ea2:22-036180-006:PB1, ea1:22-003707-003:NS, ea1:22-003707-003:MP, ea2:22-008064-001:HA, ea1:22-003707-003:NP, ea2:22-008064-001:NA, ea1:22-003707-003:PA	99.52%, 99.91%, 99.40%, 99.80%, 99.71%, 99.47%, 99.57%, 99.63%	11, 2, 5, 2, 5, 8, 6, 8	Ran on FASTA - No Coverage Report	2026-05-29_14-48-59
A/american_wood_stork/Florida/22-018930-001/2022	B1.2	PB2:am1.1, PB1:am1.1, NS:ea1, MP:ea1, HA:ea1, NP:am1.2, NA:ea1, PA:am1	am1.1:22-009287-001:PB2, am1.1:22-009287-001:PB1, ea1:22-003707-003:NS, ea1:22-003707-003:MP, ea1:22-003707-003:HA, am1.2:22-009287-001:NP, ea1:22-003707-003:NA, am1:22-008890-001:PA	99.61%, 99.56%, 99.40%, 99.90%, 99.71%, 99.67%, 99.50%, 99.72%	9, 10, 5, 1, 5, 5, 7, 6	Ran on FASTA - No Coverage Report	2026-05-29_14-48-59
A/Snow_Goose/Missouri/USDA-006328-015/2022	A1	PB2:ea1, PB1:ea1, NS:ea1, MP:ea1, HA:ea1, NP:ea1, NA:ea1, PA:ea1	ea1:22-003707-003:PB2, ea1:22-003707-003:PB1, ea1:22-003707-003:NS, ea1:22-003707-003:MP, ea1:22-003707-003:HA, ea1:22-003707-003:NP, ea1:22-003707-003:NA, ea1:22-003707-003:PA	99.83%, 99.87%, 99.88%, 100.00%, 99.88%, 99.87%, 99.86%, 99.95%	4, 3, 1, 0, 2, 2, 2, 1	Ran on FASTA - No Coverage Report	2026-05-29_14-48-59
A/Hooded_Merganser/Wisconsin/USDA-011814-001/2022	B2.1	PB2:am1.2, PB1:ea1, NS:ea1, MP:ea1, HA:ea1, NP:am1.1, NA:ea1, PA:ea1	am1.2:22-007805-001:PB2, ea1:22-003707-003:PB1, ea1:22-003707-003:NS, ea1:22-003707-003:MP, ea1:22-003707-003:HA, am1.1:22-007805-001:NP, ea1:22-003707-003:NA, ea1:22-003707-003:PA	99.91%, 99.91%, 99.88%, 100.00%, 99.88%, 100.00%, 99.93%, 99.81%	2, 2, 1, 0, 2, 0, 1, 4	Ran on FASTA - No Coverage Report	2026-05-29_14-48-59
A/Numida_meleagris/RiodeJaneiroBR/2148-N/2025	Not assigned: Only 5 segments >98.0% match found of total 8 segments in input file	NS:am1.1, MP:ea1, HA:ea1, NA:ea1, PA:ea1	am7:22-035442-001:PB2, am12:23-004320-002:PB1, am1.1:22-010085-001:NS, ea1:22-003707-003:MP, ea1:24-009110-019:HA, am5:23-013078-002:NP, ea1:24-009110-019:NA, ea1:22-003707-003:PA	90.18%, 96.17%, 98.57%, 98.06%, 98.65%, 92.58%, 98.94%, 98.70%	222, 87, 12, 19, 23, 111, 15, 28	Ran on FASTA - No Coverage Report	2026-05-29_14-48-59
A/backyard_chicken/Uruguay/UDELAR-047-M1/2023	B3.2	PB2:am2.1, PB1:am1.2, NS:am1.1, MP:ea1, HA:ea1, NP:am1.4.1, NA:ea1, PA:ea1	am2.1:22-009329-001:PB2, am1.2:22-010085-001:PB1, am1.1:22-010085-001:NS, ea1:22-003707-003:MP, ea1:22-003707-003:HA, am1.4.1:22-009329-001:NP, ea1:22-003707-003:NA, ea1:22-003707-003:PA	99.43%, 99.16%, 98.81%, 99.19%, 99.24%, 99.13%, 99.29%, 99.72%	13, 19, 10, 8, 13, 13, 10, 6	Ran on FASTA - No Coverage Report	2026-05-29_14-48-59
A/turkey/Minnesota/USDA-011787-001/2022	B2.1	PB2:am1.2, PB1:ea1, NS:ea1, MP:ea1, HA:ea1, NP:am1.1, NA:ea1, PA:ea1	am1.2:22-007805-001:PB2, ea1:22-003707-003:PB1, ea1:22-003707-003:NS, ea1:22-003707-003:MP, ea1:22-003707-003:HA, am1.1:22-007805-001:NP, ea1:22-003707-003:NA, ea1:22-003707-003:PA	99.87%, 99.87%, 99.76%, 99.90%, 99.71%, 100.00%, 99.93%, 99.77%	3, 3, 2, 1, 5, 0, 1, 5	Ran on FASTA - No Coverage Report	2026-05-29_14-49-00
A/Mallard/New_Hampshire/USDA-003417-032/2022	A1	PB2:ea1, PB1:ea1, NS:ea1, MP:ea1, HA:ea1, NP:ea1, NA:ea1, PA:ea1	ea1:22-003707-003:PB2, ea1:22-003707-003:PB1, ea1:22-003707-003:NS, ea1:22-003707-003:MP, ea1:22-003707-003:HA, ea1:22-003707-003:NP, ea1:22-003707-003:NA, ea1:22-003707-003:PA	99.74%, 99.65%, 99.76%, 99.90%, 99.59%, 99.80%, 99.79%, 99.81%	6, 8, 2, 1, 7, 3, 3, 4	Ran on FASTA - No Coverage Report	2026-05-29_14-49-00
A/Peruvean_booby/Valparaiso/238535/2023	B3.2	PB2:am2.1, PB1:am1.2, NS:am1.1, MP:ea1, HA:ea1, NP:am1.4.1, NA:ea1, PA:ea1	am2.1:22-009329-001:PB2, am1.2:22-010085-001:PB1, am1.1:22-010085-001:NS, ea1:22-003707-003:MP, ea1:22-003707-003:HA, am1.4.1:22-009329-001:NP, ea1:22-003707-003:NA, ea1:22-003707-003:PA	99.47%, 99.25%, 99.05%, 99.49%, 99.24%, 99.27%, 99.15%, 99.40%	12, 17, 8, 5, 13, 11, 12, 13	Ran on FASTA - No Coverage Report	2026-05-29_14-49-00
A/peruvian_booby/Peru/CAL-INS-007/2023	B3.2	PB2:am2.1, PB1:am1.2, NS:am1.1, MP:ea1, HA:ea1, NP:am1.4.1, NA:ea1, PA:ea1	am2.1:22-009329-001:PB2, am1.2:22-010085-001:PB1, am1.1:22-010085-001:NS, ea1:22-003707-003:MP, ea1:22-003707-003:HA, am1.4.1:22-009329-001:NP, ea1:22-003707-003:NA, ea1:22-003707-003:PA	99.39%, 99.30%, 99.36%, 99.39%, 99.24%, 99.27%, 99.43%, 99.49%	14, 16, 5, 6, 13, 11, 8, 11	Ran on FASTA - No Coverage Report	2026-05-29_14-49-00
A/turkey/Indiana/22-005289-002/2022	A1	PB2:ea1, PB1:ea1, NS:ea1, MP:ea1, HA:ea1, NP:ea1, NA:ea1, PA:ea1	ea1:22-003707-003:PB2, ea1:22-003707-003:PB1, ea1:22-003707-003:NS, ea1:22-003707-003:MP, ea1:22-003707-003:HA, ea1:22-003707-003:NP, ea1:22-003707-003:NA, ea1:22-003707-003:PA	100.00%, 99.96%, 100.00%, 100.00%, 99.88%, 99.93%, 99.93%, 99.91%	0, 1, 0, 0, 2, 1, 1, 2	Ran on FASTA - No Coverage Report	2026-05-29_14-49-00
A/Elegant_tern/Arica_y_Parinacota/229476-1/2022	B3.2	PB2:am2.1, PB1:am1.2, NS:am1.1, MP:ea1, HA:ea1, NP:am1.4.1, NA:ea1, PA:ea1	am2.1:22-009329-001:PB2, am1.2:22-010085-001:PB1, am1.1:22-010085-001:NS, ea1:22-003707-003:MP, ea1:22-003707-003:HA, am1.4.1:22-009329-001:NP, ea1:22-003707-003:NA, ea1:22-003707-003:PA	99.47%, 99.34%, 99.28%, 99.49%, 99.18%, 99.20%, 99.50%, 99.63%	12, 15, 6, 5, 14, 12, 7, 8	Ran on FASTA - No Coverage Report	2026-05-29_14-49-00
A/chicken/Chile/260690-9/2023	Not assigned: Only 7 segments >98.0% match found of total 8 segments in input file	PB2:am2.1, PB1:am1.2, NS:am1.1, MP:ea1, NP:am1.4.1, NA:ea1, PA:ea1	am2.1:22-009329-001:PB2, am1.2:22-010085-001:PB1, am1.1:22-010085-001:NS, ea1:22-003707-003:MP, ea1:EPI-ISL-20215425:HA, am1.4.1:22-009329-001:NP, ea1:22-003707-003:NA, ea1:22-003707-003:PA	99.34%, 99.21%, 98.69%, 99.39%, 97.75%, 99.13%, 99.43%, 99.49%	15, 18, 11, 6, 40, 13, 8, 11	Ran on FASTA - No Coverage Report	2026-05-29_14-49-00
A/red_tailed_hawk/North_Dakota/22-015578-001/2022	B2.1	PB2:am1.2, PB1:ea1, NS:ea1, MP:ea1, HA:ea1, NP:am1.1, NA:ea1, PA:ea1	am1.2:22-007805-001:PB2, ea1:22-003707-003:PB1, ea1:22-003707-003:NS, ea1:22-003707-003:MP, ea1:22-003707-003:HA, am1.1:22-007805-001:NP, ea1:22-003707-003:NA, ea1:22-003707-003:PA	99.83%, 99.87%, 99.88%, 99.90%, 99.82%, 99.80%, 99.93%, 99.91%	4, 3, 1, 1, 3, 3, 1, 2	Ran on FASTA - No Coverage Report	2026-05-29_14-49-01
A/Peruvian_booby/Atacama/230579-1/2023	B3.2	PB2:am2.1, PB1:am1.2, NS:am1.1, MP:ea1, HA:ea1, NP:am1.4.1, NA:ea1, PA:ea1	am2.1:22-009329-001:PB2, am1.2:22-010085-001:PB1, am1.1:22-010085-001:NS, ea1:22-003707-003:MP, ea1:22-003707-003:HA, am1.4.1:22-009329-001:NP, ea1:22-003707-003:NA, ea1:22-003707-003:PA	99.43%, 99.34%, 99.28%, 99.39%, 99.12%, 99.06%, 99.50%, 99.63%	13, 15, 6, 6, 15, 14, 7, 8	Ran on FASTA - No Coverage Report	2026-05-29_14-49-01
A/Gray_gull/Tarapaca/232825-1/2023	B3.2	PB2:am2.1, PB1:am1.2, NS:am1.1, MP:ea1, HA:ea1, NP:am1.4.1, NA:ea1, PA:ea1	am2.1:22-009329-001:PB2, am1.2:22-010085-001:PB1, am1.1:22-010085-001:NS, ea1:22-003707-003:MP, ea1:22-003707-003:HA, am1.4.1:22-009329-001:NP, ea1:22-003707-003:NA, ea1:22-003707-003:PA	99.52%, 99.30%, 98.93%, 99.49%, 99.24%, 99.27%, 99.08%, 99.53%	11, 16, 9, 5, 13, 11, 13, 10	Ran on FASTA - No Coverage Report	2026-05-29_14-49-01
A/Pelecanus_occidentalis/Venezuela/Inf13/2022	B2.2	PB2:am1.2, PB1:ea1, NS:am1.2, MP:ea1, HA:ea1, NP:am1.1, NA:ea1, PA:ea1	am1.2:22-007805-001:PB2, ea1:22-003707-003:PB1, am1.2:22-010668-001:NS, ea1:22-003707-003:MP, ea1:22-003707-003:HA, am1.1:22-007805-001:NP, ea1:22-003707-003:NA, ea1:22-003707-003:PA	99.41%, 99.65%, 99.52%, 99.69%, 99.53%, 99.67%, 99.42%, 99.48%	13, 8, 4, 3, 8, 5, 8, 11	Ran on FASTA - No Coverage Report	2026-05-29_14-49-01
A/Ross's_Goose/North_Dakota/USDA-010663-020/2022	B2.1	PB2:am1.2, PB1:ea1, NS:ea1, MP:ea1, HA:ea1, NP:am1.1, NA:ea1, PA:ea1	am1.2:22-007805-001:PB2, ea1:22-003707-003:PB1, ea1:22-003707-003:NS, ea1:22-003707-003:MP, ea1:22-003707-003:HA, am1.1:22-007805-001:NP, ea1:22-003707-003:NA, ea1:22-003707-003:PA	99.96%, 99.87%, 99.88%, 99.90%, 99.82%, 99.87%, 99.72%, 99.91%	1, 3, 1, 1, 3, 2, 4, 2	Ran on FASTA - No Coverage Report	2026-05-29_14-49-01
A/chicken/Delaware/22-005260-003/2022	A1	PB2:ea1, PB1:ea1, NS:ea1, MP:ea1, HA:ea1, NP:ea1, NA:ea1, PA:ea1	ea1:22-003707-003:PB2, ea1:22-003707-003:PB1, ea1:22-003707-003:NS, ea1:22-003707-003:MP, ea1:22-003707-003:HA, ea1:22-003707-003:NP, ea1:22-003707-003:NA, ea1:22-003707-003:PA	99.78%, 99.96%, 99.88%, 100.00%, 99.71%, 99.87%, 99.86%, 99.95%	5, 1, 1, 0, 5, 2, 2, 1	Ran on FASTA - No Coverage Report	2026-05-29_14-49-01
A/chicken/Peru/AIS0549/2022	B3.2	PB2:am2.1, PB1:am1.2, NS:am1.1, MP:ea1, HA:ea1, NP:am1.4.1, NA:ea1, PA:ea1	am2.1:22-009329-001:PB2, am1.2:22-010085-001:PB1, am1.1:22-010085-001:NS, ea1:22-003707-003:MP, ea1:22-003707-003:HA, am1.4.1:22-009329-001:NP, ea1:22-003707-003:NA, ea1:22-003707-003:PA	99.56%, 99.34%, 99.40%, 99.39%, 99.18%, 99.27%, 99.36%, 99.67%	10, 15, 5, 6, 14, 11, 9, 7	Ran on FASTA - No Coverage Report	2026-05-29_14-49-01
A/chicken/Chile/255504/2023	Not assigned: Only 7 segments >98.0% match found of total 8 segments in input file	PB2:am2.1, PB1:am1.2, NS:am1.1, MP:ea1, NP:am1.4.1, NA:ea1, PA:ea1	am2.1:22-009329-001:PB2, am1.2:22-010085-001:PB1, am1.1:22-010085-001:NS, ea1:22-003707-003:MP, ea1:EPI-ISL-20215425:HA, am1.4.1:22-009329-001:NP, ea1:22-003707-003:NA, ea1:22-003707-003:PA	99.12%, 99.12%, 99.28%, 99.39%, 97.80%, 99.00%, 99.22%, 99.35%	20, 20, 6, 6, 39, 15, 11, 14	Ran on FASTA - No Coverage Report	2026-05-29_14-49-02
A/turkey/Minnesota/22-010991-002/2022	B2.1	PB2:am1.2, PB1:ea1, NS:ea1, MP:ea1, HA:ea1, NP:am1.1, NA:ea1, PA:ea1	am1.2:22-007805-001:PB2, ea1:22-003707-003:PB1, ea1:22-003707-003:NS, ea1:22-003707-003:MP, ea1:22-003707-003:HA, am1.1:22-007805-001:NP, ea1:22-003707-003:NA, ea1:22-003707-003:PA	99.83%, 99.91%, 99.88%, 99.90%, 99.82%, 99.93%, 99.93%, 99.81%	4, 2, 1, 1, 3, 1, 1, 4	Ran on FASTA - No Coverage Report	2026-05-29_14-49-02
A/Chicken/Argentina/3657-2/2023	B3.2	PB2:am2.1, PB1:am1.2, NS:am1.1, MP:ea1, HA:ea1, NP:am1.4.1, NA:ea1, PA:ea1	am2.1:22-009329-001:PB2, am1.2:22-010085-001:PB1, am1.1:22-010085-001:NS, ea1:22-003707-003:MP, ea1:22-003707-003:HA, am1.4.1:22-009329-001:NP, ea1:22-003707-003:NA, ea1:22-003707-003:PA	99.03%, 98.94%, 98.69%, 99.08%, 98.77%, 99.00%, 98.72%, 99.26%	22, 24, 11, 9, 21, 15, 18, 16	Ran on FASTA - No Coverage Report	2026-05-29_14-49-02
A/South_American_tern/Argentina/CH-PD037/2023	B3.2	PB2:am2.1, PB1:am1.2, NS:am1.1, MP:ea1, HA:ea1, NP:am1.4.1, NA:ea1, PA:ea1	am2.1:22-009329-001:PB2, am1.2:22-010085-001:PB1, am1.1:22-010085-001:NS, ea1:22-003707-003:MP, ea1:22-003707-003:HA, am1.4.1:22-009329-001:NP, ea1:22-003707-003:NA, ea1:22-003707-003:PA	99.47%, 99.16%, 98.81%, 99.18%, 99.12%, 99.00%, 99.50%, 99.40%	12, 19, 10, 8, 15, 15, 7, 13	Ran on FASTA - No Coverage Report	2026-05-29_14-49-02
A/black-necked_swan/Uruguay/UDELAR-078-M2/2023	B3.2	PB2:am2.1, PB1:am1.2, NS:am1.1, MP:ea1, HA:ea1, NP:am1.4.1, NA:ea1, PA:ea1	am2.1:22-009329-001:PB2, am1.2:22-010085-001:PB1, am1.1:22-010085-001:NS, ea1:22-003707-003:MP, ea1:22-003707-003:HA, am1.4.1:22-009329-001:NP, ea1:22-003707-003:NA, ea1:22-003707-003:PA	99.21%, 99.21%, 99.40%, 99.39%, 99.18%, 99.06%, 99.29%, 99.58%	18, 18, 5, 6, 14, 14, 10, 9	Ran on FASTA - No Coverage Report	2026-05-29_14-49-02
A/chicken/Peru/23-005607-003/2022	B3.2	PB2:am2.1, PB1:am1.2, NS:am1.1, MP:ea1, HA:ea1, NP:am1.4.1, NA:ea1, PA:ea1	am2.1:22-009329-001:PB2, am1.2:22-010085-001:PB1, am1.1:22-010085-001:NS, ea1:22-003707-003:MP, ea1:22-003707-003:HA, am1.4.1:22-009329-001:NP, ea1:22-003707-003:NA, ea1:22-003707-003:PA	99.47%, 99.25%, 99.17%, 99.39%, 99.24%, 99.27%, 99.29%, 99.77%	12, 17, 7, 6, 13, 11, 10, 5	Ran on FASTA - No Coverage Report	2026-05-29_14-49-02
A/American_Wigeon/North_Carolina/USDA-001672-009/2022	A1	PB2:ea1, PB1:ea1, NS:ea1, MP:ea1, HA:ea1, NP:ea1, NA:ea1, PA:ea1	ea1:22-003707-003:PB2, ea1:22-003707-003:PB1, ea1:22-003707-003:NS, ea1:22-003707-003:MP, ea1:22-003707-003:HA, ea1:22-003707-003:NP, ea1:22-003707-003:NA, ea1:22-003707-003:PA	99.78%, 100.00%, 99.88%, 100.00%, 99.82%, 99.93%, 99.86%, 99.91%	5, 0, 1, 0, 3, 1, 2, 2	Ran on FASTA - No Coverage Report	2026-05-29_14-49-02
A/bald_eagle/Minnesota/22-029130-001/2022	B1.3	PB2:am1.3, PB1:am1.3, NS:ea1, MP:ea1, HA:ea1, NP:am1.2, NA:ea1, PA:am1.2	am1.3:23-003733-001:PB2, am1.3:23-003733-001:PB1, ea1:22-003707-003:NS, ea1:22-003707-003:MP, ea1:22-003707-003:HA, am1.2:22-009287-001:NP, ea1:22-003707-003:NA, am1.2:23-003733-001:PA	99.52%, 99.47%, 99.52%, 99.49%, 99.30%, 99.67%, 99.29%, 99.53%	11, 12, 4, 5, 12, 5, 10, 10	Ran on FASTA - No Coverage Report	2026-05-29_14-49-02
A/Furnarius_rufus/MontenegroBR/1355-N/2025	Not assigned: Only 3 segments >98.0% match found of total 8 segments in input file	MP:ea1, NP:am1.1, NA:ea1	am2.1:22-009329-001:PB2, am1.2:22-010085-001:PB1, am1.1:22-010085-001:NS, ea1:22-003707-003:MP, ea1:EPI-ISL-20215425:HA, am1.1:22-007805-001:NP, ea1:22-003707-003:NA, ea1:EPI-ISL-20215425:PA	92.37%, 89.81%, 90.33%, 98.57%, 97.07%, 98.20%, 98.16%, 89.57%	172, 226, 81, 14, 52, 27, 26, 233	Ran on FASTA - No Coverage Report	2026-05-29_14-49-03
A/turkey/Indiana/USDA-005289-001/2022	A1	PB2:ea1, PB1:ea1, NS:ea1, MP:ea1, HA:ea1, NP:ea1, NA:ea1, PA:ea1	ea1:22-003707-003:PB2, ea1:22-003707-003:PB1, ea1:22-003707-003:NS, ea1:22-003707-003:MP, ea1:22-003707-003:HA, ea1:22-003707-003:NP, ea1:22-003707-003:NA, ea1:22-003707-003:PA	100.00%, 99.96%, 100.00%, 100.00%, 99.88%, 99.93%, 99.93%, 99.91%	0, 1, 0, 0, 2, 1, 1, 2	Ran on FASTA - No Coverage Report	2026-05-29_14-49-03
A/chicken/Chile/241252-1/2023	Not assigned: Only 7 segments >98.0% match found of total 8 segments in input file	PB2:am2.1, PB1:am1.2, NS:am1.1, MP:ea1, NP:am1.4.1, NA:ea1, PA:ea1	am2.1:22-009329-001:PB2, am1.2:22-010085-001:PB1, am1.1:22-010085-001:NS, ea1:22-003707-003:MP, ea1:EPI-ISL-20215425:HA, am1.4.1:22-009329-001:NP, ea1:22-003707-003:NA, ea1:22-003707-003:PA	99.39%, 99.21%, 99.40%, 99.29%, 97.97%, 99.13%, 99.29%, 99.58%	14, 18, 5, 7, 36, 13, 10, 9	Ran on FASTA - No Coverage Report	2026-05-29_14-49-03
A/Mallard/New_Hampshire/USDA-003417-039/2022	A1	PB2:ea1, PB1:ea1, NS:ea1, MP:ea1, HA:ea1, NP:ea1, NA:ea1, PA:ea1	ea1:22-003707-003:PB2, ea1:22-003707-003:PB1, ea1:22-003707-003:NS, ea1:22-003707-003:MP, ea1:22-003707-003:HA, ea1:22-003707-003:NP, ea1:22-003707-003:NA, ea1:22-003707-003:PA	99.78%, 99.82%, 99.76%, 100.00%, 99.59%, 99.87%, 99.86%, 99.63%	5, 4, 2, 0, 7, 2, 2, 8	Ran on FASTA - No Coverage Report	2026-05-29_14-49-03
A/chicken/Peru/LIM-INS-003/2022	B3.2	PB2:am2.1, PB1:am1.2, NS:am1.1, MP:ea1, HA:ea1, NP:am1.4.1, NA:ea1, PA:ea1	am2.1:EPI-ISL-20215425:PB2, am1.2:22-010085-001:PB1, am1.1:22-010085-001:NS, ea1:22-003707-003:MP, ea1:22-003707-003:HA, am1.4.1:22-009329-001:NP, ea1:22-003707-003:NA, ea1:22-003707-003:PA	98.28%, 99.42%, 99.40%, 99.49%, 99.18%, 99.27%, 99.50%, 99.77%	7, 8, 5, 5, 14, 11, 7, 5	Ran on FASTA - No Coverage Report	2026-05-29_14-49-03
A/common_tern/Maine/22-022526-010/2022	A2	PB2:ea1, PB1:ea2, NS:ea1, MP:ea1, HA:ea2, NP:ea1, NA:ea2, PA:ea1	ea1:22-003707-003:PB2, ea2:22-036180-006:PB1, ea1:22-003707-003:NS, ea1:22-003707-003:MP, ea2:22-008064-001:HA, ea1:22-003707-003:NP, ea2:22-008064-001:NA, ea1:22-003707-003:PA	99.56%, 99.87%, 99.05%, 99.80%, 99.71%, 99.47%, 99.57%, 99.67%	10, 3, 8, 2, 5, 8, 6, 7	Ran on FASTA - No Coverage Report	2026-05-29_14-49-03
A/Cygnus_atratus/MateusLemeBR/1369-T/2025	Not assigned: Only 5 segments >98.0% match found of total 8 segments in input file	NS:am1.1, MP:ea1, HA:ea1, NA:ea1, PA:ea1	am7:22-035442-001:PB2, am12:23-004320-002:PB1, am1.1:22-010085-001:NS, ea1:22-003707-003:MP, ea1:24-009110-019:HA, am5:23-013078-002:NP, ea1:24-009110-019:NA, ea1:22-003707-003:PA	90.27%, 96.17%, 98.69%, 98.27%, 98.71%, 92.58%, 98.94%, 99.02%	220, 87, 11, 17, 22, 111, 15, 21	Ran on FASTA - No Coverage Report	2026-05-29_14-49-03
A/American_Crow/North_Dakota/USDA-011564-004/2022	B3.1	PB2:am2.1, PB1:ea1, NS:ea1, MP:ea1, HA:ea1, NP:am1.4.1, NA:ea1, PA:ea1	am2.1:22-009329-001:PB2, ea1:22-003707-003:PB1, ea1:22-003707-003:NS, ea1:22-003707-003:MP, ea1:22-003707-003:HA, am1.4.1:22-009329-001:NP, ea1:22-003707-003:NA, ea1:22-003707-003:PA	99.83%, 99.82%, 99.76%, 99.80%, 99.82%, 100.00%, 99.93%, 99.86%	4, 4, 2, 2, 3, 0, 1, 3	Ran on FASTA - No Coverage Report	2026-05-29_14-49-04
A/Ross's_Goose/Missouri/USDA-006328-019/2022	A1	PB2:ea1, PB1:ea1, NS:ea1, MP:ea1, HA:ea1, NP:ea1, NA:ea1, PA:ea1	ea1:22-003707-003:PB2, ea1:22-003707-003:PB1, ea1:22-003707-003:NS, ea1:22-003707-003:MP, ea1:22-003707-003:HA, ea1:22-003707-003:NP, ea1:22-003707-003:NA, ea1:22-003707-003:PA	100.00%, 99.87%, 100.00%, 100.00%, 99.88%, 99.80%, 99.72%, 99.95%	0, 3, 0, 0, 2, 3, 4, 1	Ran on FASTA - No Coverage Report	2026-05-29_14-49-04
A/black_vulture/Florida/22-022116-002/2022	B1.1	PB2:am1.1, PB1:am1.1, NS:ea1, MP:ea1, HA:ea1, NP:am1.2, NA:ea1, PA:ea1	am1.1:22-009287-001:PB2, am1.1:22-009287-001:PB1, ea1:22-003707-003:NS, ea1:22-003707-003:MP, ea1:22-003707-003:HA, am1.2:22-009287-001:NP, ea1:22-003707-003:NA, ea1:22-003707-003:PA	99.65%, 99.60%, 99.76%, 99.80%, 99.65%, 99.73%, 99.50%, 99.86%	8, 9, 2, 2, 6, 4, 7, 3	Ran on FASTA - No Coverage Report	2026-05-29_14-49-04
A/chicken/Peru/23-005607-001/2022	B3.2	PB2:am2.1, PB1:am1.2, NS:am1.1, MP:ea1, HA:ea1, NP:am1.4.1, NA:ea1, PA:ea1	am2.1:22-009329-001:PB2, am1.2:22-010085-001:PB1, am1.1:22-010085-001:NS, ea1:22-003707-003:MP, ea1:22-003707-003:HA, am1.4.1:22-009329-001:NP, ea1:22-003707-003:NA, ea1:22-003707-003:PA	99.47%, 99.43%, 99.28%, 99.49%, 99.30%, 99.27%, 99.50%, 99.77%	12, 13, 6, 5, 12, 11, 7, 5	Ran on FASTA - No Coverage Report	2026-05-29_14-49-04
A/great_horned_owl/Minnesota/22-014336-010/2022	B2.1	PB2:am1.2, PB1:ea1, NS:ea1, MP:ea1, HA:ea1, NP:am1.1, NA:ea1, PA:ea1	am1.2:22-007805-001:PB2, ea1:22-003707-003:PB1, ea1:22-003707-003:NS, ea1:22-003707-003:MP, ea1:22-003707-003:HA, am1.1:22-007805-001:NP, ea1:22-003707-003:NA, ea1:22-003707-003:PA	99.69%, 99.78%, 99.40%, 99.90%, 99.88%, 99.93%, 99.64%, 99.86%	7, 5, 5, 1, 2, 1, 5, 3	Ran on FASTA - No Coverage Report	2026-05-29_14-49-04
A/duck/Pennsylvania/22-014339-002/2022	A1	PB2:ea1, PB1:ea1, NS:ea1, MP:ea1, HA:ea1, NP:ea1, NA:ea1, PA:ea1	ea1:22-003707-003:PB2, ea1:22-003707-003:PB1, ea1:22-003707-003:NS, ea1:22-003707-003:MP, ea1:22-003707-003:HA, ea1:22-003707-003:NP, ea1:22-003707-003:NA, ea1:22-003707-003:PA	99.83%, 99.78%, 99.64%, 99.80%, 99.59%, 99.13%, 99.86%, 99.67%	4, 5, 3, 2, 7, 13, 2, 7	Ran on FASTA - No Coverage Report	2026-05-29_14-49-04
A/Great_Horned_Owl/Florida/USDA-007915-007/2022	B1.1	PB2:am1.1, PB1:am1.1, NS:ea1, MP:ea1, HA:ea1, NP:am1.2, NA:ea1, PA:ea1	am1.1:22-009287-001:PB2, am1.1:22-009287-001:PB1, ea1:22-003707-003:NS, ea1:22-003707-003:MP, ea1:22-003707-003:HA, am1.2:22-009287-001:NP, ea1:22-003707-003:NA, ea1:22-003707-003:PA	99.91%, 99.91%, 99.88%, 99.80%, 99.65%, 99.87%, 99.93%, 99.86%	2, 2, 1, 2, 6, 2, 1, 3	Ran on FASTA - No Coverage Report	2026-05-29_14-49-04
A/chicken/Araucania/244469/2023	Not assigned: Only 7 segments >98.0% match found of total 8 segments in input file	PB2:am2.1, PB1:am1.2, NS:am1.1, MP:ea1, NP:am1.4.1, NA:ea1, PA:ea1	am2.1:22-009329-001:PB2, am1.2:22-010085-001:PB1, am1.1:22-010085-001:NS, ea1:22-003707-003:MP, ea1:EPI-ISL-20215425:HA, am1.4.1:22-009329-001:NP, ea1:22-003707-003:NA, ea1:22-003707-003:PA	99.34%, 99.03%, 99.05%, 99.29%, 97.86%, 99.13%, 99.15%, 99.49%	15, 22, 8, 7, 38, 13, 12, 11	Ran on FASTA - No Coverage Report	2026-05-29_14-49-05
A/merganser/New_York/22-008834-004/2022	B1.1	PB2:am1.1, PB1:am1.1, NS:ea1, MP:ea1, HA:ea1, NP:am1.2, NA:ea1, PA:ea1	am1.1:22-009287-001:PB2, am1.1:22-009287-001:PB1, ea1:22-003707-003:NS, ea1:22-003707-003:MP, ea1:22-003707-003:HA, am1.2:22-009287-001:NP, ea1:22-003707-003:NA, ea1:22-003707-003:PA	99.91%, 99.69%, 99.64%, 99.90%, 99.71%, 99.60%, 99.79%, 99.81%	2, 7, 3, 1, 5, 6, 3, 4	Ran on FASTA - No Coverage Report	2026-05-29_14-49-05
A/goose/South_Dakota/USDA-008571-002/2022	B2.1	PB2:am1.2, PB1:ea1, NS:ea1, MP:ea1, HA:ea1, NP:am1.1, NA:ea1, PA:ea1	am1.2:22-007805-001:PB2, ea1:22-003707-003:PB1, ea1:22-003707-003:NS, ea1:22-003707-003:MP, ea1:22-003707-003:HA, am1.1:22-007805-001:NP, ea1:22-003707-003:NA, ea1:22-003707-003:PA	99.87%, 99.91%, 99.76%, 100.00%, 99.77%, 100.00%, 99.93%, 99.86%	3, 2, 2, 0, 4, 0, 1, 3	Ran on FASTA - No Coverage Report	2026-05-29_14-49-05