file_name,collection_date,country,expected_role,Código USFQ,EPI_ISL,Código procedencia,run,PB2,PB1,PA,HA,NP,NA,MP,NS,PB2_lineage,PB1_lineage,PA_lineage,HA_lineage,NP_lineage,NA_lineage,MP_lineage,NS_lineage
EPI_ISL_11628212,2022-02-11,USA,american_anchor,,,,,SI,SI,SI,SI,SI,SI,SI,SI,ea1,ea1,ea1,ea1,ea1,ea1,ea1,ea1
EPI_ISL_11628216,2022-02-12,USA,american_anchor,,,,,SI,SI,SI,SI,SI,SI,SI,SI,ea1,ea1,ea1,ea1,ea1,ea1,ea1,ea1
EPI_ISL_11628217,2022-02-12,USA,american_anchor,,,,,SI,SI,SI,SI,SI,SI,SI,SI,ea1,ea1,ea1,ea1,ea1,ea1,ea1,ea1
EPI_ISL_11628219,2022-02-14,USA,american_anchor,,,,,SI,SI,SI,SI,SI,SI,SI,SI,ea1,ea1,ea1,ea1,ea1,ea1,ea1,ea1
EPI_ISL_11628220,2022-02-14,USA,american_anchor,,,,,SI,SI,SI,SI,SI,SI,SI,SI,ea1,ea1,ea1,ea1,ea1,ea1,ea1,ea1
EPI_ISL_11628223,2022-02-21,USA,american_anchor,,,,,SI,SI,SI,SI,SI,SI,SI,SI,ea1,ea1,ea1,ea1,ea1,ea1,ea1,ea1
EPI_ISL_11628224,2022-02-21,USA,american_anchor,,,,,SI,SI,SI,SI,SI,SI,SI,SI,ea1,ea1,ea1,ea1,ea1,ea1,ea1,ea1
EPI_ISL_11628226,2022-02-16,USA,american_anchor,,,,,SI,SI,SI,SI,SI,SI,SI,SI,ea1,ea1,ea1,ea1,ea1,ea1,ea1,ea1
EPI_ISL_11628227,2022-02-18,USA,american_anchor,,,,,SI,SI,SI,SI,SI,SI,SI,SI,ea1,ea1,ea1,ea1,ea1,ea1,ea1,ea1
EPI_ISL_11628232,2022-02-20,USA,american_anchor,,,,,SI,SI,SI,SI,SI,SI,SI,SI,ea1,ea1,ea1,ea1,ea1,ea1,ea1,ea1
EPI_ISL_11628235,2022-02-21,USA,american_anchor,,,,,SI,SI,SI,SI,SI,SI,SI,SI,ea1,ea1,ea1,ea1,ea1,ea1,ea1,ea1
EPI_ISL_11628237,2022-02-21,USA,american_anchor,,,,,SI,SI,SI,SI,SI,SI,SI,SI,ea1,ea1,ea1,ea1,ea1,ea1,ea1,ea1
EPI_ISL_11628240,2022-02-28,USA,american_anchor,,,,,SI,SI,SI,SI,SI,SI,SI,SI,ea1,ea1,ea1,ea1,ea1,ea1,ea1,ea1
EPI_ISL_11628248,2022-03-03,USA,american_anchor,,,,,SI,SI,SI,SI,SI,SI,SI,SI,ea1,ea1,ea1,ea1,ea1,ea1,ea1,ea1
EPI_ISL_11897689,2022-03-11,USA,american_anchor,,,,,SI,SI,SI,SI,SI,SI,SI,SI,ea1,ea1,ea1,ea1,ea1,ea1,ea1,ea1
EPI_ISL_11897690,2022-03-13,USA,american_anchor,,,,,SI,SI,SI,SI,SI,SI,SI,SI,ea1,ea1,ea1,ea1,ea1,ea1,ea1,ea1
EPI_ISL_11897692,2022-03-11,USA,american_anchor,,,,,SI,SI,SI,SI,SI,SI,SI,SI,ea1,ea1,ea1,ea1,ea1,ea1,ea1,ea1
EPI_ISL_11897703,2022-03-16,USA,american_anchor,,,,,SI,SI,SI,SI,SI,SI,SI,SI,ea1,ea1,ea1,ea1,ea1,ea1,ea1,ea1
EPI_ISL_11971467,2022-03-17,USA,american_anchor,,,,,SI,SI,SI,SI,SI,SI,SI,SI,am2.1,ea1,ea1,ea1,am1.4.1,ea1,ea1,ea1
EPI_ISL_11971482,2022-03-21,USA,american_anchor,,,,,SI,SI,SI,SI,SI,SI,SI,SI,am2.1,am1.2,ea1,ea1,am1.4.1,ea1,ea1,am1.1
EPI_ISL_11971496,2022-03-22,USA,american_anchor,,,,,SI,SI,SI,SI,SI,SI,SI,SI,am1.1,am1.1,am1,ea1,am1.2,ea1,ea1,ea1
EPI_ISL_11971502,2022-03-25,USA,american_anchor,,,,,SI,SI,SI,SI,SI,SI,SI,SI,am2.3.1,am2,am2,ea1,am2,ea1,ea1,am1.3
EPI_ISL_12567533,2022-03-24,USA,american_anchor,,,,,SI,SI,SI,SI,SI,SI,SI,SI,ea1,ea1,ea1,ea1,ea1,ea1,ea1,ea1
EPI_ISL_12690325,2022-03-26,USA,american_anchor,,,,,SI,SI,SI,SI,SI,SI,SI,SI,am1.2,ea1,ea1,ea1,am1.1,ea1,ea1,ea1
EPI_ISL_12691030,2022-03-28,USA,american_anchor,,,,,SI,SI,SI,SI,SI,SI,SI,SI,am1.2,ea1,ea1,ea1,am1.1,ea1,ea1,ea1
EPI_ISL_13009618,2022-03-25,USA,american_anchor,,,,,SI,SI,SI,SI,SI,SI,SI,SI,ea1,ea1,ea1,ea1,ea1,ea1,ea1,ea1
EPI_ISL_13009634,2022-03-25,USA,american_anchor,,,,,SI,SI,SI,SI,SI,SI,SI,SI,ea1,ea1,ea1,ea1,ea1,ea1,ea1,ea1
EPI_ISL_13009652,2022-03-29,USA,american_anchor,,,,,SI,SI,SI,SI,SI,SI,SI,SI,ea1,ea1,ea1,ea1,ea1,ea1,ea1,ea1
EPI_ISL_13009677,2022-03-27,USA,american_anchor,,,,,SI,SI,SI,SI,SI,SI,SI,SI,ea1,ea1,ea1,ea1,ea1,ea1,ea1,ea1
EPI_ISL_13052414,2022-03-30,USA,american_anchor,,,,,SI,SI,SI,SI,SI,SI,SI,SI,am1.2,ea1,ea1,ea1,am1.1,ea1,ea1,ea1
EPI_ISL_13052420,2022-03-31,USA,american_anchor,,,,,SI,SI,SI,SI,SI,SI,SI,SI,am1.2,ea1,ea1,ea1,am1.1,ea1,ea1,ea1
EPI_ISL_13052424,2022-03-31,USA,american_anchor,,,,,SI,SI,SI,SI,SI,SI,SI,SI,am2.1,ea1,ea1,ea1,am1.4.1,ea1,ea1,ea1
EPI_ISL_13052425,2022-03-31,USA,american_anchor,,,,,SI,SI,SI,SI,SI,SI,SI,SI,am1.2,ea1,ea1,ea1,am1.1,ea1,ea1,ea1
EPI_ISL_13285243,2022-03-31,USA,american_anchor,,,,,SI,SI,SI,SI,SI,SI,SI,SI,ea1,ea1,ea1,ea1,ea1,ea1,ea1,ea1
EPI_ISL_13285540,2022-04-02,USA,american_anchor,,,,,SI,SI,SI,SI,SI,SI,SI,SI,ea1,ea1,ea1,ea1,ea1,ea1,ea1,ea1
EPI_ISL_13432610,2022-03-31,USA,american_anchor,,,,,SI,SI,SI,SI,SI,SI,SI,SI,ea1,ea1,ea1,ea1,ea1,ea1,ea1,ea1
EPI_ISL_13432612,2022-04-04,USA,american_anchor,,,,,SI,SI,SI,SI,SI,SI,SI,SI,ea1,ea1,ea1,ea1,ea1,ea1,ea1,ea1
EPI_ISL_13433340,2022-04-04,USA,american_anchor,,,,,SI,SI,SI,SI,SI,SI,SI,SI,ea1,ea1,ea1,ea1,ea1,ea1,ea1,ea1
EPI_ISL_13433435,2022-04-04,USA,american_anchor,,,,,SI,SI,SI,SI,SI,SI,SI,SI,am1.2,ea1,ea1,ea1,am1.1,ea1,ea1,ea1
EPI_ISL_13433447,2022-04-04,USA,american_anchor,,,,,SI,SI,SI,SI,SI,SI,SI,SI,am1.2,ea1,ea1,ea1,am1.1,ea1,ea1,ea1
EPI_ISL_14937069,2022-03-08,USA,american_anchor,,,,,SI,SI,SI,SI,SI,SI,SI,SI,am1.1,,ea1,ea1,am1.1,ea1,ea1,ea1
EPI_ISL_14937099,2022-03-14,USA,american_anchor,,,,,SI,SI,SI,SI,SI,SI,SI,SI,,ea1,ea1,ea1,ea1,ea1,ea1,ea1
EPI_ISL_14937102,2022-03-12,USA,american_anchor,,,,,SI,SI,SI,SI,SI,SI,SI,SI,am1.2,ea1,ea1,ea1,am1.1,ea1,ea1,ea1
EPI_ISL_15004066,2022-04-06,USA,american_anchor,,,,,SI,SI,SI,SI,SI,SI,SI,SI,am1.2,ea1,ea1,ea1,am1.1,ea1,ea1,ea1
EPI_ISL_15004381,2022-04-11,USA,american_anchor,,,,,SI,SI,SI,SI,SI,SI,SI,SI,ea1,ea1,ea1,ea1,ea1,ea1,ea1,ea1
EPI_ISL_15004385,2022-04-10,USA,american_anchor,,,,,SI,SI,SI,SI,SI,SI,SI,SI,am1.2,ea1,ea1,ea1,am1.1,ea1,ea1,ea1
EPI_ISL_15004387,2022-04-09,USA,american_anchor,,,,,SI,SI,SI,SI,SI,SI,SI,SI,am1.2,ea1,ea1,ea1,am1.1,ea1,ea1,ea1
EPI_ISL_15004409,2022-04-11,USA,american_anchor,,,,,SI,SI,SI,SI,SI,SI,SI,SI,am1.2,ea1,ea1,ea1,am1.1,ea1,ea1,ea1
EPI_ISL_15004413,2022-04-10,USA,american_anchor,,,,,SI,SI,SI,SI,SI,SI,SI,SI,am1.2,ea1,ea1,ea1,am1.1,ea1,ea1,ea1
EPI_ISL_15063669,2022-03-07,USA,american_anchor,,,,,SI,SI,SI,SI,SI,SI,SI,SI,ea1,ea1,ea1,ea1,ea1,ea1,ea1,ea1
EPI_ISL_15063845,2022-03-04,USA,american_anchor,,,,,SI,SI,SI,SI,SI,SI,SI,SI,am1.2,ea1,ea1,ea1,am1.1,ea1,ea1,ea1
EPI_ISL_15063846,2022-02-12,USA,american_anchor,,,,,SI,SI,SI,SI,SI,SI,SI,SI,am1.1,am1.1,ea1,ea1,am1.2,ea1,ea1,ea1
EPI_ISL_15077375,2022-04-18,USA,american_anchor,,,,,SI,SI,SI,SI,SI,SI,SI,SI,am1.2,ea1,ea1,ea1,am1.1,ea1,ea1,ea1
EPI_ISL_15078238,2022-04-20,USA,american_anchor,,,,,SI,SI,SI,SI,SI,SI,SI,SI,am1.2,ea1,ea1,ea1,am1.1,ea1,ea1,ea1
EPI_ISL_15078239,2022-04-21,USA,american_anchor,,,,,SI,SI,SI,SI,SI,SI,SI,SI,am1.1,am1.1,ea1,ea1,am1.2,ea1,ea1,ea1
EPI_ISL_15214835,2022-06-23,USA,american_anchor,,,,,SI,SI,SI,SI,SI,SI,SI,SI,ea1,ea2,ea1,ea2,ea1,ea2,ea1,ea1
EPI_ISL_15214839,2022-02-28,USA,american_anchor,,,,,SI,SI,SI,SI,SI,SI,SI,SI,am1.1,am1.1,ea1,ea1,am1.2,ea1,ea1,ea1
EPI_ISL_15614807,2022-03-14,USA,american_anchor,,,,,SI,SI,SI,SI,SI,SI,SI,SI,am1.2,ea1,ea1,ea1,am1.1,ea1,ea1,ea1
EPI_ISL_16101529,2022-04-14,USA,american_anchor,,,,,SI,SI,SI,SI,SI,SI,SI,SI,am1.2,ea1,ea1,ea1,am1.1,ea1,ea1,ea1
EPI_ISL_16102229,2022-04-15,USA,american_anchor,,,,,SI,SI,SI,SI,SI,SI,SI,SI,am2.1,am1.2,ea1,ea1,am1.4.1,ea1,ea1,am1.1
EPI_ISL_16102931,2022-04-18,USA,american_anchor,,,,,SI,SI,SI,SI,SI,SI,SI,SI,am2.2,ea1,ea1,ea1,am1.3,ea1,ea1,ea1
EPI_ISL_16171332,2022-04-19,USA,american_anchor,,,,,SI,SI,SI,SI,SI,SI,SI,SI,am1.2,ea1,ea1,ea1,am1.1,ea1,ea1,ea1
EPI_ISL_16171457,2022-04-26,USA,american_anchor,,,,,SI,SI,SI,SI,SI,SI,SI,SI,am1.2,ea1,ea1,ea1,am1.1,ea1,ea1,ea1
EPI_ISL_16171460,2022-04-26,USA,american_anchor,,,,,SI,SI,SI,SI,SI,SI,SI,SI,am2.1,am1.2,ea1,ea1,am1.4.1,ea1,ea1,am1.1
EPI_ISL_16171465,2022-04-27,USA,american_anchor,,,,,SI,SI,SI,SI,SI,SI,SI,SI,am2.1,ea1,ea1,ea1,am1.4.1,ea1,ea1,ea1
EPI_ISL_16171480,2022-04-28,USA,american_anchor,,,,,SI,SI,SI,SI,SI,SI,SI,SI,ea1,ea1,ea1,ea1,ea1,ea1,ea1,ea1
EPI_ISL_16171485,2022-04-28,USA,american_anchor,,,,,SI,SI,SI,SI,SI,SI,SI,SI,am2.1,am1.2,ea1,ea1,am1.4.1,ea1,ea1,am1.1
EPI_ISL_16171506,2022-04-30,USA,american_anchor,,,,,SI,SI,SI,SI,SI,SI,SI,SI,am2.1,am1.2,ea1,ea1,am1.4.1,ea1,ea1,am1.1
EPI_ISL_16171512,2022-05-02,USA,american_anchor,,,,,SI,SI,SI,SI,SI,SI,SI,SI,am1.2,ea1,ea1,ea1,am1.1,ea1,ea1,ea1
EPI_ISL_16171519,2022-05-03,USA,american_anchor,,,,,SI,SI,SI,SI,SI,SI,SI,SI,am2.2,ea1,ea1,ea1,am1.3,ea1,ea1,ea1
EPI_ISL_16171522,2022-05-02,USA,american_anchor,,,,,SI,SI,SI,SI,SI,SI,SI,SI,am2.2,ea1,ea1,ea1,am1.3,ea1,ea1,ea1
EPI_ISL_16240161,2022-05-03,USA,american_anchor,,,,,SI,SI,SI,SI,SI,SI,SI,SI,am2.2,ea1,ea1,ea1,am1.3,ea1,ea1,ea1
EPI_ISL_16240162,2022-05-04,USA,american_anchor,,,,,SI,SI,SI,SI,SI,SI,SI,SI,am2.1,am1.2,ea1,ea1,am1.4.1,ea1,ea1,am1.1
EPI_ISL_16240224,2022-05-09,USA,american_anchor,,,,,SI,SI,SI,SI,SI,SI,SI,SI,am2.1,am1.2,ea1,ea1,am1.4.1,ea1,ea1,am1.1
EPI_ISL_16240353,2022-05-07,USA,american_anchor,,,,,SI,SI,SI,SI,SI,SI,SI,SI,am2.1,am1.2,ea1,ea1,am1.4.1,ea1,ea1,am1.1
EPI_ISL_16240423,2022-05-04,USA,american_anchor,,,,,SI,SI,SI,SI,SI,SI,SI,SI,ea1,ea1,ea1,ea1,ea1,ea1,ea1,ea1
EPI_ISL_16240445,2022-05-08,USA,american_anchor,,,,,SI,SI,SI,SI,SI,SI,SI,SI,ea1,ea1,ea1,ea1,ea1,ea1,ea1,ea1
EPI_ISL_16240497,2022-05-09,USA,american_anchor,,,,,SI,SI,SI,SI,SI,SI,SI,SI,am2.1,am1.2,ea1,ea1,am1.4.1,ea1,ea1,am1.1
EPI_ISL_16240641,2022-05-10,USA,american_anchor,,,,,SI,SI,SI,SI,SI,SI,SI,SI,am1.2,ea1,ea1,ea1,am1.1,ea1,ea1,ea1
EPI_ISL_16240643,2022-05-10,USA,american_anchor,,,,,SI,SI,SI,SI,SI,SI,SI,SI,am2.1,ea1,ea1,ea1,am1.4.1,ea1,ea1,ea1
EPI_ISL_16240644,2022-05-10,USA,american_anchor,,,,,SI,SI,SI,SI,SI,SI,SI,SI,am1.2,ea1,ea1,ea1,am1.1,ea1,ea1,ea1
EPI_ISL_16240882,2022-05-10,USA,american_anchor,,,,,SI,SI,SI,SI,SI,SI,SI,SI,am2.2,ea1,ea1,ea1,am1.3,ea1,ea1,ea1
EPI_ISL_16243210,2022-05-11,USA,american_anchor,,,,,SI,SI,SI,SI,SI,SI,SI,SI,am2.1,ea1,ea1,ea1,am1.4.1,ea1,ea1,ea1
EPI_ISL_16243221,2022-05-11,USA,american_anchor,,,,,SI,SI,SI,SI,SI,SI,SI,SI,am2.1,am1.2,ea1,ea1,am1.4.1,ea1,ea1,am1.1
EPI_ISL_16243231,2022-05-13,USA,american_anchor,,,,,SI,SI,SI,SI,SI,SI,SI,SI,ea1,ea1,ea1,ea1,ea1,ea1,ea1,ea1
EPI_ISL_16243588,2022-05-15,USA,american_anchor,,,,,SI,SI,SI,SI,SI,SI,SI,SI,am1.2,ea1,ea1,ea1,am1.1,ea1,ea1,ea1
EPI_ISL_16243610,2022-05-14,USA,american_anchor,,,,,SI,SI,SI,SI,SI,SI,SI,SI,ea1,ea1,ea1,ea1,ea1,ea1,ea1,ea1
EPI_ISL_16243894,2022-05-16,USA,american_anchor,,,,,SI,SI,SI,SI,SI,SI,SI,SI,am2.1,ea1,ea1,ea1,am1.4.1,ea1,ea1,ea1
EPI_ISL_16243981,2022-05-13,USA,american_anchor,,,,,SI,SI,SI,SI,SI,SI,SI,SI,am2.1,am1.2,ea1,ea1,am1.4.1,ea1,ea1,am1.1
EPI_ISL_16244007,2022-05-16,USA,american_anchor,,,,,SI,SI,SI,SI,SI,SI,SI,SI,am2.1,ea1,ea1,ea1,am1.4.1,ea1,ea1,ea1
EPI_ISL_16244017,2022-05-18,USA,american_anchor,,,,,SI,SI,SI,SI,SI,SI,SI,SI,am1.2,ea1,ea1,ea1,am1.1,ea1,ea1,ea1
EPI_ISL_16244022,2022-05-17,USA,american_anchor,,,,,SI,SI,SI,SI,SI,SI,SI,SI,am1.2,ea1,ea1,ea1,am1.1,ea1,ea1,ea1
EPI_ISL_16244026,2022-05-19,USA,american_anchor,,,,,SI,SI,SI,SI,SI,SI,SI,SI,am1.2,ea1,ea1,ea1,am1.1,ea1,ea1,ea1
EPI_ISL_16555205,2022-07-05,USA,american_anchor,,,,,SI,SI,SI,SI,SI,SI,SI,SI,am2.2,ea1,ea1,ea1,am1.3,ea1,ea1,ea1
EPI_ISL_16632496,2022-03-17,USA,american_anchor,,,,,SI,SI,SI,SI,SI,SI,SI,SI,ea1,ea2,ea1,ea2,ea1,ea2,ea1,ea1
EPI_ISL_16632505,2022-03-25,USA,american_anchor,,,,,SI,SI,SI,SI,SI,SI,SI,SI,ea1,ea2,ea1,ea2,ea1,ea2,ea1,ea1
EPI_ISL_16632506,2022-05-02,USA,american_anchor,,,,,SI,SI,SI,SI,SI,SI,SI,SI,ea1,ea1,ea1,ea1,ea1,ea1,ea1,ea1
EPI_ISL_16632507,2022-05-02,USA,american_anchor,,,,,SI,SI,SI,SI,SI,SI,SI,SI,ea1,ea1,ea1,ea1,ea1,ea1,ea1,ea1
EPI_ISL_16632510,2022-07-08,USA,american_anchor,,,,,SI,SI,SI,SI,SI,SI,SI,SI,ea1,ea2,ea1,ea2,ea1,ea2,ea1,ea1
EPI_ISL_16632511,2022-06-29,USA,american_anchor,,,,,SI,SI,SI,SI,SI,SI,SI,SI,ea1,ea2,ea1,ea2,ea1,ea2,ea1,ea1
EPI_ISL_16632512,2022-07-07,USA,american_anchor,,,,,SI,SI,SI,SI,SI,SI,SI,SI,ea1,ea2,ea1,ea2,ea1,ea2,ea1,ea1
EPI_ISL_16632517,2022-07-08,USA,american_anchor,,,,,SI,SI,SI,SI,SI,SI,SI,SI,ea1,ea2,ea1,ea2,ea1,ea2,ea1,ea1
EPI_ISL_16632518,2022-07-07,USA,american_anchor,,,,,SI,SI,SI,SI,SI,SI,SI,SI,ea1,ea2,ea1,ea2,ea1,ea2,ea1,ea1
EPI_ISL_16632519,2022-06-30,USA,american_anchor,,,,,SI,SI,SI,SI,SI,SI,SI,SI,ea1,ea2,ea1,ea2,ea1,ea2,ea1,ea1
EPI_ISL_16632520,2022-07-12,USA,american_anchor,,,,,SI,SI,SI,SI,SI,SI,SI,SI,ea1,ea2,ea1,ea2,ea1,ea2,ea1,ea1
EPI_ISL_16632522,2022-07-14,USA,american_anchor,,,,,SI,SI,SI,SI,SI,SI,SI,SI,ea1,ea2,ea1,ea2,ea1,ea2,ea1,ea1
EPI_ISL_16632537,2022-07-03,USA,american_anchor,,,,,SI,SI,SI,SI,SI,SI,SI,SI,ea1,ea2,ea1,ea2,ea1,ea2,ea1,ea1
EPI_ISL_17885990,2022-07-01,USA,american_anchor,,,,,SI,SI,SI,SI,SI,SI,SI,SI,am1.1,am1.1,ea1,ea1,am1.2,ea1,ea1,ea1
EPI_ISL_17885992,2022-06-23,USA,american_anchor,,,,,SI,SI,SI,SI,SI,SI,SI,SI,ea1,ea2,ea1,ea2,ea1,ea2,ea1,ea1
EPI_ISL_17885994,2022-06-23,USA,american_anchor,,,,,SI,SI,SI,SI,SI,SI,SI,SI,ea1,ea2,ea1,ea2,ea1,ea2,ea1,ea1
EPI_ISL_18107030,2022-01-25,USA,american_anchor,,,,,SI,SI,SI,SI,SI,SI,SI,SI,ea1,ea1,ea1,ea1,ea1,ea1,ea1,ea1
EPI_ISL_18107047,2022-01-25,USA,american_anchor,,,,,SI,SI,SI,SI,SI,SI,SI,SI,ea1,ea1,ea1,ea1,ea1,ea1,ea1,ea1
EPI_ISL_18107048,2022-01-30,USA,american_anchor,,,,,SI,SI,SI,SI,SI,SI,SI,SI,ea1,ea1,ea1,ea1,ea1,ea1,ea1,ea1
EPI_ISL_18107050,2022-01-31,USA,american_anchor,,,,,SI,SI,SI,SI,SI,SI,SI,SI,ea1,ea1,ea1,ea1,ea1,ea1,ea1,ea1
EPI_ISL_18107055,2022-01-30,USA,american_anchor,,,,,SI,SI,SI,SI,SI,SI,SI,SI,ea1,ea1,ea1,ea1,ea1,ea1,ea1,ea1
EPI_ISL_18132153,2022-02-06,USA,american_anchor,,,,,SI,SI,SI,SI,SI,SI,SI,SI,ea1,ea1,ea1,ea1,ea1,ea1,ea1,ea1
EPI_ISL_18132156,2022-03-26,USA,american_anchor,,,,,SI,SI,SI,SI,SI,SI,SI,SI,am1.2,ea1,ea1,ea1,am1.1,ea1,ea1,ea1
EPI_ISL_18132167,2022-02-22,USA,american_anchor,,,,,SI,SI,SI,SI,SI,SI,SI,SI,ea1,ea1,ea1,ea1,ea1,ea1,ea1,ea1
EPI_ISL_18132177,2022-02-08,USA,american_anchor,,,,,SI,SI,SI,SI,SI,SI,SI,SI,ea1,ea1,ea1,ea1,ea1,ea1,ea1,ea1
EPI_ISL_18132179,2022-02-08,USA,american_anchor,,,,,SI,SI,SI,SI,SI,SI,SI,SI,ea1,ea1,ea1,ea1,ea1,ea1,ea1,ea1
EPI_ISL_18132187,2022-03-12,USA,american_anchor,,,,,SI,SI,SI,SI,SI,SI,SI,SI,am2.1,ea1,ea1,ea1,am1.4.1,ea1,ea1,ea1
EPI_ISL_18132194,2022-04-04,USA,american_anchor,,,,,SI,SI,SI,SI,SI,SI,SI,SI,am1.2,ea1,ea1,ea1,am1.1,ea1,ea1,ea1
EPI_ISL_18132200,2022-04-05,USA,american_anchor,,,,,SI,SI,SI,SI,SI,SI,SI,SI,am1.2,ea1,ea1,ea1,am1.1,ea1,ea1,ea1
EPI_ISL_18132209,2022-04-01,USA,american_anchor,,,,,SI,SI,SI,SI,SI,SI,SI,SI,am1.2,ea1,ea1,ea1,am1.1,ea1,ea1,ea1
EPI_ISL_18132220,2022-01-21,USA,american_anchor,,,,,SI,SI,SI,SI,SI,SI,SI,SI,ea1,ea1,ea1,ea1,ea1,ea1,ea1,ea1
EPI_ISL_18132222,2022-02-28,USA,american_anchor,,,,,SI,SI,SI,SI,SI,SI,SI,SI,ea1,ea1,ea1,ea1,ea1,ea1,ea1,ea1
EPI_ISL_18132228,2022-02-21,USA,american_anchor,,,,,SI,SI,SI,SI,SI,SI,SI,SI,ea1,ea1,ea1,ea1,ea1,ea1,ea1,ea1
EPI_ISL_18132234,2022-02-18,USA,american_anchor,,,,,SI,SI,SI,SI,SI,SI,SI,SI,ea1,ea1,ea1,ea1,ea1,ea1,ea1,ea1
EPI_ISL_18132238,2022-02-16,USA,american_anchor,,,,,SI,SI,SI,SI,SI,SI,SI,SI,ea1,ea1,ea1,ea1,ea1,ea1,ea1,ea1
EPI_ISL_18132242,2022-02-14,USA,american_anchor,,,,,SI,SI,SI,SI,SI,SI,SI,SI,ea1,ea1,ea1,ea1,ea1,ea1,ea1,ea1
EPI_ISL_18132243,2022-03-22,USA,american_anchor,,,,,SI,SI,SI,SI,SI,SI,SI,SI,am1.2,ea1,ea1,ea1,am1.1,ea1,ea1,ea1
EPI_ISL_18132250,2022-02-14,USA,american_anchor,,,,,SI,SI,SI,SI,SI,SI,SI,SI,ea1,ea1,ea1,ea1,ea1,ea1,ea1,ea1
EPI_ISL_18132254,2022-02-07,USA,american_anchor,,,,,SI,SI,SI,SI,SI,SI,SI,SI,ea1,ea1,ea1,ea1,ea1,ea1,ea1,ea1
EPI_ISL_18132258,2022-04-12,USA,american_anchor,,,,,SI,SI,SI,SI,SI,SI,SI,SI,am1.1,am1.1,am1,ea1,am1.2,ea1,ea1,ea1
EPI_ISL_18132264,2022-02-22,USA,american_anchor,,,,,SI,SI,SI,SI,SI,SI,SI,SI,ea1,ea1,ea1,ea1,ea1,ea1,ea1,ea1
EPI_ISL_18132268,2022-02-22,USA,american_anchor,,,,,SI,SI,SI,SI,SI,SI,SI,SI,ea1,ea1,ea1,ea1,ea1,ea1,ea1,ea1
EPI_ISL_18132276,2022-04-07,USA,american_anchor,,,,,SI,SI,SI,SI,SI,SI,SI,SI,am1.1,am1.1,ea1,ea1,am1.2,ea1,ea1,ea1
EPI_ISL_18132280,2022-03-16,USA,american_anchor,,,,,SI,SI,SI,SI,SI,SI,SI,SI,ea1,ea1,ea1,ea1,ea1,ea1,ea1,ea1
EPI_ISL_18132282,2022-02-14,USA,american_anchor,,,,,SI,SI,SI,SI,SI,SI,SI,SI,ea1,ea1,ea1,ea1,ea1,ea1,ea1,ea1
EPI_ISL_18132294,2022-04-14,USA,american_anchor,,,,,SI,SI,SI,SI,SI,SI,SI,SI,am1.1,am1.1,ea1,ea1,am1.2,ea1,ea1,ea1
EPI_ISL_18132317,2022-04-11,USA,american_anchor,,,,,SI,SI,SI,SI,SI,SI,SI,SI,am1.2,ea1,ea1,ea1,am1.1,ea1,ea1,ea1
EPI_ISL_18132350,2022-04-04,USA,american_anchor,,,,,SI,SI,SI,SI,SI,SI,SI,SI,ea1,ea1,ea1,ea1,ea1,ea1,ea1,ea1
EPI_ISL_18132354,2022-04-26,USA,american_anchor,,,,,SI,SI,SI,SI,SI,SI,SI,SI,am1.2,ea1,ea1,ea1,am1.1,ea1,ea1,ea1
EPI_ISL_18132366,2022-01-08,USA,american_anchor,,,,,SI,SI,SI,SI,SI,SI,SI,SI,ea1,ea1,ea1,ea1,ea1,ea1,ea1,ea1
EPI_ISL_18132370,2022-01-31,USA,american_anchor,,,,,SI,SI,SI,SI,SI,SI,SI,SI,ea1,ea1,ea1,ea1,ea1,ea1,ea1,ea1
EPI_ISL_18132384,2022-03-30,USA,american_anchor,,,,,SI,SI,SI,SI,SI,SI,SI,SI,am1.2,ea1,ea1,ea1,am1.1,ea1,ea1,ea1
EPI_ISL_18132396,2022-04-08,USA,american_anchor,,,,,SI,SI,SI,SI,SI,SI,SI,SI,am1.2,ea1,ea1,ea1,am1.1,ea1,ea1,ea1
EPI_ISL_18132399,2022-03-16,USA,american_anchor,,,,,SI,SI,SI,SI,SI,SI,SI,SI,ea1,ea1,ea1,ea1,ea1,ea1,ea1,ea1
EPI_ISL_18132407,2022-02-18,USA,american_anchor,,,,,SI,SI,SI,SI,SI,SI,SI,SI,ea1,ea1,ea1,ea1,ea1,ea1,ea1,ea1
EPI_ISL_18132414,2022-02-22,USA,american_anchor,,,,,SI,SI,SI,SI,SI,SI,SI,SI,ea1,ea1,ea1,ea1,ea1,ea1,ea1,ea1
EPI_ISL_18132420,2022-04-22,USA,american_anchor,,,,,SI,SI,SI,SI,SI,SI,SI,SI,am1.2,ea1,ea1,ea1,am1.1,ea1,ea1,ea1
EPI_ISL_18132424,2022-03-01,USA,american_anchor,,,,,SI,SI,SI,SI,SI,SI,SI,SI,ea1,ea1,ea1,ea1,am1.4.1,ea1,ea1,ea1
EPI_ISL_18132428,2022-03-12,USA,american_anchor,,,,,SI,SI,SI,SI,SI,SI,SI,SI,am1.2,ea1,ea1,ea1,am1.1,ea1,ea1,ea1
EPI_ISL_18132438,2022-03-08,USA,american_anchor,,,,,SI,SI,SI,SI,SI,SI,SI,SI,am1.2,ea1,ea1,ea1,am1.1,ea1,ea1,ea1
EPI_ISL_18132448,2022-02-01,USA,american_anchor,,,,,SI,SI,SI,SI,SI,SI,SI,SI,am1.1,am1.1,ea1,ea1,am1.2,ea1,ea1,ea1
EPI_ISL_18132450,2022-03-18,USA,american_anchor,,,,,SI,SI,SI,SI,SI,SI,SI,SI,ea1,ea1,ea1,ea1,ea1,ea1,ea1,ea1
EPI_ISL_18132458,2022-03-11,USA,american_anchor,,,,,SI,SI,SI,SI,SI,SI,SI,SI,am1.1,am1.1,ea1,ea1,am1.2,ea1,ea1,ea1
EPI_ISL_18132459,2022-02-28,USA,american_anchor,,,,,SI,SI,SI,SI,SI,SI,SI,SI,ea1,ea1,ea1,ea1,ea1,ea1,ea1,ea1
EPI_ISL_18132466,2022-03-23,USA,american_anchor,,,,,SI,SI,SI,SI,SI,SI,SI,SI,am1.1,am1.1,ea1,ea1,am1.2,ea1,ea1,ea1
EPI_ISL_18132475,2022-02-13,USA,american_anchor,,,,,SI,SI,SI,SI,SI,SI,SI,SI,ea1,ea1,ea1,ea1,ea1,ea1,ea1,ea1
EPI_ISL_18132476,2022-03-23,USA,american_anchor,,,,,SI,SI,SI,SI,SI,SI,SI,SI,am1.2,ea1,ea1,ea1,am1.1,ea1,ea1,ea1
EPI_ISL_18132478,2022-01-29,USA,american_anchor,,,,,SI,SI,SI,SI,SI,SI,SI,SI,ea1,ea1,ea1,ea1,ea1,ea1,ea1,ea1
EPI_ISL_18132490,2022-04-05,USA,american_anchor,,,,,SI,SI,SI,SI,SI,SI,SI,SI,am1.2,ea1,ea1,ea1,am1.1,ea1,ea1,am1.2
EPI_ISL_18132498,2022-04-01,USA,american_anchor,,,,,SI,SI,SI,SI,SI,SI,SI,SI,am1.2,ea1,ea1,ea1,am1.1,ea1,ea1,ea1
EPI_ISL_18132503,2022-03-11,USA,american_anchor,,,,,SI,SI,SI,SI,SI,SI,SI,SI,ea1,ea1,ea1,ea1,am1.4.2,ea1,ea1,ea1
EPI_ISL_18132513,2022-03-31,USA,american_anchor,,,,,SI,SI,SI,SI,SI,SI,SI,SI,am1.2,ea1,ea1,ea1,am1.1,ea1,ea1,ea1
EPI_ISL_18132515,2022-02-21,USA,american_anchor,,,,,SI,SI,SI,SI,SI,SI,SI,SI,ea1,ea2,ea1,ea2,ea1,ea2,ea1,ea1
EPI_ISL_18132516,2022-04-13,USA,american_anchor,,,,,SI,SI,SI,SI,SI,SI,SI,SI,am1.2,ea1,ea1,ea1,am1.1,ea1,ea1,ea1
EPI_ISL_18132518,2022-03-04,USA,american_anchor,,,,,SI,SI,SI,SI,SI,SI,SI,SI,ea1,ea2,ea1,ea2,ea1,ea2,ea1,ea1
EPI_ISL_18132520,2022-04-01,USA,american_anchor,,,,,SI,SI,SI,SI,SI,SI,SI,SI,am1.2,ea1,ea1,ea1,am1.1,ea1,ea1,ea1
EPI_ISL_18132521,2022-03-25,USA,american_anchor,,,,,SI,SI,SI,SI,SI,SI,SI,SI,ea1,ea1,ea1,ea1,ea1,ea1,ea1,ea1
EPI_ISL_18132539,2022-03-25,USA,american_anchor,,,,,SI,SI,SI,SI,SI,SI,SI,SI,ea1,ea1,ea1,ea1,am1.4.2,ea1,ea1,ea1
EPI_ISL_18132542,2022-03-22,USA,american_anchor,,,,,SI,SI,SI,SI,SI,SI,SI,SI,am1.2,ea1,ea1,ea1,am1.1,ea1,ea1,ea1
EPI_ISL_18132557,2022-04-23,USA,american_anchor,,,,,SI,SI,SI,SI,SI,SI,SI,SI,am1.2,ea1,ea1,ea1,am1.1,ea1,ea1,am1.2
EPI_ISL_18132569,2022-04-14,USA,american_anchor,,,,,SI,SI,SI,SI,SI,SI,SI,SI,am1.2,ea1,ea1,ea1,am1.1,ea1,ea1,ea1
EPI_ISL_18132579,2022-04-01,USA,american_anchor,,,,,SI,SI,SI,SI,SI,SI,SI,SI,ea1,ea1,ea1,ea1,ea1,ea1,ea1,ea1
EPI_ISL_18132592,2022-04-21,USA,american_anchor,,,,,SI,SI,SI,SI,SI,SI,SI,SI,ea1,ea1,ea1,ea1,ea1,ea1,ea1,ea1
EPI_ISL_18132593,2022-04-24,USA,american_anchor,,,,,SI,SI,SI,SI,SI,SI,SI,SI,am1.2,ea1,ea1,ea1,am1.1,ea1,ea1,ea1
EPI_ISL_18132603,2022-02-11,USA,american_anchor,,,,,SI,SI,SI,SI,SI,SI,SI,SI,ea1,ea1,ea1,ea1,ea1,ea1,ea1,ea1
EPI_ISL_18132607,2022-02-11,USA,american_anchor,,,,,SI,SI,SI,SI,SI,SI,SI,SI,ea1,ea1,ea1,ea1,ea1,ea1,ea1,ea1
EPI_ISL_18132608,2022-04-25,USA,american_anchor,,,,,SI,SI,SI,SI,SI,SI,SI,SI,ea1,ea1,ea1,ea1,ea1,ea1,ea1,ea1
EPI_ISL_18132633,2022-03-23,USA,american_anchor,,,,,SI,SI,SI,SI,SI,SI,SI,SI,ea1,ea1,ea1,ea1,ea1,ea1,ea1,ea1
EPI_ISL_18132641,2022-04-17,USA,american_anchor,,,,,SI,SI,SI,SI,SI,SI,SI,SI,am1.2,ea1,ea1,ea1,am1.1,ea1,ea1,ea1
EPI_ISL_18132644,2022-04-25,USA,american_anchor,,,,,SI,SI,SI,SI,SI,SI,SI,SI,am1.1,am1.1,am1,ea1,am1.2,ea1,ea1,ea1
EPI_ISL_18132645,2022-04-15,USA,american_anchor,,,,,SI,SI,SI,SI,SI,SI,SI,SI,am1.2,ea1,ea1,ea1,am1.1,ea1,ea1,ea1
EPI_ISL_18132649,2022-04-12,USA,american_anchor,,,,,SI,SI,SI,SI,SI,SI,SI,SI,am2.1,ea1,ea1,ea1,am1.4.1,ea1,ea1,ea1
EPI_ISL_18132662,2022-04-11,USA,american_anchor,,,,,SI,SI,SI,SI,SI,SI,SI,SI,ea1,ea1,ea1,ea1,ea1,ea1,ea1,ea1
EPI_ISL_18132687,2022-03-03,USA,american_anchor,,,,,SI,SI,SI,SI,SI,SI,SI,SI,ea1,ea1,ea1,ea1,ea1,ea1,ea1,ea1
EPI_ISL_18132691,2022-03-03,USA,american_anchor,,,,,SI,SI,SI,SI,SI,SI,SI,SI,ea1,ea1,ea1,ea1,ea1,ea1,ea1,ea1
EPI_ISL_18132703,2022-02-12,USA,american_anchor,,,,,SI,SI,SI,SI,SI,SI,SI,SI,ea1,ea1,ea1,ea1,ea1,ea1,ea1,ea1
EPI_ISL_18132719,2022-03-26,USA,american_anchor,,,,,SI,SI,SI,SI,SI,SI,SI,SI,am1.2,ea1,ea1,ea1,am1.1,ea1,ea1,ea1
EPI_ISL_18132726,2022-04-04,USA,american_anchor,,,,,SI,SI,SI,SI,SI,SI,SI,SI,am1.2,ea1,ea1,ea1,am1.1,ea1,ea1,ea1
EPI_ISL_18132743,2022-03-29,USA,american_anchor,,,,,SI,SI,SI,SI,SI,SI,SI,SI,am1.2,ea1,ea1,ea1,am1.1,ea1,ea1,ea1
EPI_ISL_18132746,2022-03-23,USA,american_anchor,,,,,SI,SI,SI,SI,SI,SI,SI,SI,am1.2,ea1,ea1,ea1,am1.1,ea1,ea1,ea1
EPI_ISL_18132748,2022-03-08,USA,american_anchor,,,,,SI,SI,SI,SI,SI,SI,SI,SI,ea1,ea1,ea1,ea1,ea1,ea1,ea1,ea1
EPI_ISL_18132754,2022-03-22,USA,american_anchor,,,,,SI,SI,SI,SI,SI,SI,SI,SI,am2.1,am1.2,ea1,ea1,am1.4.1,ea1,ea1,am1.1
EPI_ISL_18132756,2022-04-27,USA,american_anchor,,,,,SI,SI,SI,SI,SI,SI,SI,SI,am2.1,ea1,ea1,ea1,am1.4.1,ea1,ea1,ea1
EPI_ISL_18132766,2022-03-21,USA,american_anchor,,,,,SI,SI,SI,SI,SI,SI,SI,SI,am1.2,ea1,ea1,ea1,am1.1,ea1,ea1,ea1
EPI_ISL_18132770,2022-03-21,USA,american_anchor,,,,,SI,SI,SI,SI,SI,SI,SI,SI,am1.2,ea1,ea1,ea1,am1.1,ea1,ea1,ea1
EPI_ISL_18132782,2022-03-28,USA,american_anchor,,,,,SI,SI,SI,SI,SI,SI,SI,SI,am1.2,ea1,ea1,ea1,am1.1,ea1,ea1,ea1
EPI_ISL_18132785,2022-03-28,USA,american_anchor,,,,,SI,SI,SI,SI,SI,SI,SI,SI,am1.2,ea1,ea1,ea1,am1.1,ea1,ea1,ea1
EPI_ISL_18132805,2022-04-04,USA,american_anchor,,,,,SI,SI,SI,SI,SI,SI,SI,SI,am1.2,ea1,ea1,ea1,am1.1,ea1,ea1,ea1
EPI_ISL_18132816,2022-03-27,USA,american_anchor,,,,,SI,SI,SI,SI,SI,SI,SI,SI,ea1,ea1,ea1,ea1,ea1,ea1,ea1,ea1
EPI_ISL_18132827,2022-04-04,USA,american_anchor,,,,,SI,SI,SI,SI,SI,SI,SI,SI,am1.2,ea1,ea1,ea1,am1.1,ea1,ea1,ea1
EPI_ISL_18132835,2022-04-01,USA,american_anchor,,,,,SI,SI,SI,SI,SI,SI,SI,SI,am2.1,ea1,ea1,ea1,am1.4.1,ea1,ea1,ea1
EPI_ISL_18132838,2022-03-01,USA,american_anchor,,,,,SI,SI,SI,SI,SI,SI,SI,SI,am1.2,ea1,ea1,ea1,am1.1,ea1,ea1,ea1
EPI_ISL_18132840,2022-03-28,USA,american_anchor,,,,,SI,SI,SI,SI,SI,SI,SI,SI,am1.2,ea1,ea1,ea1,am1.1,ea1,ea1,ea1
EPI_ISL_18132845,2022-03-31,USA,american_anchor,,,,,SI,SI,SI,SI,SI,SI,SI,SI,am2.1,ea1,ea1,ea1,am1.4.1,ea1,ea1,ea1
EPI_ISL_18132857,2022-03-29,USA,american_anchor,,,,,SI,SI,SI,SI,SI,SI,SI,SI,ea1,ea1,ea1,ea1,ea1,ea1,ea1,ea1
EPI_ISL_18132859,2022-03-31,USA,american_anchor,,,,,SI,SI,SI,SI,SI,SI,SI,SI,ea1,ea1,ea1,ea1,ea1,ea1,ea1,ea1
EPI_ISL_18132874,2022-03-31,USA,american_anchor,,,,,SI,SI,SI,SI,SI,SI,SI,SI,ea1,ea1,ea1,ea1,ea1,ea1,ea1,ea1
EPI_ISL_18132879,2022-03-31,USA,american_anchor,,,,,SI,SI,SI,SI,SI,SI,SI,SI,ea1,ea1,ea1,ea1,ea1,ea1,ea1,ea1
EPI_ISL_18132883,2022-03-31,USA,american_anchor,,,,,SI,SI,SI,SI,SI,SI,SI,SI,ea1,ea1,ea1,ea1,ea1,ea1,ea1,ea1
EPI_ISL_18132895,2022-04-22,USA,american_anchor,,,,,SI,SI,SI,SI,SI,SI,SI,SI,am1.1,am1.1,ea1,ea1,am1.2,ea1,ea1,ea1
EPI_ISL_18132915,2022-04-20,USA,american_anchor,,,,,SI,SI,SI,SI,SI,SI,SI,SI,am1.1,am1.1,ea1,ea1,am1.2,ea1,ea1,ea1
EPI_ISL_18132919,2022-04-20,USA,american_anchor,,,,,SI,SI,SI,SI,SI,SI,SI,SI,am1.1,am1.1,ea1,ea1,am1.2,ea1,ea1,ea1
EPI_ISL_18132921,2022-03-30,USA,american_anchor,,,,,SI,SI,SI,SI,SI,SI,SI,SI,am1.2,ea1,ea1,ea1,am1.1,ea1,ea1,ea1
EPI_ISL_18132923,2022-04-08,USA,american_anchor,,,,,SI,SI,SI,SI,SI,SI,SI,SI,am1.1,am1.1,am1,ea1,am1.2,ea1,ea1,ea1
EPI_ISL_18132924,2022-03-20,USA,american_anchor,,,,,SI,SI,SI,SI,SI,SI,SI,SI,am2.1,am1.2,ea1,ea1,am1.4.1,ea1,ea1,am1.1
EPI_ISL_18132925,2022-03-17,USA,american_anchor,,,,,SI,SI,SI,SI,SI,SI,SI,SI,am1.1,am1.1,ea1,ea1,am1.2,ea1,ea1,ea1
EPI_ISL_18132926,2022-03-31,USA,american_anchor,,,,,SI,SI,SI,SI,SI,SI,SI,SI,am1.2,ea1,ea1,ea1,am1.1,ea1,ea1,ea1
EPI_ISL_18132927,2022-02-23,USA,american_anchor,,,,,SI,SI,SI,SI,SI,SI,SI,SI,am1.1,am1.1,ea1,ea1,am1.2,ea1,ea1,ea1
EPI_ISL_18132928,2022-04-15,USA,american_anchor,,,,,SI,SI,SI,SI,SI,SI,SI,SI,am1.1,am1.1,ea1,ea1,am1.2,ea1,ea1,ea1
EPI_ISL_18132933,2022-02-28,USA,american_anchor,,,,,SI,SI,SI,SI,SI,SI,SI,SI,am1.1,am1.1,ea1,ea1,am1.2,ea1,ea1,ea1
EPI_ISL_18132937,2022-02-01,USA,american_anchor,,,,,SI,SI,SI,SI,SI,SI,SI,SI,am1.1,am1.1,ea1,ea1,am1.2,ea1,ea1,ea1
EPI_ISL_18132940,2022-03-07,USA,american_anchor,,,,,SI,SI,SI,SI,SI,SI,SI,SI,am1.1,am1.1,ea1,ea1,am1.2,ea1,ea1,ea1
EPI_ISL_18132941,2022-02-01,USA,american_anchor,,,,,SI,SI,SI,SI,SI,SI,SI,SI,am1.1,am1.1,ea1,ea1,am1.2,ea1,ea1,ea1
EPI_ISL_18132944,2022-02-25,USA,american_anchor,,,,,SI,SI,SI,SI,SI,SI,SI,SI,am1.1,am1.1,ea1,ea1,am1.2,ea1,ea1,ea1
EPI_ISL_18132945,2022-02-23,USA,american_anchor,,,,,SI,SI,SI,SI,SI,SI,SI,SI,am1.1,am1.1,ea1,ea1,am1.2,ea1,ea1,ea1
EPI_ISL_18132949,2022-02-16,USA,american_anchor,,,,,SI,SI,SI,SI,SI,SI,SI,SI,am1.1,am1.1,ea1,ea1,am1.2,ea1,ea1,ea1
EPI_ISL_18132971,2022-03-30,USA,american_anchor,,,,,SI,SI,SI,SI,SI,SI,SI,SI,am1.1,am1.1,ea1,ea1,am1.2,ea1,ea1,ea1
EPI_ISL_18132994,2022-03-28,USA,american_anchor,,,,,SI,SI,SI,SI,SI,SI,SI,SI,am1.1,am1.1,am1,ea1,am1.2,ea1,ea1,ea1
EPI_ISL_18132995,2022-03-21,USA,american_anchor,,,,,SI,SI,SI,SI,SI,SI,SI,SI,am1.1,am1.1,ea1,ea1,am1.2,ea1,ea1,ea1
EPI_ISL_18132996,2022-04-26,USA,american_anchor,,,,,SI,SI,SI,SI,SI,SI,SI,SI,am2.1,am1.2,ea1,ea1,am1.4.1,ea1,ea1,am1.1
EPI_ISL_18132997,2022-02-28,USA,american_anchor,,,,,SI,SI,SI,SI,SI,SI,SI,SI,ea1,ea1,ea1,ea1,ea1,ea1,ea1,ea1
EPI_ISL_18132998,2022-03-28,USA,american_anchor,,,,,SI,SI,SI,SI,SI,SI,SI,SI,am1.1,am1.1,am1,ea1,am1.2,ea1,ea1,ea1
EPI_ISL_18133005,2022-03-29,USA,american_anchor,,,,,SI,SI,SI,SI,SI,SI,SI,SI,am1.2,ea1,ea1,ea1,am1.1,ea1,ea1,ea1
EPI_ISL_18133017,2022-01-08,USA,american_anchor,,,,,SI,SI,SI,SI,SI,SI,SI,SI,ea1,ea1,ea1,ea1,ea1,ea1,ea1,ea1
EPI_ISL_18133021,2022-01-08,USA,american_anchor,,,,,SI,SI,SI,SI,SI,SI,SI,SI,ea1,ea1,ea1,ea1,ea1,ea1,ea1,ea1
EPI_ISL_18133023,2022-01-06,USA,american_anchor,,,,,SI,SI,SI,SI,SI,SI,SI,SI,ea1,ea1,ea1,ea1,ea1,ea1,ea1,ea1
EPI_ISL_18133024,2022-01-08,USA,american_anchor,,,,,SI,SI,SI,SI,SI,SI,SI,SI,ea1,ea1,ea1,ea1,ea1,ea1,ea1,ea1
EPI_ISL_18133026,2022-01-06,USA,american_anchor,,,,,SI,SI,SI,SI,SI,SI,SI,SI,ea1,ea1,ea1,ea1,ea1,ea1,ea1,ea1
EPI_ISL_18133029,2021-12-30,USA,american_anchor,,,,,SI,SI,SI,SI,SI,SI,SI,SI,ea1,ea1,ea1,ea1,ea1,ea1,ea1,ea1
EPI_ISL_18133032,2022-01-26,USA,american_anchor,,,,,SI,SI,SI,SI,SI,SI,SI,SI,ea1,ea1,ea1,ea1,ea1,ea1,ea1,ea1
EPI_ISL_18133035,2022-01-22,USA,american_anchor,,,,,SI,SI,SI,SI,SI,SI,SI,SI,ea1,ea1,ea1,ea1,ea1,ea1,ea1,ea1
EPI_ISL_18133039,2022-01-08,USA,american_anchor,,,,,SI,SI,SI,SI,SI,SI,SI,SI,ea1,ea1,ea1,ea1,ea1,ea1,ea1,ea1
EPI_ISL_18133041,2022-04-07,USA,american_anchor,,,,,SI,SI,SI,SI,SI,SI,SI,SI,am2.1,ea1,ea1,ea1,am1.4.1,ea1,ea1,ea1
EPI_ISL_18133048,2022-03-15,USA,american_anchor,,,,,SI,SI,SI,SI,SI,SI,SI,SI,ea1,ea2,ea1,ea2,ea1,ea2,ea1,ea1
EPI_ISL_18133051,2022-01-08,USA,american_anchor,,,,,SI,SI,SI,SI,SI,SI,SI,SI,ea1,ea1,ea1,ea1,ea1,ea1,ea1,ea1
EPI_ISL_18133072,2022-02-22,USA,american_anchor,,,,,SI,SI,SI,SI,SI,SI,SI,SI,ea1,ea1,ea1,ea1,ea1,ea1,ea1,ea1
EPI_ISL_18133073,2022-03-09,USA,american_anchor,,,,,SI,SI,SI,SI,SI,SI,SI,SI,ea1,ea1,ea1,ea1,ea1,ea1,ea1,ea1
EPI_ISL_18133075,2022-02-22,USA,american_anchor,,,,,SI,SI,SI,SI,SI,SI,SI,SI,ea1,ea1,ea1,ea1,ea1,ea1,ea1,ea1
EPI_ISL_18133079,2022-03-04,USA,american_anchor,,,,,SI,SI,SI,SI,SI,SI,SI,SI,am1.1,am1.1,am1,ea1,am1.2,ea1,ea1,ea1
EPI_ISL_18133089,2022-02-16,USA,american_anchor,,,,,SI,SI,SI,SI,SI,SI,SI,SI,ea1,ea2,ea1,ea2,ea1,ea2,ea1,ea1
EPI_ISL_18133109,2022-01-08,USA,american_anchor,,,,,SI,SI,SI,SI,SI,SI,SI,SI,ea1,ea1,ea1,ea1,ea1,ea1,ea1,ea1
EPI_ISL_18133113,2022-01-08,USA,american_anchor,,,,,SI,SI,SI,SI,SI,SI,SI,SI,ea1,ea1,ea1,ea1,ea1,ea1,ea1,ea1
EPI_ISL_18133114,2022-02-22,USA,american_anchor,,,,,SI,SI,SI,SI,SI,SI,SI,SI,ea1,ea1,ea1,ea1,ea1,ea1,ea1,ea1
EPI_ISL_18133117,2022-01-08,USA,american_anchor,,,,,SI,SI,SI,SI,SI,SI,SI,SI,ea1,ea1,ea1,ea1,ea1,ea1,ea1,ea1
EPI_ISL_18133121,2022-01-08,USA,american_anchor,,,,,SI,SI,SI,SI,SI,SI,SI,SI,ea1,ea1,ea1,ea1,ea1,ea1,ea1,ea1
EPI_ISL_18133132,2022-04-26,USA,american_anchor,,,,,SI,SI,SI,SI,SI,SI,SI,SI,am2.1,am1.2,ea1,ea1,am1.4.1,ea1,ea1,am1.1
EPI_ISL_18133140,2022-01-08,USA,american_anchor,,,,,SI,SI,SI,SI,SI,SI,SI,SI,ea1,ea1,ea1,ea1,ea1,ea1,ea1,ea1
EPI_ISL_18133141,2022-02-03,USA,american_anchor,,,,,SI,SI,SI,SI,SI,SI,SI,SI,ea1,ea1,ea1,ea1,ea1,ea1,ea1,ea1
EPI_ISL_18133145,2022-02-03,USA,american_anchor,,,,,SI,SI,SI,SI,SI,SI,SI,SI,ea1,ea1,ea1,ea1,ea1,ea1,ea1,ea1
EPI_ISL_18133148,2022-02-05,USA,american_anchor,,,,,SI,SI,SI,SI,SI,SI,SI,SI,ea1,ea1,ea1,ea1,ea1,ea1,ea1,ea1
EPI_ISL_18133155,2022-04-05,USA,american_anchor,,,,,SI,SI,SI,SI,SI,SI,SI,SI,am1.1,am1.1,ea1,ea1,am1.2,ea1,ea1,ea1
EPI_ISL_18133168,2022-04-12,USA,american_anchor,,,,,SI,SI,SI,SI,SI,SI,SI,SI,ea1,ea1,ea1,ea1,ea1,ea1,ea1,ea1
EPI_ISL_18133176,2022-04-28,USA,american_anchor,,,,,SI,SI,SI,SI,SI,SI,SI,SI,am2.1,am1.2,ea1,ea1,am1.4.1,ea1,ea1,am1.1
EPI_ISL_18133182,2022-04-11,USA,american_anchor,,,,,SI,SI,SI,SI,SI,SI,SI,SI,am2.1,am1.2,ea1,ea1,am1.4.1,ea1,ea1,am1.1
EPI_ISL_18133192,2022-02-01,USA,american_anchor,,,,,SI,SI,SI,SI,SI,SI,SI,SI,ea1,ea1,ea1,ea1,am1.4.1,ea1,ea1,ea1
EPI_ISL_18133196,2022-02-01,USA,american_anchor,,,,,SI,SI,SI,SI,SI,SI,SI,SI,ea1,ea1,ea1,ea1,am1.4.1,ea1,ea1,ea1
EPI_ISL_18133202,2022-04-04,USA,american_anchor,,,,,SI,SI,SI,SI,SI,SI,SI,SI,am1.2,ea1,ea1,ea1,am1.1,ea1,ea1,ea1
EPI_ISL_18133207,2022-04-29,USA,american_anchor,,,,,SI,SI,SI,SI,SI,SI,SI,SI,am2.1,ea1,ea1,ea1,am1.4.1,ea1,ea1,ea1
EPI_ISL_18133210,2022-03-14,USA,american_anchor,,,,,SI,SI,SI,SI,SI,SI,SI,SI,am1.2,ea1,ea1,ea1,am1.1,ea1,ea1,ea1
EPI_ISL_18133214,2022-03-14,USA,american_anchor,,,,,SI,SI,SI,SI,SI,SI,SI,SI,am1.2,ea1,ea1,ea1,am1.1,ea1,ea1,ea1
EPI_ISL_18133218,2022-03-18,USA,american_anchor,,,,,SI,SI,SI,SI,SI,SI,SI,SI,am1.1,am1.1,ea1,ea1,am1.2,ea1,ea1,ea1
EPI_ISL_18133220,2022-02-07,USA,american_anchor,,,,,SI,SI,SI,SI,SI,SI,SI,SI,ea1,ea1,ea1,ea1,ea1,ea1,ea1,ea1
EPI_ISL_18133228,2022-02-24,USA,american_anchor,,,,,SI,SI,SI,SI,SI,SI,SI,SI,am1.1,am1.1,ea1,ea1,am1.2,ea1,ea1,ea1
EPI_ISL_18133232,2022-04-22,USA,american_anchor,,,,,SI,SI,SI,SI,SI,SI,SI,SI,am1.1,am1.1,ea1,ea1,am1.2,ea1,ea1,ea1
EPI_ISL_18133233,2022-01-26,USA,american_anchor,,,,,SI,SI,SI,SI,SI,SI,SI,SI,ea1,ea1,ea1,ea1,ea1,ea1,ea1,ea1
EPI_ISL_18133237,2022-01-26,USA,american_anchor,,,,,SI,SI,SI,SI,SI,SI,SI,SI,ea1,ea1,ea1,ea1,ea1,ea1,ea1,ea1
EPI_ISL_18133241,2022-01-26,USA,american_anchor,,,,,SI,SI,SI,SI,SI,SI,SI,SI,ea1,ea1,ea1,ea1,ea1,ea1,ea1,ea1
EPI_ISL_18133242,2022-02-24,USA,american_anchor,,,,,SI,SI,SI,SI,SI,SI,SI,SI,am1.1,am1.1,am1,ea1,am1.2,ea1,ea1,ea1
EPI_ISL_18133245,2022-01-26,USA,american_anchor,,,,,SI,SI,SI,SI,SI,SI,SI,SI,ea1,ea1,ea1,ea1,ea1,ea1,ea1,ea1
EPI_ISL_18133249,2022-01-26,USA,american_anchor,,,,,SI,SI,SI,SI,SI,SI,SI,SI,ea1,ea1,ea1,ea1,ea1,ea1,ea1,ea1
EPI_ISL_18133253,2022-02-07,USA,american_anchor,,,,,SI,SI,SI,SI,SI,SI,SI,SI,ea1,ea1,ea1,ea1,ea1,ea1,ea1,ea1
EPI_ISL_18133268,2022-02-03,USA,american_anchor,,,,,SI,SI,SI,SI,SI,SI,SI,SI,ea1,ea1,ea1,ea1,ea1,ea1,ea1,ea1
EPI_ISL_18133269,2022-02-28,USA,american_anchor,,,,,SI,SI,SI,SI,SI,SI,SI,SI,ea1,ea1,ea1,ea1,ea1,ea1,ea1,ea1
EPI_ISL_18133273,2022-02-08,USA,american_anchor,,,,,SI,SI,SI,SI,SI,SI,SI,SI,am1.1,am1.1,ea1,ea1,am1.2,ea1,ea1,ea1
EPI_ISL_18133285,2022-03-09,USA,american_anchor,,,,,SI,SI,SI,SI,SI,SI,SI,SI,ea1,ea1,ea1,ea1,ea1,ea1,ea1,ea1
EPI_ISL_18133300,2022-04-14,USA,american_anchor,,,,,SI,SI,SI,SI,SI,SI,SI,SI,am1.1,am1.1,am1,ea1,am1.2,ea1,ea1,ea1
EPI_ISL_18133323,2022-04-07,USA,american_anchor,,,,,SI,SI,SI,SI,SI,SI,SI,SI,am1.2,ea1,ea1,ea1,am1.1,ea1,ea1,ea1
EPI_ISL_18133331,2022-03-09,USA,american_anchor,,,,,SI,SI,SI,SI,SI,SI,SI,SI,ea1,ea1,ea1,ea1,ea1,ea1,ea1,ea1
EPI_ISL_18133332,2022-03-22,USA,american_anchor,,,,,SI,SI,SI,SI,SI,SI,SI,SI,ea1,ea1,ea1,ea1,ea1,ea1,ea1,ea1
EPI_ISL_18133359,2022-03-31,USA,american_anchor,,,,,SI,SI,SI,SI,SI,SI,SI,SI,am1.1,am1.1,ea1,ea1,am1.2,ea1,ea1,ea1
EPI_ISL_18133370,2022-03-17,USA,american_anchor,,,,,SI,SI,SI,SI,SI,SI,SI,SI,am1.1,am1.1,am1,ea1,am1.2,ea1,ea1,ea1
EPI_ISL_18133379,2022-03-17,USA,american_anchor,,,,,SI,SI,SI,SI,SI,SI,SI,SI,am1.1,am1.1,am1,ea1,am1.2,ea1,ea1,ea1
EPI_ISL_18133386,2022-02-03,USA,american_anchor,,,,,SI,SI,SI,SI,SI,SI,SI,SI,ea1,ea1,ea1,ea1,ea1,ea1,ea1,ea1
EPI_ISL_18133396,2022-03-14,USA,american_anchor,,,,,SI,SI,SI,SI,SI,SI,SI,SI,ea1,ea1,ea1,ea1,ea1,ea1,ea1,ea1
EPI_ISL_18133398,2022-02-04,USA,american_anchor,,,,,SI,SI,SI,SI,SI,SI,SI,SI,ea1,ea1,ea1,ea1,ea1,ea1,ea1,ea1
EPI_ISL_18133404,2022-04-01,USA,american_anchor,,,,,SI,SI,SI,SI,SI,SI,SI,SI,ea1,ea1,ea1,ea1,ea1,ea1,ea1,ea1
EPI_ISL_18133409,2022-04-22,USA,american_anchor,,,,,SI,SI,SI,SI,SI,SI,SI,SI,am1.2,ea1,ea1,ea1,am1.1,ea1,ea1,ea1
EPI_ISL_18133415,2022-04-25,USA,american_anchor,,,,,SI,SI,SI,SI,SI,SI,SI,SI,am2.1,am1.2,ea1,ea1,am1.4.1,ea1,ea1,am1.1
EPI_ISL_18133416,2021-12-30,USA,american_anchor,,,,,SI,SI,SI,SI,SI,SI,SI,SI,ea1,ea1,ea1,ea1,ea1,ea1,ea1,ea1
EPI_ISL_18133419,2022-01-22,USA,american_anchor,,,,,SI,SI,SI,SI,SI,SI,SI,SI,ea1,ea1,ea1,ea1,ea1,ea1,ea1,ea1
EPI_ISL_18133425,2022-01-06,USA,american_anchor,,,,,SI,SI,SI,SI,SI,SI,SI,SI,ea1,ea1,ea1,ea1,ea1,ea1,ea1,ea1
EPI_ISL_18133429,2022-01-06,USA,american_anchor,,,,,SI,SI,SI,SI,SI,SI,SI,SI,ea1,ea1,ea1,ea1,ea1,ea1,ea1,ea1
EPI_ISL_18133436,2022-04-18,USA,american_anchor,,,,,SI,SI,SI,SI,SI,SI,SI,SI,am2.1,am1.2,ea1,ea1,am1.4.1,ea1,ea1,am1.1
EPI_ISL_18133437,2022-02-27,USA,american_anchor,,,,,SI,SI,SI,SI,SI,SI,SI,SI,am1.1,am1.1,am1,ea1,am1.2,ea1,ea1,ea1
EPI_ISL_18133438,2022-03-14,USA,american_anchor,,,,,SI,SI,SI,SI,SI,SI,SI,SI,am1.2,ea1,ea1,ea1,am1.1,ea1,ea1,ea1
EPI_ISL_18133441,2022-01-22,USA,american_anchor,,,,,SI,SI,SI,SI,SI,SI,SI,SI,ea1,ea1,ea1,ea1,ea1,ea1,ea1,ea1
EPI_ISL_18133443,2022-03-15,USA,american_anchor,,,,,SI,SI,SI,SI,SI,SI,SI,SI,am1.1,am1.1,ea1,ea1,am1.2,ea1,ea1,ea1
EPI_ISL_18133445,2022-01-15,USA,american_anchor,,,,,SI,SI,SI,SI,SI,SI,SI,SI,ea1,ea1,ea1,ea1,ea1,ea1,ea1,ea1
EPI_ISL_18133448,2022-04-01,USA,american_anchor,,,,,SI,SI,SI,SI,SI,SI,SI,SI,am1.1,am1.1,am1,ea1,am1.2,ea1,ea1,ea1
EPI_ISL_18133449,2022-01-08,USA,american_anchor,,,,,SI,SI,SI,SI,SI,SI,SI,SI,ea1,ea1,ea1,ea1,ea1,ea1,ea1,ea1
EPI_ISL_18133460,2022-04-11,USA,american_anchor,,,,,SI,SI,SI,SI,SI,SI,SI,SI,am2.1,ea1,ea1,ea1,am1.4.1,ea1,ea1,ea1
EPI_ISL_18133461,2022-01-08,USA,american_anchor,,,,,SI,SI,SI,SI,SI,SI,SI,SI,ea1,ea1,ea1,ea1,ea1,ea1,ea1,ea1
EPI_ISL_18133463,2022-01-31,USA,american_anchor,,,,,SI,SI,SI,SI,SI,SI,SI,SI,ea1,ea1,ea1,ea1,ea1,ea1,ea1,ea1
EPI_ISL_18133466,2022-01-29,USA,american_anchor,,,,,SI,SI,SI,SI,SI,SI,SI,SI,ea1,ea1,ea1,ea1,ea1,ea1,ea1,ea1
EPI_ISL_18133469,2022-01-29,USA,american_anchor,,,,,SI,SI,SI,SI,SI,SI,SI,SI,ea1,ea1,ea1,ea1,ea1,ea1,ea1,ea1
EPI_ISL_18133470,2022-01-30,USA,american_anchor,,,,,SI,SI,SI,SI,SI,SI,SI,SI,ea1,ea1,ea1,ea1,ea1,ea1,ea1,ea1
EPI_ISL_18133472,2022-01-29,USA,american_anchor,,,,,SI,SI,SI,SI,SI,SI,SI,SI,ea1,ea1,ea1,ea1,ea1,ea1,ea1,ea1
EPI_ISL_18133475,2022-01-29,USA,american_anchor,,,,,SI,SI,SI,SI,SI,SI,SI,SI,ea1,ea1,ea1,ea1,ea1,ea1,ea1,ea1
EPI_ISL_18133477,2022-01-29,USA,american_anchor,,,,,SI,SI,SI,SI,SI,SI,SI,SI,ea1,ea1,ea1,ea1,ea1,ea1,ea1,ea1
EPI_ISL_18133482,2022-02-28,USA,american_anchor,,,,,SI,SI,SI,SI,SI,SI,SI,SI,am1.1,am1.1,ea1,ea1,am1.2,ea1,ea1,ea1
EPI_ISL_18133483,2022-04-06,USA,american_anchor,,,,,SI,SI,SI,SI,SI,SI,SI,SI,am2.1,am1.2,ea1,ea1,am1.4.1,ea1,ea1,am1.1
EPI_ISL_18133505,2022-03-31,USA,american_anchor,,,,,SI,SI,SI,SI,SI,SI,SI,SI,am1.2,ea1,ea1,ea1,am1.1,ea1,ea1,ea1
EPI_ISL_18133506,2022-03-18,USA,american_anchor,,,,,SI,SI,SI,SI,SI,SI,SI,SI,am1.2,ea1,ea1,ea1,am1.1,ea1,ea1,ea1
EPI_ISL_18133510,2022-04-21,USA,american_anchor,,,,,SI,SI,SI,SI,SI,SI,SI,SI,am1.2,ea1,ea1,ea1,am1.1,ea1,ea1,ea1
EPI_ISL_18133523,2022-02-25,USA,american_anchor,,,,,SI,SI,SI,SI,SI,SI,SI,SI,am1.1,am1.1,ea1,ea1,am1.2,ea1,ea1,ea1
EPI_ISL_18133525,2022-02-24,USA,american_anchor,,,,,SI,SI,SI,SI,SI,SI,SI,SI,am1.1,am1.1,ea1,ea1,am1.2,ea1,ea1,ea1
EPI_ISL_18133527,2022-04-03,USA,american_anchor,,,,,SI,SI,SI,SI,SI,SI,SI,SI,am2.1,am1.2,ea1,ea1,am1.4.1,ea1,ea1,am1.1
EPI_ISL_18697750,2022-01-01,USA,american_anchor,,,,,SI,SI,SI,SI,SI,SI,SI,SI,am1.1,am1.1,ea1,ea1,am1.2,ea1,ea1,ea1
EPI_ISL_19064367,2022-01-01,USA,american_anchor,,,,,SI,SI,SI,SI,SI,SI,SI,SI,am1.1,am1.1,ea1,ea1,am1.2,ea1,ea1,ea1
EPI_ISL_19064387,2022-01-01,USA,american_anchor,,,,,SI,SI,SI,SI,SI,SI,SI,SI,am1.1,am1.1,ea1,ea1,am1.2,ea1,ea1,ea1
EPI_ISL_19158174,2022-06-22,USA,american_anchor,,,,,SI,SI,SI,SI,SI,SI,SI,SI,am2.1,am1.2,ea1,ea1,am1.4.1,ea1,ea1,am1.1
EPI_ISL_19158178,2022-06-06,USA,american_anchor,,,,,SI,SI,SI,SI,SI,SI,SI,SI,am2.1,am1.2,ea1,ea1,am1.4.1,ea1,ea1,am1.1
EPI_ISL_19158203,2022-07-20,USA,american_anchor,,,,,SI,SI,SI,SI,SI,SI,SI,SI,am2.1,am1.2,ea1,ea1,am1.4.1,ea1,ea1,am1.1
EPI_ISL_19158209,2022-01-01,USA,american_anchor,,,,,SI,SI,SI,SI,SI,SI,SI,SI,ea3,ea3,ea3,ea3,ea3,ea3,ea3,ea3
EPI_ISL_19158210,2022-01-01,USA,american_anchor,,,,,SI,SI,SI,SI,SI,SI,SI,SI,ea3,ea3,ea3,ea3,ea3,ea3,ea3,ea3
EPI_ISL_19158217,2022-05-20,USA,american_anchor,,,,,SI,SI,SI,SI,SI,SI,SI,SI,am2.2,ea1,ea1,ea1,am1.3,ea1,ea1,ea1
EPI_ISL_19158226,2022-06-06,USA,american_anchor,,,,,SI,SI,SI,SI,SI,SI,SI,SI,am2.1,am1.2,ea1,ea1,am1.4.1,ea1,ea1,am1.1
EPI_ISL_19158227,2022-06-06,USA,american_anchor,,,,,SI,SI,SI,SI,SI,SI,SI,SI,am2.1,am1.2,ea1,ea1,am1.4.1,ea1,ea1,am1.1
EPI_ISL_19158230,2022-06-06,USA,american_anchor,,,,,SI,SI,SI,SI,SI,SI,SI,SI,am2.1,am1.2,ea1,ea1,am1.4.1,ea1,ea1,am1.1
EPI_ISL_19158258,2022-06-06,USA,american_anchor,,,,,SI,SI,SI,SI,SI,SI,SI,SI,am2.1,ea1,ea1,ea1,am1.4.1,ea1,ea1,ea1
EPI_ISL_19158285,2022-06-08,USA,american_anchor,,,,,SI,SI,SI,SI,SI,SI,SI,SI,am2.1,ea1,ea1,ea1,am1.4.1,ea1,ea1,ea1
EPI_ISL_19158286,2022-06-07,USA,american_anchor,,,,,SI,SI,SI,SI,SI,SI,SI,SI,am2.1,ea1,ea1,ea1,am1.4.1,ea1,ea1,ea1
EPI_ISL_19158298,2022-07-01,USA,american_anchor,,,,,SI,SI,SI,SI,SI,SI,SI,SI,am2.1,am1.2,ea1,ea1,am1.4.1,ea1,ea1,am1.1
EPI_ISL_19158299,2022-07-12,USA,american_anchor,,,,,SI,SI,SI,SI,SI,SI,SI,SI,ea3,ea3,ea3,ea3,ea3,ea3,ea3,ea3
EPI_ISL_19158328,2022-05-05,USA,american_anchor,,,,,SI,SI,SI,SI,SI,SI,SI,SI,am2.1,am1.2,ea1,ea1,am1.4.1,ea1,ea1,am1.1
EPI_ISL_19158330,2022-05-04,USA,american_anchor,,,,,SI,SI,SI,SI,SI,SI,SI,SI,am2.2,ea1,ea1,ea1,am1.3,ea1,ea1,ea1
EPI_ISL_19158331,2022-04-29,USA,american_anchor,,,,,SI,SI,SI,SI,SI,SI,SI,SI,am2.1,am1.2,ea1,ea1,am1.4.1,ea1,ea1,am1.1
EPI_ISL_19546771,2022-06-09,USA,american_anchor,,,,,SI,SI,SI,SI,SI,SI,SI,SI,am2.1,am1.2,ea1,ea1,am1.4.1,ea1,ea1,am1.1
EPI_ISL_19546778,2022-06-17,USA,american_anchor,,,,,SI,SI,SI,SI,SI,SI,SI,SI,am1.2,ea1,ea1,ea1,am1.1,ea1,ea1,ea1
EPI_ISL_19546779,2022-06-17,USA,american_anchor,,,,,SI,SI,SI,SI,SI,SI,SI,SI,am1.2,ea1,ea1,ea1,am1.1,ea1,ea1,ea1
EPI_ISL_19546780,2022-06-16,USA,american_anchor,,,,,SI,SI,SI,SI,SI,SI,SI,SI,am1.2,ea1,ea1,ea1,am1.1,ea1,ea1,ea1
EPI_ISL_19546783,2022-06-27,USA,american_anchor,,,,,SI,SI,SI,SI,SI,SI,SI,SI,ea1,ea2,ea1,ea2,ea1,ea2,ea1,ea1
EPI_ISL_19546785,2022-06-27,USA,american_anchor,,,,,SI,SI,SI,SI,SI,SI,SI,SI,am2.1,am1.2,ea1,ea1,am1.4.1,ea1,ea1,am1.1
EPI_ISL_19546788,2022-06-27,USA,american_anchor,,,,,SI,SI,SI,SI,SI,SI,SI,SI,am2.1,am1.2,ea1,ea1,am1.4.1,ea1,ea1,am1.1
EPI_ISL_19546789,2022-06-27,USA,american_anchor,,,,,SI,SI,SI,SI,SI,SI,SI,SI,am2.1,am1.2,ea1,ea1,am1.4.1,ea1,ea1,am1.1
EPI_ISL_19559075,2022-06-03,USA,american_anchor,,,,,SI,SI,SI,SI,SI,SI,SI,SI,am1.2,ea1,ea1,ea1,am1.1,ea1,ea1,ea1
EPI_ISL_19559077,2022-06-03,USA,american_anchor,,,,,SI,SI,SI,SI,SI,SI,SI,SI,am1.2,ea1,ea1,ea1,am1.1,ea1,ea1,ea1
EPI_ISL_19559093,2022-06-05,USA,american_anchor,,,,,SI,SI,SI,SI,SI,SI,SI,SI,ea1,ea1,ea1,ea1,ea1,ea1,ea1,ea1
EPI_ISL_19559097,2022-06-05,USA,american_anchor,,,,,SI,SI,SI,SI,SI,SI,SI,SI,ea1,ea1,ea1,ea1,ea1,ea1,ea1,ea1
EPI_ISL_19559105,2022-06-07,USA,american_anchor,,,,,SI,SI,SI,SI,SI,SI,SI,SI,ea1,ea1,ea1,ea1,ea1,ea1,ea1,ea1
EPI_ISL_19559112,2022-06-07,USA,american_anchor,,,,,SI,SI,SI,SI,SI,SI,SI,SI,am2.2,ea1,ea1,ea1,am1.3,ea1,ea1,ea1
EPI_ISL_19559115,2022-06-07,USA,american_anchor,,,,,SI,SI,SI,SI,SI,SI,SI,SI,am2.2,ea1,ea1,ea1,am1.3,ea1,ea1,ea1
EPI_ISL_19559129,2022-05-26,USA,american_anchor,,,,,SI,SI,SI,SI,SI,SI,SI,SI,am2.2,ea1,ea1,ea1,am1.3,ea1,ea1,ea1
EPI_ISL_19559132,2022-05-26,USA,american_anchor,,,,,SI,SI,SI,SI,SI,SI,SI,SI,am2.2,ea1,ea1,ea1,am1.3,ea1,ea1,ea1
EPI_ISL_19559139,2022-05-21,USA,american_anchor,,,,,SI,SI,SI,SI,SI,SI,SI,SI,ea1,ea1,ea1,ea1,ea1,ea1,ea1,ea1
EPI_ISL_19559145,2022-05-26,USA,american_anchor,,,,,SI,SI,SI,SI,SI,SI,SI,SI,am1.2,ea1,ea1,ea1,am1.1,ea1,ea1,ea1
EPI_ISL_19560324,2022-05-31,USA,american_anchor,,,,,SI,SI,SI,SI,SI,SI,SI,SI,ea1,ea1,ea1,ea1,ea1,ea1,ea1,ea1
EPI_ISL_19560327,2022-05-29,USA,american_anchor,,,,,SI,SI,SI,SI,SI,SI,SI,SI,am2.2,ea1,ea1,ea1,am1.3,ea1,ea1,ea1
EPI_ISL_19560328,2022-06-03,USA,american_anchor,,,,,SI,SI,SI,SI,SI,SI,SI,SI,am1.2,ea1,ea1,ea1,am1.1,ea1,ea1,ea1
EPI_ISL_19604050,2022-01-30,USA,american_anchor,,,,,SI,SI,SI,SI,SI,SI,SI,SI,ea1,ea1,ea1,ea1,ea1,ea1,ea1,ea1
EPI_ISL_19604051,2022-01-31,USA,american_anchor,,,,,SI,SI,SI,SI,SI,SI,SI,SI,ea1,ea1,ea1,ea1,ea1,ea1,ea1,ea1
EPI_ISL_19604072,2022-01-25,USA,american_anchor,,,,,SI,SI,SI,SI,SI,SI,SI,SI,ea1,ea1,ea1,ea1,ea1,ea1,ea1,ea1
EPI_ISL_19604073,2022-01-25,USA,american_anchor,,,,,SI,SI,SI,SI,SI,SI,SI,SI,ea1,ea1,ea1,ea1,ea1,ea1,ea1,ea1
EPI_ISL_19604074,2022-01-25,USA,american_anchor,,,,,SI,SI,SI,SI,SI,SI,SI,SI,ea1,ea1,ea1,ea1,ea1,ea1,ea1,ea1
EPI_ISL_19604096,2022-01-25,USA,american_anchor,,,,,SI,SI,SI,SI,SI,SI,SI,SI,ea1,ea1,ea1,ea1,ea1,ea1,ea1,ea1
EPI_ISL_19604143,2022-01-01,USA,american_anchor,,,,,SI,SI,SI,SI,SI,SI,SI,SI,am1.3,am1.3,am1.2,ea1,am1.2,ea1,ea1,ea1
EPI_ISL_19604185,2022-03-21,USA,american_anchor,,,,,SI,SI,SI,SI,SI,SI,SI,SI,am1.1,am1.1,ea1,ea1,am1.2,ea1,ea1,ea1
EPI_ISL_19604195,2022-03-08,USA,american_anchor,,,,,SI,SI,SI,SI,SI,SI,SI,SI,ea1,ea1,ea1,ea1,ea1,ea1,ea1,ea1
EPI_ISL_19604198,2022-05-10,USA,american_anchor,,,,,SI,SI,SI,SI,SI,SI,SI,SI,am2.2,ea1,ea1,ea1,am1.3,ea1,ea1,ea1
EPI_ISL_19604223,2022-06-10,USA,american_anchor,,,,,SI,SI,SI,SI,SI,SI,SI,SI,ea1,ea2,ea1,ea2,ea1,ea2,ea1,ea1
EPI_ISL_19604224,2022-06-10,USA,american_anchor,,,,,SI,SI,SI,SI,SI,SI,SI,SI,ea1,ea2,ea1,ea2,ea1,ea2,ea1,ea1
EPI_ISL_19604226,2022-06-26,USA,american_anchor,,,,,SI,SI,SI,SI,SI,SI,SI,SI,am1.3,am1.3,am1.2,ea1,am1.2,ea1,ea1,ea1
EPI_ISL_19604233,2022-04-12,USA,american_anchor,,,,,SI,SI,SI,SI,SI,SI,SI,SI,ea1,ea1,ea1,ea1,ea1,ea1,ea1,ea1
EPI_ISL_19604236,2022-05-19,USA,american_anchor,,,,,SI,SI,SI,SI,SI,SI,SI,SI,am2.2,ea1,ea1,ea1,am1.3,ea1,ea1,ea1
EPI_ISL_19604309,2022-04-13,USA,american_anchor,,,,,SI,SI,SI,SI,SI,SI,SI,SI,am1.2,ea1,ea1,ea1,am1.1,ea1,ea1,ea1
EPI_ISL_19604318,2022-05-11,USA,american_anchor,,,,,SI,SI,SI,SI,SI,SI,SI,SI,am1.1,am1.1,ea1,ea1,am1.2,ea1,ea1,ea1
EPI_ISL_19604340,2022-05-06,USA,american_anchor,,,,,SI,SI,SI,SI,SI,SI,SI,SI,am2.2,ea1,ea1,ea1,am1.3,ea1,ea1,ea1
EPI_ISL_19604341,2022-05-06,USA,american_anchor,,,,,SI,SI,SI,SI,SI,SI,SI,SI,am2.2,ea1,ea1,ea1,am1.3,ea1,ea1,ea1
EPI_ISL_19604805,2022-06-21,USA,american_anchor,,,,,SI,SI,SI,SI,SI,SI,SI,SI,am1.1,am1.1,am1,ea1,am1.2,ea1,ea1,ea1
EPI_ISL_19604820,2022-07-25,USA,american_anchor,,,,,SI,SI,SI,SI,SI,SI,SI,SI,am2.2,ea1,ea1,ea1,am1.3,ea1,ea1,ea1
EPI_ISL_19604825,2022-01-01,USA,american_anchor,,,,,SI,SI,SI,SI,SI,SI,SI,SI,am2.2,ea1,ea1,ea1,am1.3,ea1,ea1,ea1
EPI_ISL_19604843,2022-04-25,USA,american_anchor,,,,,SI,SI,SI,SI,SI,SI,SI,SI,am1.2,ea1,ea1,ea1,am1.1,ea1,ea1,ea1
EPI_ISL_19604848,2022-05-02,USA,american_anchor,,,,,SI,SI,SI,SI,SI,SI,SI,SI,am1.2,ea1,ea1,ea1,am1.1,ea1,ea1,ea1
EPI_ISL_19604851,2022-05-04,USA,american_anchor,,,,,SI,SI,SI,SI,SI,SI,SI,SI,ea1,ea1,ea1,ea1,ea1,ea1,ea1,ea1
EPI_ISL_19604882,2022-01-01,USA,american_anchor,,,,,SI,SI,SI,SI,SI,SI,SI,SI,am1.1,am1.1,ea1,ea1,am1.2,ea1,ea1,ea1
EPI_ISL_19604889,2022-01-01,USA,american_anchor,,,,,SI,SI,SI,SI,SI,SI,SI,SI,am1.1,am1.1,ea1,ea1,am1.2,ea1,ea1,ea1
EPI_ISL_19605057,2022-04-01,USA,american_anchor,,,,,SI,SI,SI,SI,SI,SI,SI,SI,ea1,ea1,ea1,ea1,ea1,ea1,ea1,ea1
EPI_ISL_19605084,2022-04-28,USA,american_anchor,,,,,SI,SI,SI,SI,SI,SI,SI,SI,am1.2,ea1,ea1,ea1,am1.1,ea1,ea1,ea1
EPI_ISL_19605138,2022-01-01,USA,american_anchor,,,,,SI,SI,SI,SI,SI,SI,SI,SI,am1.3,am1.3,am1.2,ea1,am1.2,ea1,ea1,ea1
EPI_ISL_19605190,2022-04-21,USA,american_anchor,,,,,SI,SI,SI,SI,SI,SI,SI,SI,am1.2,ea1,ea1,ea1,am1.1,ea1,ea1,ea1
EPI_ISL_19605197,2022-05-02,USA,american_anchor,,,,,SI,SI,SI,SI,SI,SI,SI,SI,am2.1,am1.2,ea1,ea1,am1.4.1,ea1,ea1,am1.1
EPI_ISL_19605198,2022-05-03,USA,american_anchor,,,,,SI,SI,SI,SI,SI,SI,SI,SI,am1.2,ea1,ea1,ea1,am1.1,ea1,ea1,ea1
EPI_ISL_19605219,2022-06-14,USA,american_anchor,,,,,SI,SI,SI,SI,SI,SI,SI,SI,am1.2,ea1,ea1,ea1,am1.1,ea1,ea1,ea1
EPI_ISL_19605246,2022-06-08,USA,american_anchor,,,,,SI,SI,SI,SI,SI,SI,SI,SI,am2.1,am1.2,ea1,ea1,am1.4.1,ea1,ea1,am1.1
EPI_ISL_19605248,2022-06-08,USA,american_anchor,,,,,SI,SI,SI,SI,SI,SI,SI,SI,am2.1,am1.2,ea1,ea1,am1.4.1,ea1,ea1,am1.1
EPI_ISL_19605290,2022-03-14,USA,american_anchor,,,,,SI,SI,SI,SI,SI,SI,SI,SI,ea1,ea1,ea1,ea1,ea1,ea1,ea1,ea1
EPI_ISL_19605479,2022-05-18,USA,american_anchor,,,,,SI,SI,SI,SI,SI,SI,SI,SI,am2.2,ea1,ea1,ea1,am1.3,ea1,ea1,ea1
EPI_ISL_19605601,2022-05-02,USA,american_anchor,,,,,SI,SI,SI,SI,SI,SI,SI,SI,am1.2,ea1,ea1,ea1,am1.1,ea1,ea1,ea1
EPI_ISL_19605608,2022-06-10,USA,american_anchor,,,,,SI,SI,SI,SI,SI,SI,SI,SI,am2.2,ea1,ea1,ea1,am1.3,ea1,ea1,ea1
EPI_ISL_19605609,2022-06-10,USA,american_anchor,,,,,SI,SI,SI,SI,SI,SI,SI,SI,am2.2,ea1,ea1,ea1,am1.3,ea1,ea1,ea1
EPI_ISL_19605616,2022-04-20,USA,american_anchor,,,,,SI,SI,SI,SI,SI,SI,SI,SI,ea1,ea1,ea1,ea1,ea1,ea1,ea1,ea1
EPI_ISL_19605630,2022-05-10,USA,american_anchor,,,,,SI,SI,SI,SI,SI,SI,SI,SI,am2.2,ea1,ea1,ea1,am1.3,ea1,ea1,ea1
EPI_ISL_19605631,2022-06-14,USA,american_anchor,,,,,SI,SI,SI,SI,SI,SI,SI,SI,am2.2,ea1,ea1,ea1,am1.3,ea1,ea1,ea1
EPI_ISL_19605692,2022-04-28,USA,american_anchor,,,,,SI,SI,SI,SI,SI,SI,SI,SI,am2.1,am1.2,ea1,ea1,am1.4.1,ea1,ea1,am1.1
EPI_ISL_19605708,2022-06-09,USA,american_anchor,,,,,SI,SI,SI,SI,SI,SI,SI,SI,am1.1,am1.1,am1,ea1,am1.2,ea1,ea1,ea1
EPI_ISL_19605778,2022-06-30,USA,american_anchor,,,,,SI,SI,SI,SI,SI,SI,SI,SI,am1.1,am1.1,ea1,ea1,am1.2,ea1,ea1,ea1
EPI_ISL_19605804,2022-01-01,USA,american_anchor,,,,,SI,SI,SI,SI,SI,SI,SI,SI,ea3,ea3,ea3,ea3,ea3,ea3,ea3,ea3
EPI_ISL_19605810,2022-05-05,USA,american_anchor,,,,,SI,SI,SI,SI,SI,SI,SI,SI,am1.2,ea1,ea1,ea1,am1.1,ea1,ea1,ea1
EPI_ISL_19605811,2022-05-12,USA,american_anchor,,,,,SI,SI,SI,SI,SI,SI,SI,SI,am1.2,ea1,ea1,ea1,am1.1,ea1,ea1,ea1
EPI_ISL_19605828,2022-04-25,USA,american_anchor,,,,,SI,SI,SI,SI,SI,SI,SI,SI,am1.2,ea1,ea1,ea1,am1.1,ea1,ea1,ea1
EPI_ISL_19605829,2022-04-28,USA,american_anchor,,,,,SI,SI,SI,SI,SI,SI,SI,SI,am1.1,am1.1,ea1,ea1,am1.2,ea1,ea1,ea1
EPI_ISL_19605833,2022-05-03,USA,american_anchor,,,,,SI,SI,SI,SI,SI,SI,SI,SI,am2.1,am1.2,ea1,ea1,am1.4.1,ea1,ea1,am1.1
EPI_ISL_19605840,2022-05-03,USA,american_anchor,,,,,SI,SI,SI,SI,SI,SI,SI,SI,ea1,ea1,ea1,ea1,ea1,ea1,ea1,ea1
EPI_ISL_19605938,2022-01-01,USA,american_anchor,,,,,SI,SI,SI,SI,SI,SI,SI,SI,am2.1,am1.2,ea1,ea1,am1.4.1,ea1,ea1,am1.1
EPI_ISL_19605940,2022-01-01,USA,american_anchor,,,,,SI,SI,SI,SI,SI,SI,SI,SI,am2.1,am1.2,ea1,ea1,am1.4.1,ea1,ea1,am1.1
EPI_ISL_19605941,2022-01-01,USA,american_anchor,,,,,SI,SI,SI,SI,SI,SI,SI,SI,am4,am1.2,ea1,ea1,am1.4.1,ea1,ea1,am1.1
EPI_ISL_19606061,2022-05-24,USA,american_anchor,,,,,SI,SI,SI,SI,SI,SI,SI,SI,am1.1,am1.1,ea1,ea1,am1.2,ea1,ea1,ea1
EPI_ISL_19606063,2022-05-24,USA,american_anchor,,,,,SI,SI,SI,SI,SI,SI,SI,SI,am1.1,am1.1,ea1,ea1,am1.2,ea1,ea1,ea1
EPI_ISL_19606135,2022-05-19,USA,american_anchor,,,,,SI,SI,SI,SI,SI,SI,SI,SI,am1.1,am1.1,ea1,ea1,am1.2,ea1,ea1,ea1
EPI_ISL_19606163,2022-05-19,USA,american_anchor,,,,,SI,SI,SI,SI,SI,SI,SI,SI,am1.1,am1.1,ea1,ea1,am1.2,ea1,ea1,ea1
EPI_ISL_19606188,2022-05-10,USA,american_anchor,,,,,SI,SI,SI,SI,SI,SI,SI,SI,am1.1,am1.1,ea1,ea1,am1.2,ea1,ea1,ea1
EPI_ISL_19606215,2022-05-05,USA,american_anchor,,,,,SI,SI,SI,SI,SI,SI,SI,SI,am1.1,am1.1,ea1,ea1,am1.2,ea1,ea1,ea1
EPI_ISL_19606218,2022-05-12,USA,american_anchor,,,,,SI,SI,SI,SI,SI,SI,SI,SI,am1.1,am1.1,ea1,ea1,am1.2,ea1,ea1,ea1
EPI_ISL_19606219,2022-06-03,USA,american_anchor,,,,,SI,SI,SI,SI,SI,SI,SI,SI,am1.1,am1.1,ea1,ea1,am1.2,ea1,ea1,ea1
EPI_ISL_19606224,2022-06-10,USA,american_anchor,,,,,SI,SI,SI,SI,SI,SI,SI,SI,am1.1,am1.1,ea1,ea1,am1.2,ea1,ea1,ea1
EPI_ISL_19606225,2022-06-10,USA,american_anchor,,,,,SI,SI,SI,SI,SI,SI,SI,SI,am1.1,am1.1,ea1,ea1,am1.2,ea1,ea1,ea1
EPI_ISL_19606227,2022-06-07,USA,american_anchor,,,,,SI,SI,SI,SI,SI,SI,SI,SI,am1.1,am1.1,ea1,ea1,am1.2,ea1,ea1,ea1
EPI_ISL_19606228,2022-07-08,USA,american_anchor,,,,,SI,SI,SI,SI,SI,SI,SI,SI,am1.1,am1.1,ea1,ea1,am1.2,ea1,ea1,ea1
EPI_ISL_19606229,2022-07-08,USA,american_anchor,,,,,SI,SI,SI,SI,SI,SI,SI,SI,am1.1,am1.1,ea1,ea1,am1.2,ea1,ea1,ea1
EPI_ISL_19606273,2022-05-31,USA,american_anchor,,,,,SI,SI,SI,SI,SI,SI,SI,SI,am1.1,am1.1,ea1,ea1,am1.2,ea1,ea1,ea1
EPI_ISL_19606274,2022-05-31,USA,american_anchor,,,,,SI,SI,SI,SI,SI,SI,SI,SI,am1.1,am1.1,ea1,ea1,am1.2,ea1,ea1,ea1
EPI_ISL_19606275,2022-06-02,USA,american_anchor,,,,,SI,SI,SI,SI,SI,SI,SI,SI,am1.1,am1.1,ea1,ea1,am1.2,ea1,ea1,ea1
EPI_ISL_19606338,2022-06-30,USA,american_anchor,,,,,SI,SI,SI,SI,SI,SI,SI,SI,am1.1,am1.1,ea1,ea1,am1.2,ea1,ea1,ea1
EPI_ISL_19606339,2022-06-30,USA,american_anchor,,,,,SI,SI,SI,SI,SI,SI,SI,SI,am1.1,am1.1,ea1,ea1,am1.2,ea1,ea1,ea1
EPI_ISL_19606340,2022-06-30,USA,american_anchor,,,,,SI,SI,SI,SI,SI,SI,SI,SI,am1.1,am1.1,ea1,ea1,am1.2,ea1,ea1,ea1
EPI_ISL_19606398,2022-07-05,USA,american_anchor,,,,,SI,SI,SI,SI,SI,SI,SI,SI,am2.2,ea1,ea1,ea1,am1.3,ea1,ea1,ea1
EPI_ISL_19606401,2022-07-20,USA,american_anchor,,,,,SI,SI,SI,SI,SI,SI,SI,SI,am2.2,ea1,ea1,ea1,am1.3,ea1,ea1,ea1
EPI_ISL_19606402,2022-07-20,USA,american_anchor,,,,,SI,SI,SI,SI,SI,SI,SI,SI,am2.2,ea1,ea1,ea1,am1.3,ea1,ea1,ea1
EPI_ISL_19606403,2022-07-20,USA,american_anchor,,,,,SI,SI,SI,SI,SI,SI,SI,SI,am2.2,ea1,ea1,ea1,am1.3,ea1,ea1,ea1
EPI_ISL_19606404,2022-07-25,USA,american_anchor,,,,,SI,SI,SI,SI,SI,SI,SI,SI,am2.2,ea1,ea1,ea1,am1.3,ea1,ea1,ea1
EPI_ISL_19606405,2022-08-01,USA,american_anchor,,,,,SI,SI,SI,SI,SI,SI,SI,SI,am2.2,ea1,ea1,ea1,am1.3,ea1,ea1,ea1
EPI_ISL_19606532,2022-07-14,USA,american_anchor,,,,,SI,SI,SI,SI,SI,SI,SI,SI,am2.2,ea1,ea1,ea1,am1.3,ea1,ea1,ea1
EPI_ISL_19606555,2022-01-25,USA,american_anchor,,,,,SI,SI,SI,SI,SI,SI,SI,SI,ea1,ea1,ea1,ea1,ea1,ea1,ea1,ea1
EPI_ISL_19606557,2022-01-30,USA,american_anchor,,,,,SI,SI,SI,SI,SI,SI,SI,SI,ea1,ea1,ea1,ea1,ea1,ea1,ea1,ea1
EPI_ISL_19606560,2022-06-08,USA,american_anchor,,,,,SI,SI,SI,SI,SI,SI,SI,SI,am2.1,am1.2,ea1,ea1,am1.4.1,ea1,ea1,am1.1
EPI_ISL_19606563,2022-07-19,USA,american_anchor,,,,,SI,SI,SI,SI,SI,SI,SI,SI,am2.1,am1.2,ea1,ea1,am1.4.1,ea1,ea1,am1.1
EPI_ISL_19606576,2022-04-21,USA,american_anchor,,,,,SI,SI,SI,SI,SI,SI,SI,SI,am1.1,am1.1,ea1,ea1,am1.2,ea1,ea1,ea1
EPI_ISL_19606594,2022-06-22,USA,american_anchor,,,,,SI,SI,SI,SI,SI,SI,SI,SI,ea1,ea2,ea1,ea2,ea1,ea2,ea1,ea1
EPI_ISL_19606598,2022-01-01,USA,american_anchor,,,,,SI,SI,SI,SI,SI,SI,SI,SI,am1.1,am1.1,ea1,ea1,am1.2,ea1,ea1,ea1
EPI_ISL_19606599,2022-01-01,USA,american_anchor,,,,,SI,SI,SI,SI,SI,SI,SI,SI,am1.1,am1.1,am1,ea1,am1.2,ea1,ea1,ea1
EPI_ISL_19606600,2022-01-01,USA,american_anchor,,,,,SI,SI,SI,SI,SI,SI,SI,SI,am1.2,ea1,ea1,ea1,am1.1,ea1,ea1,ea1
EPI_ISL_19606602,2022-01-01,USA,american_anchor,,,,,SI,SI,SI,SI,SI,SI,SI,SI,ea1,ea1,ea1,ea1,ea1,ea1,ea1,ea1
EPI_ISL_19606603,2022-01-01,USA,american_anchor,,,,,SI,SI,SI,SI,SI,SI,SI,SI,am1.1,am1.1,am1,ea1,am1.2,ea1,ea1,ea1
EPI_ISL_19606604,2022-01-01,USA,american_anchor,,,,,SI,SI,SI,SI,SI,SI,SI,SI,am1.1,am1.1,am1,ea1,am1.2,ea1,ea1,ea1
EPI_ISL_19606615,2022-06-14,USA,american_anchor,,,,,SI,SI,SI,SI,SI,SI,SI,SI,am1.1,am1.1,am1,ea1,am1.2,ea1,ea1,ea1
EPI_ISL_19606619,2022-06-06,USA,american_anchor,,,,,SI,SI,SI,SI,SI,SI,SI,SI,am2.1,am1.2,ea1,ea1,am1.4.1,ea1,ea1,am1.1
EPI_ISL_19606635,2022-05-05,USA,american_anchor,,,,,SI,SI,SI,SI,SI,SI,SI,SI,am2.1,ea1,ea1,ea1,am1.4.1,ea1,ea1,ea1
EPI_ISL_19606681,2022-07-19,USA,american_anchor,,,,,SI,SI,SI,SI,SI,SI,SI,SI,am2.2,ea1,ea1,ea1,am1.3,ea1,ea1,ea1
EPI_ISL_19606683,2022-07-27,USA,american_anchor,,,,,SI,SI,SI,SI,SI,SI,SI,SI,am2.2,ea1,ea1,ea1,am1.3,ea1,ea1,ea1
EPI_ISL_19606691,2022-07-01,USA,american_anchor,,,,,SI,SI,SI,SI,SI,SI,SI,SI,am2.1,am1.2,ea1,ea1,am1.4.1,ea1,ea1,am1.1
EPI_ISL_19606713,2022-01-01,USA,american_anchor,,,,,SI,SI,SI,SI,SI,SI,SI,SI,am1.3,am1.3,am1.2,ea1,am1.2,ea1,ea1,ea1
EPI_ISL_19606727,2022-05-23,USA,american_anchor,,,,,SI,SI,SI,SI,SI,SI,SI,SI,am1.1,am1.1,am1,ea1,am1.2,ea1,ea1,ea1
EPI_ISL_19606729,2022-05-11,USA,american_anchor,,,,,SI,SI,SI,SI,SI,SI,SI,SI,am1.1,am1.1,ea1,ea1,am1.2,ea1,ea1,ea1
EPI_ISL_19606734,2022-05-21,USA,american_anchor,,,,,SI,SI,SI,SI,SI,SI,SI,SI,am1.1,am1.1,ea1,ea1,am1.2,ea1,ea1,ea1
EPI_ISL_19606737,2022-06-11,USA,american_anchor,,,,,SI,SI,SI,SI,SI,SI,SI,SI,am1.1,am1.1,ea1,ea1,am1.2,ea1,ea1,ea1
EPI_ISL_19606739,2022-06-19,USA,american_anchor,,,,,SI,SI,SI,SI,SI,SI,SI,SI,am1.1,am1.1,ea1,ea1,am1.2,ea1,ea1,ea1
EPI_ISL_19606741,2022-06-28,USA,american_anchor,,,,,SI,SI,SI,SI,SI,SI,SI,SI,am1.1,am1.1,ea1,ea1,am1.2,ea1,ea1,ea1
EPI_ISL_19606742,2022-06-26,USA,american_anchor,,,,,SI,SI,SI,SI,SI,SI,SI,SI,am1.1,am1.1,ea1,ea1,am1.2,ea1,ea1,ea1
EPI_ISL_19606746,2022-07-04,USA,american_anchor,,,,,SI,SI,SI,SI,SI,SI,SI,SI,am1.1,am1.1,ea1,ea1,am1.2,ea1,ea1,ea1
EPI_ISL_19606748,2022-07-02,USA,american_anchor,,,,,SI,SI,SI,SI,SI,SI,SI,SI,am1.1,am1.1,ea1,ea1,am1.2,ea1,ea1,ea1
EPI_ISL_19606779,2022-07-01,USA,american_anchor,,,,,SI,SI,SI,SI,SI,SI,SI,SI,am1.1,am1.1,ea1,ea1,am1.2,ea1,ea1,ea1
EPI_ISL_19606781,2022-07-28,USA,american_anchor,,,,,SI,SI,SI,SI,SI,SI,SI,SI,am1.1,am1.1,ea1,ea1,am1.2,ea1,ea1,ea1
EPI_ISL_19606791,2022-07-30,USA,american_anchor,,,,,SI,SI,SI,SI,SI,SI,SI,SI,am1.1,am1.1,ea1,ea1,am1.2,ea1,ea1,ea1
EPI_ISL_19606817,2022-07-30,USA,american_anchor,,,,,SI,SI,SI,SI,SI,SI,SI,SI,am1.1,am1.1,ea1,ea1,am1.2,ea1,ea1,ea1
EPI_ISL_19606819,2022-07-08,USA,american_anchor,,,,,SI,SI,SI,SI,SI,SI,SI,SI,am1.1,am1.1,ea1,ea1,am1.2,ea1,ea1,ea1
EPI_ISL_19606822,2022-07-12,USA,american_anchor,,,,,SI,SI,SI,SI,SI,SI,SI,SI,am1.1,am1.1,ea1,ea1,am1.2,ea1,ea1,ea1
EPI_ISL_19606825,2022-07-15,USA,american_anchor,,,,,SI,SI,SI,SI,SI,SI,SI,SI,am1.1,am1.1,ea1,ea1,am1.2,ea1,ea1,ea1
EPI_ISL_19606828,2022-07-21,USA,american_anchor,,,,,SI,SI,SI,SI,SI,SI,SI,SI,am1.1,am1.1,ea1,ea1,am1.2,ea1,ea1,ea1
EPI_ISL_19606832,2022-07-26,USA,american_anchor,,,,,SI,SI,SI,SI,SI,SI,SI,SI,am1.1,am1.1,ea1,ea1,am1.2,ea1,ea1,ea1
EPI_ISL_19606833,2022-07-31,USA,american_anchor,,,,,SI,SI,SI,SI,SI,SI,SI,SI,am1.1,am1.1,ea1,ea1,am1.2,ea1,ea1,ea1
EPI_ISL_19607114,2022-01-01,USA,american_anchor,,,,,SI,SI,SI,SI,SI,SI,SI,SI,am1.3,am1.3,am1.2,ea1,am1.2,ea1,ea1,ea1
EPI_ISL_19607115,2022-07-06,USA,american_anchor,,,,,SI,SI,SI,SI,SI,SI,SI,SI,am1.2,ea1,ea1,ea1,am1.1,ea1,ea1,ea1
EPI_ISL_19607129,2022-05-05,USA,american_anchor,,,,,SI,SI,SI,SI,SI,SI,SI,SI,am2.1,am1.2,ea1,ea1,am1.4.1,ea1,ea1,am1.1
EPI_ISL_19607135,2022-06-08,USA,american_anchor,,,,,SI,SI,SI,SI,SI,SI,SI,SI,am1.1,am1.1,am1,ea1,am1.2,ea1,ea1,ea1
EPI_ISL_19607137,2022-06-08,USA,american_anchor,,,,,SI,SI,SI,SI,SI,SI,SI,SI,am1.1,am1.1,am1,ea1,am1.2,ea1,ea1,ea1
EPI_ISL_19607138,2022-06-08,USA,american_anchor,,,,,SI,SI,SI,SI,SI,SI,SI,SI,am1.1,am1.1,am1,ea1,am1.2,ea1,ea1,ea1
EPI_ISL_19607139,2022-06-14,USA,american_anchor,,,,,SI,SI,SI,SI,SI,SI,SI,SI,am1.1,am1.1,ea1,ea1,am1.2,ea1,ea1,ea1
EPI_ISL_19607141,2022-06-14,USA,american_anchor,,,,,SI,SI,SI,SI,SI,SI,SI,SI,am1.1,am1.1,ea1,ea1,am1.2,ea1,ea1,ea1
EPI_ISL_19607142,2022-06-30,USA,american_anchor,,,,,SI,SI,SI,SI,SI,SI,SI,SI,am1.2,ea1,ea1,ea1,am1.1,ea1,ea1,ea1
EPI_ISL_19607147,2022-04-15,USA,american_anchor,,,,,SI,SI,SI,SI,SI,SI,SI,SI,am2.1,ea1,ea1,ea1,am1.4.1,ea1,ea1,ea1
EPI_ISL_19607162,2022-04-24,USA,american_anchor,,,,,SI,SI,SI,SI,SI,SI,SI,SI,am1.1,am1.1,am1,ea1,am1.2,ea1,ea1,ea1
EPI_ISL_19607167,2022-05-01,USA,american_anchor,,,,,SI,SI,SI,SI,SI,SI,SI,SI,am1.2,ea1,ea1,ea1,am1.1,ea1,ea1,ea1
EPI_ISL_19607178,2022-05-05,USA,american_anchor,,,,,SI,SI,SI,SI,SI,SI,SI,SI,am2.1,ea1,ea1,ea1,am1.4.1,ea1,ea1,ea1
EPI_ISL_19607181,2022-05-25,USA,american_anchor,,,,,SI,SI,SI,SI,SI,SI,SI,SI,am1.2,ea1,ea1,ea1,am1.1,ea1,ea1,ea1
EPI_ISL_19607184,2022-07-29,USA,american_anchor,,,,,SI,SI,SI,SI,SI,SI,SI,SI,am2.2,ea1,ea1,ea1,am1.3,ea1,ea1,ea1
EPI_ISL_19607187,2022-07-22,USA,american_anchor,,,,,SI,SI,SI,SI,SI,SI,SI,SI,am2.2,ea1,ea1,ea1,am1.3,ea1,ea1,ea1
EPI_ISL_19607193,2022-05-05,USA,american_anchor,,,,,SI,SI,SI,SI,SI,SI,SI,SI,am1.2,ea1,ea1,ea1,am1.1,ea1,ea1,ea1
EPI_ISL_19607213,2022-05-12,USA,american_anchor,,,,,SI,SI,SI,SI,SI,SI,SI,SI,am2.1,ea1,ea1,ea1,am1.4.1,ea1,ea1,ea1
EPI_ISL_19607221,2022-05-26,USA,american_anchor,,,,,SI,SI,SI,SI,SI,SI,SI,SI,am2.2,ea1,ea1,ea1,am1.3,ea1,ea1,ea1
EPI_ISL_19607246,2022-05-03,USA,american_anchor,,,,,SI,SI,SI,SI,SI,SI,SI,SI,am1.2,ea1,ea1,ea1,am1.1,ea1,ea1,ea1
EPI_ISL_19607251,2022-05-19,USA,american_anchor,,,,,SI,SI,SI,SI,SI,SI,SI,SI,am1.2,ea1,ea1,ea1,am1.1,ea1,ea1,ea1
EPI_ISL_19607252,2022-01-01,USA,american_anchor,,,,,SI,SI,SI,SI,SI,SI,SI,SI,am2.1,am1.2,ea1,ea1,am1.4.1,ea1,ea1,am1.1
EPI_ISL_19607259,2022-05-27,USA,american_anchor,,,,,SI,SI,SI,SI,SI,SI,SI,SI,am2.2,ea1,ea1,ea1,am1.3,ea1,ea1,ea1
EPI_ISL_19607260,2022-06-09,USA,american_anchor,,,,,SI,SI,SI,SI,SI,SI,SI,SI,am1.2,ea1,ea1,ea1,am1.1,ea1,ea1,ea1
EPI_ISL_19607261,2022-05-12,USA,american_anchor,,,,,SI,SI,SI,SI,SI,SI,SI,SI,am2.1,am1.2,ea1,ea1,am1.4.1,ea1,ea1,am1.1
EPI_ISL_19607289,2022-05-01,USA,american_anchor,,,,,SI,SI,SI,SI,SI,SI,SI,SI,am1.2,ea1,ea1,ea1,am1.1,ea1,ea1,ea1
EPI_ISL_19607302,2022-04-24,USA,american_anchor,,,,,SI,SI,SI,SI,SI,SI,SI,SI,am1.1,am1.1,am1,ea1,am1.2,ea1,ea1,ea1
EPI_ISL_19607310,2022-05-02,USA,american_anchor,,,,,SI,SI,SI,SI,SI,SI,SI,SI,ea1,ea1,ea1,ea1,ea1,ea1,ea1,ea1
EPI_ISL_19607315,2022-05-09,USA,american_anchor,,,,,SI,SI,SI,SI,SI,SI,SI,SI,am1.2,ea1,ea1,ea1,am1.1,ea1,ea1,ea1
EPI_ISL_19607317,2022-05-09,USA,american_anchor,,,,,SI,SI,SI,SI,SI,SI,SI,SI,am1.2,ea1,ea1,ea1,am1.1,ea1,ea1,ea1
EPI_ISL_19607325,2022-05-12,USA,american_anchor,,,,,SI,SI,SI,SI,SI,SI,SI,SI,am1.2,ea1,ea1,ea1,am1.1,ea1,ea1,ea1
EPI_ISL_19607355,2022-06-10,USA,american_anchor,,,,,SI,SI,SI,SI,SI,SI,SI,SI,ea1,ea2,ea1,ea2,ea1,ea2,ea1,ea1
EPI_ISL_19607360,2022-06-23,USA,american_anchor,,,,,SI,SI,SI,SI,SI,SI,SI,SI,ea1,ea2,ea1,ea2,ea1,ea2,ea1,ea1
EPI_ISL_19607363,2022-06-27,USA,american_anchor,,,,,SI,SI,SI,SI,SI,SI,SI,SI,am2.2,ea1,ea1,ea1,am1.3,ea1,ea1,ea1
EPI_ISL_19607381,2022-05-03,USA,american_anchor,,,,,SI,SI,SI,SI,SI,SI,SI,SI,am1.2,ea1,ea1,ea1,am1.1,ea1,ea1,ea1
EPI_ISL_19607384,2022-05-03,USA,american_anchor,,,,,SI,SI,SI,SI,SI,SI,SI,SI,am1.2,ea1,ea1,ea1,am1.1,ea1,ea1,ea1
EPI_ISL_19607392,2022-06-14,USA,american_anchor,,,,,SI,SI,SI,SI,SI,SI,SI,SI,am1.1,am1.1,ea1,ea1,am1.2,ea1,ea1,ea1
EPI_ISL_19607400,2022-04-25,USA,american_anchor,,,,,SI,SI,SI,SI,SI,SI,SI,SI,am1.1,am1.1,ea1,ea1,am1.2,ea1,ea1,ea1
EPI_ISL_19607403,2022-06-11,USA,american_anchor,,,,,SI,SI,SI,SI,SI,SI,SI,SI,am1.1,am1.1,ea1,ea1,am1.2,ea1,ea1,ea1
EPI_ISL_19607412,2022-05-25,USA,american_anchor,,,,,SI,SI,SI,SI,SI,SI,SI,SI,am1.1,am1.1,am1,ea1,am1.2,ea1,ea1,ea1
EPI_ISL_19607418,2022-06-06,USA,american_anchor,,,,,SI,SI,SI,SI,SI,SI,SI,SI,am2.1,am1.2,ea1,ea1,am1.4.1,ea1,ea1,am1.1
EPI_ISL_19607544,2022-06-24,USA,american_anchor,,,,,SI,SI,SI,SI,SI,SI,SI,SI,ea1,ea2,ea1,ea2,ea1,ea2,ea1,ea1
EPI_ISL_19607545,2022-06-24,USA,american_anchor,,,,,SI,SI,SI,SI,SI,SI,SI,SI,ea1,ea2,ea1,ea2,ea1,ea2,ea1,ea1
EPI_ISL_19607546,2022-05-23,USA,american_anchor,,,,,SI,SI,SI,SI,SI,SI,SI,SI,am1.1,am1.1,am1,ea1,am1.2,ea1,ea1,ea1
EPI_ISL_19607551,2022-06-10,USA,american_anchor,,,,,SI,SI,SI,SI,SI,SI,SI,SI,ea1,ea2,ea1,ea2,ea1,ea2,ea1,ea1
EPI_ISL_19607614,2022-05-04,USA,american_anchor,,,,,SI,SI,SI,SI,SI,SI,SI,SI,am1.1,am1.1,ea1,ea1,am1.2,ea1,ea1,ea1
EPI_ISL_19607621,2022-04-27,USA,american_anchor,,,,,SI,SI,SI,SI,SI,SI,SI,SI,ea1,ea1,ea1,ea1,ea1,ea1,ea1,ea1
EPI_ISL_19607627,2022-06-03,USA,american_anchor,,,,,SI,SI,SI,SI,SI,SI,SI,SI,ea1,ea1,ea1,ea1,ea1,ea1,ea1,ea1
EPI_ISL_19607631,2022-07-07,USA,american_anchor,,,,,SI,SI,SI,SI,SI,SI,SI,SI,am1.2,ea1,ea1,ea1,am1.1,ea1,ea1,ea1
EPI_ISL_19607632,2022-01-01,USA,american_anchor,,,,,SI,SI,SI,SI,SI,SI,SI,SI,am2.1,am1.2,ea1,ea1,am1.4.1,ea1,ea1,am1.1
EPI_ISL_19607658,2022-07-20,USA,american_anchor,,,,,SI,SI,SI,SI,SI,SI,SI,SI,ea1,ea2,ea1,ea2,ea1,ea2,ea1,ea1
EPI_ISL_19607696,2022-05-18,USA,american_anchor,,,,,SI,SI,SI,SI,SI,SI,SI,SI,am2.2,ea1,ea1,ea1,am1.3,ea1,ea1,ea1
EPI_ISL_19607722,2022-06-10,USA,american_anchor,,,,,SI,SI,SI,SI,SI,SI,SI,SI,am2.2,ea1,ea1,ea1,am1.3,ea1,ea1,ea1
EPI_ISL_19607723,2022-06-23,USA,american_anchor,,,,,SI,SI,SI,SI,SI,SI,SI,SI,am1.2,ea1,ea1,ea1,am1.1,ea1,ea1,ea1
EPI_ISL_19607724,2022-07-01,USA,american_anchor,,,,,SI,SI,SI,SI,SI,SI,SI,SI,am2.2,ea1,ea1,ea1,am1.3,ea1,ea1,ea1
EPI_ISL_19607725,2022-07-05,USA,american_anchor,,,,,SI,SI,SI,SI,SI,SI,SI,SI,am2.2,ea1,ea1,ea1,am1.3,ea1,ea1,ea1
EPI_ISL_19607727,2022-07-08,USA,american_anchor,,,,,SI,SI,SI,SI,SI,SI,SI,SI,am2.2,ea1,ea1,ea1,am1.3,ea1,ea1,ea1
EPI_ISL_19607729,2022-08-01,USA,american_anchor,,,,,SI,SI,SI,SI,SI,SI,SI,SI,am2.2,ea1,ea1,ea1,am1.3,ea1,ea1,ea1
EPI_ISL_19607750,2022-05-17,USA,american_anchor,,,,,SI,SI,SI,SI,SI,SI,SI,SI,am1.1,am1.1,ea1,ea1,am1.2,ea1,ea1,ea1
EPI_ISL_19607802,2022-06-14,USA,american_anchor,,,,,SI,SI,SI,SI,SI,SI,SI,SI,am1.1,am1.1,ea1,ea1,am1.2,ea1,ea1,ea1
EPI_ISL_19607806,2022-01-01,USA,american_anchor,,,,,SI,SI,SI,SI,SI,SI,SI,SI,am1.3,am1.3,am1.2,ea1,am1.2,ea1,ea1,ea1
EPI_ISL_19607812,2022-06-26,USA,american_anchor,,,,,SI,SI,SI,SI,SI,SI,SI,SI,am1.1,am1.1,am1,ea1,am1.2,ea1,ea1,ea1
EPI_ISL_19607813,2022-06-26,USA,american_anchor,,,,,SI,SI,SI,SI,SI,SI,SI,SI,am1.1,am1.1,am1,ea1,am1.2,ea1,ea1,ea1
EPI_ISL_19607853,2022-05-09,USA,american_anchor,,,,,SI,SI,SI,SI,SI,SI,SI,SI,am1.2,ea1,ea1,ea1,am1.1,ea1,ea1,ea1
EPI_ISL_19607856,2022-05-09,USA,american_anchor,,,,,SI,SI,SI,SI,SI,SI,SI,SI,am2.2,ea1,ea1,ea1,am1.3,ea1,ea1,ea1
EPI_ISL_19607875,2022-06-06,USA,american_anchor,,,,,SI,SI,SI,SI,SI,SI,SI,SI,ea1,ea1,ea1,ea1,ea1,ea1,ea1,ea1
EPI_ISL_19607888,2022-01-01,USA,american_anchor,,,,,SI,SI,SI,SI,SI,SI,SI,SI,am1.2,ea1,ea1,ea1,am1.1,ea1,ea1,ea1
EPI_ISL_19607889,2022-04-20,USA,american_anchor,,,,,SI,SI,SI,SI,SI,SI,SI,SI,am1.2,ea1,ea1,ea1,am1.1,ea1,ea1,am1.2
EPI_ISL_19607892,2022-06-14,USA,american_anchor,,,,,SI,SI,SI,SI,SI,SI,SI,SI,am1.1,am1.1,ea1,ea1,am1.2,ea1,ea1,ea1
EPI_ISL_19607895,2022-06-09,USA,american_anchor,,,,,SI,SI,SI,SI,SI,SI,SI,SI,am2.1,am1.2,ea1,ea1,am1.4.1,ea1,ea1,am1.1
EPI_ISL_19607899,2022-06-01,USA,american_anchor,,,,,SI,SI,SI,SI,SI,SI,SI,SI,am1.1,am1.1,ea1,ea1,am1.2,ea1,ea1,ea1
EPI_ISL_19607906,2022-05-23,USA,american_anchor,,,,,SI,SI,SI,SI,SI,SI,SI,SI,am1.2,ea1,ea1,ea1,am1.1,ea1,ea1,ea1
EPI_ISL_19607918,2022-05-05,USA,american_anchor,,,,,SI,SI,SI,SI,SI,SI,SI,SI,am1.1,am1.1,am1,ea1,am1.2,ea1,ea1,ea1
EPI_ISL_19607962,2022-07-15,USA,american_anchor,,,,,SI,SI,SI,SI,SI,SI,SI,SI,am2.1,am1.2,ea1,ea1,am1.4.1,ea1,ea1,am1.1
EPI_ISL_19608027,2022-01-25,USA,american_anchor,,,,,SI,SI,SI,SI,SI,SI,SI,SI,ea1,ea1,ea1,ea1,ea1,ea1,ea1,ea1
EPI_ISL_19608036,2022-04-26,USA,american_anchor,,,,,SI,SI,SI,SI,SI,SI,SI,SI,am1.1,am1.1,am1,ea1,am1.2,ea1,ea1,ea1
EPI_ISL_19608046,2022-01-01,USA,american_anchor,,,,,SI,SI,SI,SI,SI,SI,SI,SI,am2.1,am1.2,ea1,ea1,am1.4.1,ea1,ea1,am1.1
EPI_ISL_19608056,2022-06-06,USA,american_anchor,,,,,SI,SI,SI,SI,SI,SI,SI,SI,am1.2,ea1,ea1,ea1,am1.1,ea1,ea1,ea1
EPI_ISL_19608057,2022-07-07,USA,american_anchor,,,,,SI,SI,SI,SI,SI,SI,SI,SI,am1.2,ea1,ea1,ea1,am1.1,ea1,ea1,ea1
EPI_ISL_19608059,2022-07-27,USA,american_anchor,,,,,SI,SI,SI,SI,SI,SI,SI,SI,am2.2,ea1,ea1,ea1,am1.3,ea1,ea1,ea1
EPI_ISL_19608060,2022-06-02,USA,american_anchor,,,,,SI,SI,SI,SI,SI,SI,SI,SI,am1.1,am1.1,am1,ea1,am1.2,ea1,ea1,ea1
EPI_ISL_19608069,2022-05-11,USA,american_anchor,,,,,SI,SI,SI,SI,SI,SI,SI,SI,am2.1,am1.2,ea1,ea1,am1.4.1,ea1,ea1,am1.1
EPI_ISL_19608070,2022-05-09,USA,american_anchor,,,,,SI,SI,SI,SI,SI,SI,SI,SI,am2.1,am1.2,ea1,ea1,am1.4.1,ea1,ea1,am1.1
EPI_ISL_19608077,2022-05-23,USA,american_anchor,,,,,SI,SI,SI,SI,SI,SI,SI,SI,am2.2,ea1,ea1,ea1,am1.3,ea1,ea1,ea1
EPI_ISL_19608080,2022-05-26,USA,american_anchor,,,,,SI,SI,SI,SI,SI,SI,SI,SI,am1.2,ea1,ea1,ea1,am1.1,ea1,ea1,ea1
EPI_ISL_19608081,2022-05-26,USA,american_anchor,,,,,SI,SI,SI,SI,SI,SI,SI,SI,am1.2,ea1,ea1,ea1,am1.1,ea1,ea1,ea1
EPI_ISL_19608084,2022-05-23,USA,american_anchor,,,,,SI,SI,SI,SI,SI,SI,SI,SI,am2.2,ea1,ea1,ea1,am1.3,ea1,ea1,ea1
EPI_ISL_19608091,2022-06-02,USA,american_anchor,,,,,SI,SI,SI,SI,SI,SI,SI,SI,am1.1,am1.1,am1,ea1,am1.2,ea1,ea1,ea1
EPI_ISL_19608094,2022-06-23,USA,american_anchor,,,,,SI,SI,SI,SI,SI,SI,SI,SI,ea1,ea2,ea1,ea2,ea1,ea2,ea1,ea1
EPI_ISL_19608095,2022-06-23,USA,american_anchor,,,,,SI,SI,SI,SI,SI,SI,SI,SI,ea1,ea2,ea1,ea2,ea1,ea2,ea1,ea1
EPI_ISL_19608096,2022-06-12,USA,american_anchor,,,,,SI,SI,SI,SI,SI,SI,SI,SI,ea1,ea2,ea1,ea2,ea1,ea2,ea1,ea1
EPI_ISL_19608105,2022-05-05,USA,american_anchor,,,,,SI,SI,SI,SI,SI,SI,SI,SI,am2.1,ea1,ea1,ea1,am1.4.1,ea1,ea1,ea1
EPI_ISL_19608120,2022-06-13,USA,american_anchor,,,,,SI,SI,SI,SI,SI,SI,SI,SI,ea1,ea2,ea1,ea2,ea1,ea2,ea1,ea1
EPI_ISL_19608125,2022-06-10,USA,american_anchor,,,,,SI,SI,SI,SI,SI,SI,SI,SI,ea1,ea2,ea1,ea2,ea1,ea2,ea1,ea1
EPI_ISL_19608128,2022-06-10,USA,american_anchor,,,,,SI,SI,SI,SI,SI,SI,SI,SI,ea1,ea2,ea1,ea2,ea1,ea2,ea1,ea1
EPI_ISL_19608129,2022-06-10,USA,american_anchor,,,,,SI,SI,SI,SI,SI,SI,SI,SI,ea1,ea2,ea1,ea2,ea1,ea2,ea1,ea1
EPI_ISL_19608130,2022-06-10,USA,american_anchor,,,,,SI,SI,SI,SI,SI,SI,SI,SI,ea1,ea2,ea1,ea2,ea1,ea2,ea1,ea1
EPI_ISL_19608131,2022-06-10,USA,american_anchor,,,,,SI,SI,SI,SI,SI,SI,SI,SI,ea1,ea2,ea1,ea2,ea1,ea2,ea1,ea1
EPI_ISL_19608132,2022-06-10,USA,american_anchor,,,,,SI,SI,SI,SI,SI,SI,SI,SI,ea1,ea2,ea1,ea2,ea1,ea2,ea1,ea1
EPI_ISL_19608133,2022-01-01,USA,american_anchor,,,,,SI,SI,SI,SI,SI,SI,SI,SI,ea1,ea2,ea1,ea2,ea1,ea2,ea1,ea1
EPI_ISL_19608134,2022-01-01,USA,american_anchor,,,,,SI,SI,SI,SI,SI,SI,SI,SI,ea1,ea2,ea1,ea2,ea1,ea2,ea1,ea1
EPI_ISL_19608136,2022-06-24,USA,american_anchor,,,,,SI,SI,SI,SI,SI,SI,SI,SI,ea1,ea2,ea1,ea2,ea1,ea2,ea1,ea1
EPI_ISL_19608141,2022-06-02,USA,american_anchor,,,,,SI,SI,SI,SI,SI,SI,SI,SI,am1.1,am1.1,ea1,ea1,am1.2,ea1,ea1,ea1
EPI_ISL_19660816,2022-06-28,USA,american_anchor,,,,,SI,SI,SI,SI,SI,SI,SI,SI,am2.2,ea1,ea1,ea1,am1.3,ea1,ea1,ea1
EPI_ISL_19660819,2022-07-01,USA,american_anchor,,,,,SI,SI,SI,SI,SI,SI,SI,SI,am2.2,ea1,ea1,ea1,am1.3,ea1,ea1,ea1
EPI_ISL_19660820,2022-06-29,USA,american_anchor,,,,,SI,SI,SI,SI,SI,SI,SI,SI,am2.2,ea1,ea1,ea1,am1.3,ea1,ea1,ea1
EPI_ISL_19660823,2022-07-05,USA,american_anchor,,,,,SI,SI,SI,SI,SI,SI,SI,SI,am1.2,ea1,ea1,ea1,am1.1,ea1,ea1,ea1
EPI_ISL_19660824,2022-07-05,USA,american_anchor,,,,,SI,SI,SI,SI,SI,SI,SI,SI,am1.2,ea1,ea1,ea1,am1.1,ea1,ea1,ea1
EPI_ISL_19660825,2022-07-08,USA,american_anchor,,,,,SI,SI,SI,SI,SI,SI,SI,SI,am2.2,ea1,ea1,ea1,am1.3,ea1,ea1,ea1
EPI_ISL_19660828,2022-07-11,USA,american_anchor,,,,,SI,SI,SI,SI,SI,SI,SI,SI,am1.2,ea1,ea1,ea1,am1.1,ea1,ea1,am1.2
EPI_ISL_19660829,2022-07-12,USA,american_anchor,,,,,SI,SI,SI,SI,SI,SI,SI,SI,am2.2,ea1,ea1,ea1,am1.3,ea1,ea1,ea1
EPI_ISL_19660831,2022-07-15,USA,american_anchor,,,,,SI,SI,SI,SI,SI,SI,SI,SI,am2.2,ea1,ea1,ea1,am1.3,ea1,ea1,ea1
EPI_ISL_19660833,2022-07-15,USA,american_anchor,,,,,SI,SI,SI,SI,SI,SI,SI,SI,am2.2,ea1,ea1,ea1,am1.3,ea1,ea1,ea1
EPI_ISL_19660839,2022-07-13,USA,american_anchor,,,,,SI,SI,SI,SI,SI,SI,SI,SI,am2.2,ea1,ea1,ea1,am1.3,ea1,ea1,ea1
EPI_ISL_19660843,2022-07-18,USA,american_anchor,,,,,SI,SI,SI,SI,SI,SI,SI,SI,am1.2,ea1,ea1,ea1,am1.1,ea1,ea1,am1.2
EPI_ISL_19718377,2022-01-01,USA,american_anchor,,,,,SI,SI,SI,SI,SI,SI,SI,SI,am1.3,am1.3,am1.2,ea1,am1.2,ea1,ea1,ea1
EPI_ISL_19718388,2022-01-01,USA,american_anchor,,,,,SI,SI,SI,SI,SI,SI,SI,SI,am2.1,am1.2,ea1,ea1,am1.4.1,ea1,ea1,am1.1
EPI_ISL_19765926,2022-05-14,USA,american_anchor,,,,,SI,SI,SI,SI,SI,SI,SI,SI,ea1,ea1,ea1,ea1,ea1,ea1,ea1,ea1
EPI_ISL_19797443,2022-01-01,USA,american_anchor,,,,,SI,SI,SI,SI,SI,SI,SI,SI,,ea1,ea1,ea1,,ea1,ea1,ea1
EPI_ISL_20433854,2022-02-11,USA,american_anchor,,,,,SI,SI,SI,SI,SI,SI,SI,SI,ea1,ea1,ea1,ea1,ea1,ea1,ea1,ea1
EPI_ISL_9869760,2021-12-30,USA,american_anchor,,,,,SI,SI,SI,SI,SI,SI,SI,SI,ea1,ea1,ea1,ea1,ea1,ea1,ea1,ea1
EPI_ISL_9876777,2021-12-30,USA,american_anchor,,,,,SI,SI,SI,SI,SI,SI,SI,SI,ea1,ea1,ea1,ea1,ea1,ea1,ea1,ea1
EPI_ISL_9880019,2022-01-08,USA,american_anchor,,,,,SI,SI,SI,SI,SI,SI,SI,SI,ea1,ea1,ea1,ea1,ea1,ea1,ea1,ea1
EPI_ISL_9880151,2022-01-08,USA,american_anchor,,,,,SI,SI,SI,SI,SI,SI,SI,SI,ea1,ea1,ea1,ea1,ea1,ea1,ea1,ea1
EPI_ISL_9880152,2022-01-08,USA,american_anchor,,,,,SI,SI,SI,SI,SI,SI,SI,SI,ea1,ea1,ea1,ea1,ea1,ea1,ea1,ea1
EPI_ISL_9880153,2022-01-08,USA,american_anchor,,,,,SI,SI,SI,SI,SI,SI,SI,SI,ea1,ea1,ea1,ea1,ea1,ea1,ea1,ea1
EPI_ISL_9909371,2022-02-07,USA,american_anchor,,,,,SI,SI,SI,SI,SI,SI,SI,SI,ea1,ea1,ea1,ea1,ea1,ea1,ea1,ea1
EPI_ISL_20387879,2023-03-22,Ecuador,flu_amazonia,Flu-0658,EPI_ISL_20387879,BM-23-2136,24,SI,SI,SI,,SI,SI,SI,SI,am2.1,am1.2,ea1,,am1.4.1,ea1,ea1,am1.1
EPI_ISL_20450053,2023-04-13,Ecuador,flu_amazonia,Flu-0009,EPI_ISL_20450053,BM-A-23-008,"1,3",,,,,SI,SI,SI,SI,,,,,am1.4.1,ea1,ea1,am1.1
EPI_ISL_20450054,2023-04-02,Ecuador,flu_amazonia,Flu-0011,EPI_ISL_20450054,BM-23-2349,1,,,,,,,SI,SI,,,,,,,ea1,am1.1
EPI_ISL_20450105,2024-02-27,Ecuador,flu_amazonia,Flu-0629,EPI_ISL_20450105,BM-24-071,22,,,,,SI,,SI,SI,,,,,am1.4.1,,ea1,am1.1
EPI_ISL_20450120,2023-04-02,Ecuador,flu_amazonia,Flu-0663,EPI_ISL_20450120,BM-23-2350,24,,,,,SI,,SI,SI,,,,,am1.4.1,,ea1,am1.1
EPI_ISL_20450142,2024-02-27,Ecuador,flu_amazonia,Flu-0740,EPI_ISL_20450142,BM-A-24-068,agro,,,,,,,SI,,,,,,,,ea1,
EPI_ISL_20450143,2024-02-27,Ecuador,flu_amazonia,Flu-0741,EPI_ISL_20450143,BM-A-24-070,agro,,,,,,,SI,SI,,,,,,,ea1,am1.1
EPI_ISL_20450144,2024-02-27,Ecuador,flu_amazonia,Flu-0742,EPI_ISL_20450144,BM-A-24-071,agro,,,,,SI,,SI,SI,,,,,am1.4.1,,ea1,am1.1
EPI_ISL_17973443,2023-01-11,Ecuador,flu_costa,,,,,SI,SI,SI,SI,SI,SI,SI,SI,am2.1,am1.2,ea1,ea1,am1.4.1,ea1,ea1,am1.1
EPI_ISL_17973458,2023-01-11,Ecuador,flu_costa,,,,,SI,SI,SI,SI,SI,SI,SI,SI,am2.1,am1.2,ea1,ea1,am1.4.1,,ea1,am1.1
EPI_ISL_18137671,2023-05-18,Ecuador,flu_costa,,,,,SI,SI,SI,SI,SI,SI,SI,SI,,am1.2,ea1,ea1,am1.4.1,ea1,ea1,
EPI_ISL_20450056,2023-06-01,Ecuador,flu_costa,Flu-0018,EPI_ISL_20450056,Remape-2023-SU-MV-001,3,,,,,,,,SI,,,,,,,,am1.1
EPI_ISL_20450065,2023-08-17,Ecuador,flu_costa,Flu-0330,EPI_ISL_20450065,BM-IA-22,12,,,,,SI,,SI,SI,,,,,am1.4.1,,ea1,am1.1
EPI_ISL_20450066,2023-05-10,Ecuador,flu_costa,Flu-0008,EPI_ISL_20450066,Piquero-002,1,,,,,,,,SI,,,,,,,,am1.1
EPI_ISL_20450067,2023-05-27,Ecuador,flu_costa,Flu-0014,EPI_ISL_20450067,REMACOPSE-SALINAS,"2,3",,,,,,,,SI,,,,,,,,am1.1
EPI_ISL_20450068,2023-06-02,Ecuador,flu_costa,Flu-0023,EPI_ISL_20450068,PG-004-SL,"2,3",,,,SI,SI,SI,SI,SI,,,,ea1,am1.4.1,ea1,ea1,am1.1
EPI_ISL_20450069,2023-05-30,Ecuador,flu_costa,Flu-0027,EPI_ISL_20450069,,3,,,,,,,SI,SI,,,,,,,ea1,am1.1
EPI_ISL_20450070,2023-05-31,Ecuador,flu_costa,Flu-0035,EPI_ISL_20450070,004/31-05/2023,3,,,,,,,SI,SI,,,,,am1.4.1,,ea1,am1.1
EPI_ISL_20450071,2023-06-06,Ecuador,flu_costa,Flu-0055,EPI_ISL_20450071,PG-002-SL,"2,3",,,,,,,SI,,,,,,,,ea1,
EPI_ISL_20450072,2023-07-11,Ecuador,flu_costa,Flu-0205,EPI_ISL_20450072,GU1-005-HF,"8,10,14",,,,,,,SI,,,,,,,,ea1,
EPI_ISL_20450073,2023-07-11,Ecuador,flu_costa,Flu-0206,EPI_ISL_20450073,GU1-005-HF,"8,10",,,,,,,SI,SI,,,,,,,ea1,am1.1
EPI_ISL_20450074,2023-10-31,Ecuador,flu_costa,Flu-0402,EPI_ISL_20450074,M1-IP,17,SI,SI,SI,SI,,SI,SI,SI,am2.1,am1.2,ea1,ea1,,ea1,ea1,am1.1
EPI_ISL_20450075,2023-10-31,Ecuador,flu_costa,Flu-0403,EPI_ISL_20450075,M1-IP,17,,,,,,,SI,,,,,,,,ea1,
EPI_ISL_20450076,2023-10-31,Ecuador,flu_costa,Flu-0406,EPI_ISL_20450076,M3-IP,17,SI,SI,SI,SI,SI,SI,SI,SI,am2.1,am1.2,ea1,ea1,am1.4.1,ea1,ea1,am1.1
EPI_ISL_20450096,2023-10-31,Ecuador,flu_costa,Flu-0407,EPI_ISL_20450096,M3-IP,17,SI,SI,,SI,SI,SI,SI,SI,am2.1,am1.2,,ea1,am1.4.1,ea1,ea1,am1.1
EPI_ISL_20450097,2023-10-31,Ecuador,flu_costa,Flu-0410,EPI_ISL_20450097,M5-IP,17,,,,,,,,SI,,,,,,,,am1.1
EPI_ISL_20450099,2023-12-06,Ecuador,flu_costa,Flu-0578,EPI_ISL_20450099,M014,20,,SI,,SI,,SI,SI,SI,,am1.2,,ea1,,ea1,ea1,am1.1
EPI_ISL_20450137,2023-08-17,Ecuador,flu_costa,Flu-0739,EPI_ISL_20450137,BM-A-23-1149,agro,,,,,SI,,SI,SI,,,,,am1.4.1,,ea1,am1.1
EPI_ISL_20386477,2023-01-20,Ecuador,flu_sierra,Flu-0641,EPI_ISL_20386477,BM-23-0537,24,SI,SI,SI,SI,SI,SI,SI,SI,am2.1,am1.2,ea1,ea1,am1.4.1,ea1,ea1,am1.1
EPI_ISL_20387860,2022-12-02,Ecuador,flu_sierra,Flu-0583,EPI_ISL_20387860,BM-22-2134,23,SI,SI,SI,SI,SI,SI,SI,SI,am2.1,am1.2,ea1,ea1,am1.4.1,ea1,ea1,am1.1
EPI_ISL_20387861,2022-12-02,Ecuador,flu_sierra,Flu-0584,EPI_ISL_20387861,BM-22-2135,21,SI,SI,SI,SI,SI,SI,SI,SI,am2.1,am1.2,ea1,ea1,am1.4.1,ea1,ea1,am1.1
EPI_ISL_20387862,2022-12-13,Ecuador,flu_sierra,Flu-0586,EPI_ISL_20387862,BM-22-2512,22,SI,SI,SI,SI,SI,SI,SI,SI,am2.1,am1.2,ea1,ea1,am1.4.1,ea1,ea1,am1.1
EPI_ISL_20387863,2022-12-13,Ecuador,flu_sierra,Flu-0589,EPI_ISL_20387863,BM-22-2524,22,SI,SI,SI,SI,SI,SI,SI,SI,am2.1,am1.2,ea1,ea1,am1.4.1,ea1,ea1,am1.1
EPI_ISL_20387864,2022-12-14,Ecuador,flu_sierra,Flu-0592,EPI_ISL_20387864,BM-22-2667,21,SI,SI,SI,SI,SI,SI,SI,SI,am2.1,am1.2,ea1,ea1,am1.4.1,ea1,ea1,am1.1
EPI_ISL_20387865,2022-12-14,Ecuador,flu_sierra,Flu-0593,EPI_ISL_20387865,BM-22-2672,21,SI,SI,SI,SI,SI,SI,SI,SI,am2.1,am1.2,ea1,ea1,am1.4.1,ea1,ea1,am1.1
EPI_ISL_20387866,2023-01-07,Ecuador,flu_sierra,Flu-0596,EPI_ISL_20387866,BM-23-0126,23,SI,SI,SI,SI,SI,SI,SI,SI,am2.1,am1.2,ea1,ea1,am1.4.1,ea1,ea1,am1.1
EPI_ISL_20387867,2023-01-07,Ecuador,flu_sierra,Flu-0599,EPI_ISL_20387867,BM-23-0131,23,SI,SI,SI,SI,SI,SI,SI,SI,am2.1,am1.2,ea1,ea1,am1.4.1,ea1,ea1,am1.1
EPI_ISL_20387868,2023-01-12,Ecuador,flu_sierra,Flu-0608,EPI_ISL_20387868,BM-23-0305,23,SI,SI,SI,SI,SI,SI,SI,SI,am2.1,am1.2,ea1,ea1,am1.4.1,ea1,ea1,am1.1
EPI_ISL_20387869,2023-01-18,Ecuador,flu_sierra,Flu-0611,EPI_ISL_20387869,BM-23-0432,22,SI,SI,SI,SI,SI,SI,SI,SI,am2.1,am1.2,ea1,ea1,am1.4.1,ea1,ea1,am1.1
EPI_ISL_20387870,2023-01-18,Ecuador,flu_sierra,Flu-0613,EPI_ISL_20387870,BM-23-0434,22,SI,SI,SI,SI,SI,SI,SI,SI,am2.1,am1.2,ea1,ea1,am1.4.1,ea1,ea1,am1.1
EPI_ISL_20387871,2023-01-18,Ecuador,flu_sierra,Flu-0614,EPI_ISL_20387871,BM-23-0435,23,SI,SI,SI,SI,SI,SI,SI,SI,am2.1,am1.2,ea1,ea1,am1.4.1,ea1,ea1,am1.1
EPI_ISL_20387872,2023-01-18,Ecuador,flu_sierra,Flu-0615,EPI_ISL_20387872,BM-23-0437,23,SI,SI,SI,,SI,,SI,SI,am2.1,am1.2,ea1,,am1.4.1,,ea1,am1.1
EPI_ISL_20387873,2023-01-19,Ecuador,flu_sierra,Flu-0619,EPI_ISL_20387873,BM-23-0442,21,SI,SI,SI,SI,SI,SI,SI,SI,am2.1,am1.2,ea1,ea1,am1.4.1,ea1,ea1,am1.1
EPI_ISL_20387874,2023-01-19,Ecuador,flu_sierra,Flu-0621,EPI_ISL_20387874,BM-23-0445,22,SI,SI,SI,SI,SI,SI,SI,SI,am2.1,am1.2,ea1,ea1,am1.4.1,ea1,ea1,am1.1
EPI_ISL_20387875,2023-01-19,Ecuador,flu_sierra,Flu-0622,EPI_ISL_20387875,BM-23-0446,21,SI,SI,SI,SI,SI,SI,SI,SI,am2.1,am1.2,ea1,ea1,am1.4.1,ea1,ea1,am1.1
EPI_ISL_20387876,2023-01-19,Ecuador,flu_sierra,Flu-0623,EPI_ISL_20387876,BM-23-0447,22,SI,SI,SI,SI,SI,SI,SI,SI,am2.1,am1.2,ea1,ea1,am1.4.1,ea1,ea1,am1.1
EPI_ISL_20387877,2023-02-19,Ecuador,flu_sierra,Flu-0652,EPI_ISL_20387877,BM-23-1400,24,SI,SI,SI,SI,SI,SI,SI,SI,am2.1,am1.2,ea1,ea1,am1.4.1,ea1,ea1,am1.1
EPI_ISL_20387878,2023-02-19,Ecuador,flu_sierra,Flu-0654,EPI_ISL_20387878,BM-23-1402,24,SI,SI,SI,SI,SI,SI,SI,SI,am2.1,am1.2,ea1,ea1,am1.4.1,ea1,ea1,am1.1
EPI_ISL_20450055,2023-01-20,Ecuador,flu_sierra,Flu-0013,EPI_ISL_20450055,BM-23-0534,"1,2,3",,,,SI,SI,SI,SI,SI,,,,ea1,am1.4.1,ea1,ea1,am1.1
EPI_ISL_20450057,2023-07-24,Ecuador,flu_sierra,Flu-0314,EPI_ISL_20450057,BM-IA-06,9,,,,,,SI,SI,SI,,,,,,ea1,ea1,am1.1
EPI_ISL_20450058,2023-07-28,Ecuador,flu_sierra,Flu-0316,EPI_ISL_20450058,BM-IA-08,9,SI,SI,SI,SI,SI,SI,SI,SI,am2.1,am1.2,ea1,ea1,am1.4.1,ea1,ea1,am1.1
EPI_ISL_20450059,2023-07-28,Ecuador,flu_sierra,Flu-0317,EPI_ISL_20450059,BM-IA-09,9,SI,SI,SI,SI,SI,SI,SI,SI,am2.1,am1.2,ea1,ea1,am1.4.1,ea1,ea1,am1.1
EPI_ISL_20450060,2023-07-24,Ecuador,flu_sierra,Flu-0318,EPI_ISL_20450060,BM-IA-10,10,SI,SI,SI,,SI,SI,SI,SI,am2.1,am1.2,ea1,,am1.4.1,ea1,ea1,am1.1
EPI_ISL_20450061,2023-07-28,Ecuador,flu_sierra,Flu-0321,EPI_ISL_20450061,BM-IA-13,10,,,,,,SI,SI,SI,,,,,,ea1,ea1,am1.1
EPI_ISL_20450062,2023-08-03,Ecuador,flu_sierra,Flu-0323,EPI_ISL_20450062,BM-IA-15,12,,,,,,,SI,SI,,,,,,,ea1,am1.1
EPI_ISL_20450063,2023-08-03,Ecuador,flu_sierra,Flu-0325,EPI_ISL_20450063,BM-IA-17,12,,,,,SI,,SI,SI,,,,,,,ea1,am1.1
EPI_ISL_20450064,2023-08-03,Ecuador,flu_sierra,Flu-0326,EPI_ISL_20450064,BM-IA-18,12,,,,,SI,,SI,SI,,,,,am1.4.1,,ea1,am1.1
EPI_ISL_20450077,2022-11-25,Ecuador,flu_sierra,Flu-0413,EPI_ISL_20450077,BM-22-2070,17,,,,,,,SI,,,,,,,,ea1,
EPI_ISL_20450078,2022-11-25,Ecuador,flu_sierra,Flu-0418,EPI_ISL_20450078,BM-22-2075,17,,,,,,,SI,,,,,,,,ea1,
EPI_ISL_20450079,2022-12-16,Ecuador,flu_sierra,Flu-0423,EPI_ISL_20450079,BM-22-2132,17,,,,,,,,SI,,,,,,,,am1.1
EPI_ISL_20450080,2022-12-16,Ecuador,flu_sierra,Flu-0440,EPI_ISL_20450080,BM-22-2672,17,,,,,,SI,,,,,,,,ea1,,
EPI_ISL_20450081,2023-01-08,Ecuador,flu_sierra,Flu-0450,EPI_ISL_20450081,BM-23-0134,17,,,,SI,,SI,,,,,,ea1,,ea1,,
EPI_ISL_20450082,2023-01-13,Ecuador,flu_sierra,Flu-0456,EPI_ISL_20450082,BM-23-0300,17,,,,,,SI,,,,,,,,ea1,,
EPI_ISL_20450083,2023-01-13,Ecuador,flu_sierra,Flu-0457,EPI_ISL_20450083,BM-23-0305,20,,,,,,,SI,,,,,,,,ea1,
EPI_ISL_20450084,2023-01-18,Ecuador,flu_sierra,Flu-0465,EPI_ISL_20450084,BM-23-0437,17,,,,SI,,,,,,,,,,,,
EPI_ISL_20450085,2023-01-19,Ecuador,flu_sierra,Flu-0472,EPI_ISL_20450085,BM-23-0444,17,,,,SI,,SI,,,,,,ea1,,ea1,,
EPI_ISL_20450086,2022-11-25,Ecuador,flu_sierra,Flu-0580,EPI_ISL_20450086,BM-22-2070,23,SI,SI,SI,SI,SI,SI,SI,SI,am2.1,am1.2,ea1,ea1,am1.4.1,ea1,ea1,am1.1
EPI_ISL_20450087,2022-11-25,Ecuador,flu_sierra,Flu-0582,EPI_ISL_20450087,BM-22-2075,23,SI,SI,SI,SI,SI,SI,SI,SI,am2.1,am1.2,ea1,ea1,am1.4.1,ea1,ea1,am1.1
EPI_ISL_20450088,2022-12-02,Ecuador,flu_sierra,Flu-0585,EPI_ISL_20450088,BM-22-2136,23,SI,,SI,SI,SI,SI,SI,SI,am2.1,,ea1,,am1.4.1,ea1,ea1,am1.1
EPI_ISL_20450089,2022-12-13,Ecuador,flu_sierra,Flu-0587,EPI_ISL_20450089,BM-22-2517,21,,SI,SI,SI,SI,SI,SI,SI,,am1.2,ea1,ea1,am1.4.1,ea1,ea1,am1.1
EPI_ISL_20450090,2022-12-13,Ecuador,flu_sierra,Flu-0590,EPI_ISL_20450090,BM-22-2530,23,SI,SI,SI,SI,SI,,SI,SI,am2.1,am1.2,ea1,ea1,am1.4.1,,ea1,am1.1
EPI_ISL_20450091,2023-12-28,Ecuador,flu_sierra,Flu-0594,EPI_ISL_20450091,BM-23-0121,22,,,,,SI,,SI,SI,,,,,,,ea1,am1.1
EPI_ISL_20450092,2023-01-07,Ecuador,flu_sierra,Flu-0595,EPI_ISL_20450092,BM-23-0125,23,SI,SI,SI,,SI,SI,SI,SI,am2.1,am1.2,ea1,,am1.4.1,ea1,ea1,am1.1
EPI_ISL_20450093,2023-01-07,Ecuador,flu_sierra,Flu-0597,EPI_ISL_20450093,BM-23-0127,22,,,,,SI,SI,SI,SI,,,,,am1.4.1,ea1,ea1,am1.1
EPI_ISL_20450094,2023-01-07,Ecuador,flu_sierra,Flu-0598,EPI_ISL_20450094,BM-23-0130,21,SI,SI,SI,,SI,SI,SI,SI,am2.1,am1.2,ea1,,am1.4.1,ea1,ea1,am1.1
EPI_ISL_20450095,2023-01-07,Ecuador,flu_sierra,Flu-0600,EPI_ISL_20450095,BM-23-0132,22,SI,SI,SI,SI,SI,SI,SI,SI,am2.1,am1.2,ea1,ea1,am1.4.1,ea1,ea1,am1.1
EPI_ISL_20450098,2023-01-08,Ecuador,flu_sierra,Flu-0451,EPI_ISL_20450098,BM-23-0139,17,,,,,,,,SI,,,,,,,,am1.1
EPI_ISL_20450100,2023-01-07,Ecuador,flu_sierra,Flu-0603,EPI_ISL_20450100,BM-23-0139,21,SI,SI,SI,,SI,,SI,SI,am2.1,am1.2,ea1,,am1.4.1,,ea1,am1.1
EPI_ISL_20450101,2023-01-12,Ecuador,flu_sierra,Flu-0604,EPI_ISL_20450101,BM-23-0289,23,SI,SI,SI,SI,SI,SI,SI,SI,am2.1,am1.2,ea1,ea1,am1.4.1,ea1,ea1,am1.1
EPI_ISL_20450102,2023-01-12,Ecuador,flu_sierra,Flu-0605,EPI_ISL_20450102,BM-23-0290,22,,,,,SI,,SI,SI,,,,,am1.4.1,,,am1.1
EPI_ISL_20450103,2023-01-16,Ecuador,flu_sierra,Flu-0609,EPI_ISL_20450103,BM-23-0360,23,SI,SI,SI,,SI,SI,SI,SI,am2.1,am1.2,ea1,,am1.4.1,ea1,ea1,am1.1
EPI_ISL_20450104,2023-01-16,Ecuador,flu_sierra,Flu-0610,EPI_ISL_20450104,BM-23-0361,22,SI,SI,SI,SI,SI,SI,SI,SI,am2.1,am1.2,ea1,ea1,am1.4.1,ea1,ea1,am1.1
EPI_ISL_20450106,2023-01-19,Ecuador,flu_sierra,Flu-0630,EPI_ISL_20450106,BM-23-0449,"24,25",SI,SI,SI,SI,SI,SI,SI,SI,,am1.2,ea1,ea1,am1.4.1,ea1,ea1,am1.1
EPI_ISL_20450107,2023-01-19,Ecuador,flu_sierra,Flu-0631,EPI_ISL_20450107,BM-23-0450,"24,25",,,,,SI,,SI,SI,,,,,am1.4.1,,ea1,am1.1
EPI_ISL_20450108,2023-01-19,Ecuador,flu_sierra,Flu-0632,EPI_ISL_20450108,BM-23-0451,24,,,,,SI,SI,SI,SI,,,,,am1.4.1,ea1,ea1,am1.1
EPI_ISL_20450109,2023-01-19,Ecuador,flu_sierra,Flu-0633,EPI_ISL_20450109,BM-23-0454,24,SI,SI,SI,,SI,SI,SI,SI,am2.1,am1.2,ea1,,am1.4.1,ea1,ea1,am1.1
EPI_ISL_20450110,2023-01-19,Ecuador,flu_sierra,Flu-0635,EPI_ISL_20450110,BM-23-0456,25,,,,,SI,,SI,SI,,,,,am1.4.1,,ea1,am1.1
EPI_ISL_20450111,2023-01-19,Ecuador,flu_sierra,Flu-0636,EPI_ISL_20450111,BM-23-0459,25,,,,,SI,,SI,SI,,,,,am1.4.1,,ea1,am1.1
EPI_ISL_20450112,2023-01-20,Ecuador,flu_sierra,Flu-0638,EPI_ISL_20450112,BM-23-0533,24,,,,SI,SI,SI,SI,SI,,,,,am1.4.1,ea1,ea1,am1.1
EPI_ISL_20450113,2023-01-20,Ecuador,flu_sierra,Flu-0639,EPI_ISL_20450113,BM-23-0534,24,SI,SI,,SI,SI,,SI,SI,am2.1,am1.2,,ea1,am1.4.1,,ea1,am1.1
EPI_ISL_20450114,2023-01-20,Ecuador,flu_sierra,Flu-0640,EPI_ISL_20450114,BM-23-0536,24,,,,,,,SI,SI,,,,,,,ea1,am1.1
EPI_ISL_20450115,2023-01-24,Ecuador,flu_sierra,Flu-0642,EPI_ISL_20450115,BM-23-0570,25,,,,,SI,,SI,SI,,,,,am1.4.1,,ea1,am1.1
EPI_ISL_20450116,2023-01-24,Ecuador,flu_sierra,Flu-0643,EPI_ISL_20450116,BM-23-0571,25,,,,,SI,,SI,SI,,,,,am1.4.1,,ea1,am1.1
EPI_ISL_20450117,2023-02-19,Ecuador,flu_sierra,Flu-0653,EPI_ISL_20450117,BM-23-1401,"24,25",SI,SI,SI,SI,SI,SI,SI,SI,am2.1,am1.2,ea1,ea1,am1.4.1,ea1,ea1,am1.1
EPI_ISL_20450118,2023-02-27,Ecuador,flu_sierra,Flu-0655,EPI_ISL_20450118,BM-23-1593,25,,,,,SI,,SI,SI,,,,,am1.4.1,,ea1,am1.1
EPI_ISL_20450119,2023-02-27,Ecuador,flu_sierra,Flu-0656,EPI_ISL_20450119,BM-23-1594,25,,,,,SI,,SI,SI,,,,,am1.4.1,,ea1,am1.1
EPI_ISL_20450121,2025-02-05,Ecuador,flu_sierra,Flu-0679,EPI_ISL_20450121,Oral #3,"26,agro",,,,,,,SI,SI,,,,,,,,am1.1
EPI_ISL_20450122,2025-02-05,Ecuador,flu_sierra,Flu-0680,EPI_ISL_20450122,,26,,,,,,,SI,SI,,,,,,,,am1.1
EPI_ISL_20450123,2025-02-05,Ecuador,flu_sierra,Flu-0688,EPI_ISL_20450123,,26,,,,,,,SI,SI,,,,,,,,am1.1
EPI_ISL_20450124,2025-02-05,Ecuador,flu_sierra,Flu-0711,EPI_ISL_20450124,SP-CB-8,26,,,,,SI,SI,SI,SI,,,,,,,,
EPI_ISL_20450128,2025-02-24,Ecuador,flu_sierra,Flu-0713,EPI_ISL_20450128,Condor 1 Zoo,26,,,,,,,SI,,,,,,,,,
EPI_ISL_20450130,2025-02-24,Ecuador,flu_sierra,Flu-0714,EPI_ISL_20450130,Condor 1 Zoo,26,,,,,,,SI,SI,,,,,,,,
EPI_ISL_20450131,2025-02-24,Ecuador,flu_sierra,Flu-0715,EPI_ISL_20450131,Condor 3 Zoo,26,,,,,,,SI,,,,,,,,,
EPI_ISL_20450132,2025-02-24,Ecuador,flu_sierra,Flu-0716,EPI_ISL_20450132,Condor 3 Zoo,26,,,,,,,SI,,,,,,,,,
EPI_ISL_20450133,2025-02-24,Ecuador,flu_sierra,Flu-0717,EPI_ISL_20450133,Condor 4 Zoo,26,,,,,,,SI,,,,,,,,,
EPI_ISL_20450135,2023-07-28,Ecuador,flu_sierra,Flu-0736,EPI_ISL_20450135,BM-A-23-983,agro,,,,,SI,,SI,SI,,,,,am1.4.1,,ea1,am1.1
EPI_ISL_20450136,2023-07-28,Ecuador,flu_sierra,Flu-0738,EPI_ISL_20450136,BM-A-23-986,agro,,,,,,,SI,SI,,,,,,,ea1,am1.1
EPI_ISL_20450139,2023-07-24,Ecuador,flu_sierra,Flu-0735,EPI_ISL_20450139,BM-A-23-927,agro,,,,,,,,SI,,,,,,,,am1.1
EPI_ISL_20450140,2023-07-28,Ecuador,flu_sierra,Flu-0737,EPI_ISL_20450140,BM-A-23-984,agro,,,,,SI,,SI,SI,,,,,am1.4.1,,ea1,am1.1
EPI_ISL_15614805,2022-01-23,Md,regional_context,,,,,SI,SI,SI,SI,SI,SI,SI,SI,ea1,ea1,ea1,ea1,ea1,ea1,ea1,ea1
EPI_ISL_16013752,2022-11-25,Venezuela,regional_context,,,,,SI,SI,SI,SI,SI,SI,SI,SI,am1.2,ea1,ea1,ea1,am1.1,ea1,ea1,am1.2
EPI_ISL_16013753,2022-11-25,Venezuela,regional_context,,,,,SI,SI,SI,SI,SI,SI,SI,SI,am1.2,ea1,ea1,ea1,am1.1,ea1,ea1,am1.2
EPI_ISL_16190849,2021-11-04,GreatBlackBackedGull,regional_context,,,,,SI,SI,SI,SI,SI,SI,SI,SI,ea1,ea2,ea1,ea2,ea1,ea2,ea1,ea1
EPI_ISL_16249681,2022-11-28,Peru,regional_context,,,,,SI,SI,SI,SI,SI,SI,SI,SI,am2.1,am1.2,ea1,ea1,am1.4.1,ea1,ea1,am1.1
EPI_ISL_16249730,2022-11-29,Peru,regional_context,,,,,SI,SI,SI,SI,SI,SI,SI,SI,am2.1,am1.2,ea1,ea1,am1.4.1,ea1,ea1,am1.1
EPI_ISL_16631973,2022-12-12,Venezuela,regional_context,,,,,SI,SI,SI,SI,SI,SI,SI,SI,,ea1,ea1,ea1,am1.1,ea1,ea1,am1.2
EPI_ISL_16641764,2022-03-01,Ma,regional_context,,,,,SI,SI,SI,SI,SI,SI,SI,SI,ea1,ea2,ea1,ea2,ea1,ea2,ea1,ea1
EPI_ISL_16641765,2022-03-02,Ma,regional_context,,,,,SI,SI,SI,SI,SI,SI,SI,SI,ea1,ea2,ea1,ea2,ea1,ea2,ea1,ea1
EPI_ISL_16641766,2022-03-06,Ma,regional_context,,,,,SI,SI,SI,SI,SI,SI,SI,SI,ea1,ea2,ea1,ea2,ea1,ea2,ea1,ea1
EPI_ISL_16641767,2022-03-06,Ma,regional_context,,,,,SI,SI,SI,SI,SI,SI,SI,SI,ea1,ea2,ea1,ea2,ea1,ea2,ea1,ea1
EPI_ISL_16641768,2022-03-06,Ma,regional_context,,,,,SI,SI,SI,SI,SI,SI,SI,SI,ea1,ea2,ea1,ea2,ea1,ea2,ea1,ea1
EPI_ISL_16641769,2022-03-07,Ma,regional_context,,,,,SI,SI,SI,SI,SI,SI,SI,SI,ea1,ea2,ea1,ea2,ea1,ea2,ea1,ea1
EPI_ISL_16641770,2022-03-07,Ma,regional_context,,,,,SI,SI,SI,SI,SI,SI,SI,SI,ea1,ea2,ea1,ea2,ea1,ea2,ea1,ea1
EPI_ISL_16641771,2022-03-15,Ma,regional_context,,,,,SI,SI,SI,SI,SI,SI,SI,SI,ea1,ea2,ea1,ea2,ea1,ea2,ea1,ea1
EPI_ISL_16641772,2022-03-15,Ma,regional_context,,,,,SI,SI,SI,SI,SI,SI,SI,SI,ea1,ea2,ea1,ea2,ea1,ea2,ea1,ea1
EPI_ISL_16641773,2022-03-16,Ma,regional_context,,,,,SI,SI,SI,SI,SI,SI,SI,SI,ea1,ea2,ea1,ea2,ea1,ea2,ea1,ea1
EPI_ISL_16641774,2022-03-18,Ma,regional_context,,,,,SI,SI,SI,SI,SI,SI,SI,SI,ea1,ea2,ea1,ea2,ea1,ea2,ea1,ea1
EPI_ISL_16641775,2022-03-09,Ma,regional_context,,,,,SI,SI,SI,SI,SI,SI,SI,SI,ea1,ea2,ea1,ea2,ea1,ea2,ea1,ea1
EPI_ISL_16641776,2022-03-04,Ma,regional_context,,,,,SI,SI,SI,SI,SI,SI,SI,SI,ea1,ea2,ea1,ea2,ea1,ea2,ea1,ea1
EPI_ISL_16641777,2022-03-03,Ma,regional_context,,,,,SI,SI,SI,SI,SI,SI,SI,SI,ea1,ea2,ea1,ea2,ea1,ea2,ea1,ea1
EPI_ISL_16641778,2022-03-03,Ma,regional_context,,,,,SI,SI,SI,SI,SI,SI,SI,SI,ea1,ea1,ea1,ea1,ea1,ea1,ea1,ea1
EPI_ISL_16641779,2022-06-12,Ma,regional_context,,,,,SI,SI,SI,SI,SI,SI,SI,SI,ea1,ea2,ea1,ea2,ea1,ea2,ea1,ea1
EPI_ISL_16641780,2022-06-13,Ma,regional_context,,,,,SI,SI,SI,SI,SI,SI,SI,SI,ea1,ea2,ea1,ea2,ea1,ea2,ea1,ea1
EPI_ISL_16641781,2022-06-17,Ma,regional_context,,,,,SI,SI,SI,SI,SI,SI,SI,SI,ea1,ea2,ea1,ea2,ea1,ea2,ea1,ea1
EPI_ISL_16641782,2022-06-19,Ma,regional_context,,,,,SI,SI,SI,SI,SI,SI,SI,SI,ea1,ea2,ea1,ea2,ea1,ea2,ea1,ea1
EPI_ISL_16641783,2022-06-25,Ma,regional_context,,,,,SI,SI,SI,SI,SI,SI,SI,SI,ea1,ea2,ea1,ea2,ea1,ea2,ea1,ea1
EPI_ISL_16641784,2022-06-12,Me,regional_context,,,,,SI,SI,SI,SI,SI,SI,SI,SI,ea1,ea2,ea1,ea2,ea1,ea2,ea1,ea1
EPI_ISL_16641785,2022-06-14,Me,regional_context,,,,,SI,SI,SI,SI,SI,SI,SI,SI,ea1,ea2,ea1,ea2,ea1,ea2,ea1,ea1
EPI_ISL_16641786,2022-06-14,Me,regional_context,,,,,SI,SI,SI,SI,SI,SI,SI,SI,ea1,ea2,ea1,ea2,ea1,ea2,ea1,ea1
EPI_ISL_16641787,2022-06-21,Ma,regional_context,,,,,SI,SI,SI,SI,SI,SI,SI,SI,ea1,ea2,ea1,ea2,ea1,ea2,ea1,ea1
EPI_ISL_16641788,2022-06-21,Ma,regional_context,,,,,SI,SI,SI,SI,SI,SI,SI,SI,ea1,ea2,ea1,ea2,ea1,ea2,ea1,ea1
EPI_ISL_16641789,2022-06-15,Ma,regional_context,,,,,SI,SI,SI,SI,SI,SI,SI,SI,ea1,ea2,ea1,ea2,ea1,ea2,ea1,ea1
EPI_ISL_16641790,2022-06-25,Ma,regional_context,,,,,SI,SI,SI,SI,SI,SI,SI,SI,ea1,ea2,ea1,ea2,ea1,ea2,ea1,ea1
EPI_ISL_16641791,2022-06-16,Ma,regional_context,,,,,SI,SI,SI,SI,SI,SI,SI,SI,ea1,ea2,ea1,ea2,ea1,ea2,ea1,ea1
EPI_ISL_16641792,2022-06-22,Ma,regional_context,,,,,SI,SI,SI,SI,SI,SI,SI,SI,ea1,ea2,ea1,ea2,ea1,ea2,ea1,ea1
EPI_ISL_16641793,2022-03-18,Ma,regional_context,,,,,SI,SI,SI,SI,SI,SI,SI,SI,ea1,ea2,ea1,ea2,ea1,ea2,ea1,ea1
EPI_ISL_16641794,2022-03-22,Ma,regional_context,,,,,SI,SI,SI,SI,SI,SI,SI,SI,ea1,ea2,ea1,ea2,ea1,ea2,ea1,ea1
EPI_ISL_16641796,2022-02-07,Ma,regional_context,,,,,SI,SI,SI,SI,SI,SI,SI,SI,ea1,ea1,ea1,ea1,ea1,ea1,ea1,ea1
EPI_ISL_16641797,2022-03-20,Ma,regional_context,,,,,SI,SI,SI,SI,SI,SI,SI,SI,ea1,ea1,ea1,ea1,ea1,ea1,ea1,ea1
EPI_ISL_16641798,2022-04-10,Ma,regional_context,,,,,SI,SI,SI,SI,SI,SI,SI,SI,ea1,ea1,ea1,ea1,ea1,ea1,ea1,ea1
EPI_ISL_16641799,2022-05-10,Ma,regional_context,,,,,SI,SI,SI,SI,SI,SI,SI,SI,ea1,ea2,ea1,ea2,ea1,ea2,ea1,ea1
EPI_ISL_16701840,2022-12-15,Venezuela,regional_context,,,,,SI,SI,SI,SI,SI,SI,SI,SI,am1.2,ea1,ea1,ea1,am1.1,ea1,ea1,am1.2
EPI_ISL_16891402,2022-12-02,Chile,regional_context,,,,,SI,SI,SI,SI,SI,SI,SI,SI,am2.1,am1.2,ea1,ea1,am1.4.1,ea1,ea1,am1.1
EPI_ISL_17011958,2022-12-07,Chile,regional_context,,,,,SI,SI,SI,SI,SI,SI,SI,SI,am2.1,am1.2,ea1,ea1,am1.4.1,ea1,ea1,am1.1
EPI_ISL_17011964,2022-12-07,Chile,regional_context,,,,,SI,SI,SI,SI,SI,SI,SI,SI,am2.1,am1.2,ea1,ea1,am1.4.1,ea1,ea1,am1.1
EPI_ISL_17099964,2022-12-01,Peru,regional_context,,,,,SI,SI,SI,SI,SI,SI,SI,SI,am2.1,am1.2,ea1,ea1,am1.4.1,ea1,ea1,am1.1
EPI_ISL_17353507,2022-11-08,Bolivar,regional_context,,,,,SI,SI,SI,SI,SI,SI,SI,SI,am2.1,am1.2,ea1,ea1,am1.4.1,ea1,ea1,am1.1
EPI_ISL_17353508,2022-11-13,Choco,regional_context,,,,,SI,SI,SI,SI,SI,SI,SI,SI,am1.3,am1.3,am1.2,ea1,am1.2,ea1,ea1,ea1
EPI_ISL_17353509,2022-11-01,Choco,regional_context,,,,,SI,SI,SI,SI,SI,SI,SI,SI,am1.3,am1.3,am1.2,ea1,am1.2,ea1,ea1,ea1
EPI_ISL_17353510,2022-11-26,Cordoba,regional_context,,,,,SI,SI,SI,SI,SI,SI,SI,SI,am2.1,am1.2,ea1,ea1,am1.4.1,ea1,ea1,am1.1
EPI_ISL_17353838,2022-11-18,Magdalena,regional_context,,,,,SI,SI,SI,SI,SI,SI,SI,SI,am2.1,am1.2,ea1,ea1,am1.4.1,ea1,ea1,am1.1
EPI_ISL_17353839,2022-10-09,Choco,regional_context,,,,,SI,SI,SI,SI,SI,SI,SI,SI,am1.3,am1.3,am1.2,ea1,am1.2,ea1,ea1,ea1
EPI_ISL_17660070,2022-11-11,Peru,regional_context,,,,,SI,SI,SI,SI,SI,SI,SI,SI,am2.1,am1.2,ea1,ea1,am1.4.1,ea1,ea1,am1.1
EPI_ISL_17660071,2022-11-11,Peru,regional_context,,,,,SI,SI,SI,SI,SI,SI,SI,SI,am2.1,am1.2,ea1,ea1,am1.4.1,ea1,ea1,am1.1
EPI_ISL_17660072,2022-11-11,Peru,regional_context,,,,,SI,SI,SI,SI,SI,SI,SI,SI,am2.1,am1.2,ea1,ea1,am1.4.1,ea1,ea1,am1.1
EPI_ISL_17660073,2022-11-11,Peru,regional_context,,,,,SI,SI,SI,SI,SI,SI,SI,SI,am2.1,am1.2,ea1,ea1,am1.4.1,ea1,ea1,am1.1
EPI_ISL_17660074,2022-11-11,Peru,regional_context,,,,,SI,SI,SI,SI,SI,SI,SI,SI,am2.1,am1.2,ea1,ea1,am1.4.1,ea1,ea1,am1.1
EPI_ISL_17777525,2023-04-03,Peru,regional_context,,,,,SI,SI,SI,SI,SI,SI,SI,SI,am2.1,am1.2,ea1,ea1,am1.4.1,ea1,ea1,am1.1
EPI_ISL_17777526,2023-03-20,Peru,regional_context,,,,,SI,SI,SI,SI,SI,SI,SI,SI,am2.1,am1.2,ea1,,am1.4.1,ea1,ea1,am1.1
EPI_ISL_17777527,2023-03-16,Peru,regional_context,,,,,SI,SI,SI,SI,SI,SI,SI,SI,am2.1,am1.2,ea1,ea1,am1.4.1,ea1,ea1,am1.1
EPI_ISL_17777528,2023-03-17,Peru,regional_context,,,,,SI,SI,SI,SI,SI,SI,SI,SI,am2.1,am1.2,ea1,ea1,am1.4.1,ea1,ea1,am1.1
EPI_ISL_17777529,2023-03-17,Peru,regional_context,,,,,SI,SI,SI,SI,SI,SI,SI,SI,am2.1,am1.2,ea1,ea1,am1.4.1,ea1,ea1,am1.1
EPI_ISL_17777530,2023-03-17,Peru,regional_context,,,,,SI,SI,SI,SI,SI,SI,SI,SI,am2.1,am1.2,ea1,ea1,am1.4.1,ea1,ea1,am1.1
EPI_ISL_17777533,2023-04-12,Peru,regional_context,,,,,SI,SI,SI,SI,SI,SI,SI,SI,am2.1,am1.2,ea1,ea1,am1.4.1,ea1,ea1,am1.1
EPI_ISL_17805986,2022-12-18,Peru,regional_context,,,,,SI,SI,SI,SI,SI,SI,SI,SI,am2.1,am1.2,ea1,ea1,am1.4.1,ea1,ea1,am1.1
EPI_ISL_17805987,2022-11-18,Peru,regional_context,,,,,SI,SI,SI,SI,SI,SI,SI,SI,am2.1,am1.2,ea1,ea1,am1.4.1,ea1,ea1,am1.1
EPI_ISL_17805988,2022-11-28,Peru,regional_context,,,,,SI,SI,SI,SI,SI,SI,SI,SI,am2.1,am1.2,ea1,ea1,am1.4.1,ea1,ea1,am1.1
EPI_ISL_17805989,2022-12-01,Peru,regional_context,,,,,SI,SI,SI,SI,SI,SI,SI,SI,am2.1,am1.2,ea1,ea1,am1.4.1,ea1,ea1,am1.1
EPI_ISL_17805990,2022-12-01,Peru,regional_context,,,,,SI,SI,SI,SI,SI,SI,SI,SI,am2.1,am1.2,ea1,ea1,am1.4.1,ea1,ea1,am1.1
EPI_ISL_17805991,2022-12-03,Peru,regional_context,,,,,SI,SI,SI,SI,SI,SI,SI,SI,am2.1,am1.2,ea1,ea1,am1.4.1,ea1,ea1,am1.1
EPI_ISL_17805994,2022-12-22,Peru,regional_context,,,,,SI,SI,SI,SI,SI,SI,SI,SI,am2.1,am1.2,ea1,ea1,am1.4.1,ea1,ea1,am1.1
EPI_ISL_17805995,2022-12-12,Peru,regional_context,,,,,SI,SI,SI,SI,SI,SI,SI,SI,am2.1,am1.2,ea1,ea1,am1.4.1,ea1,ea1,am1.1
EPI_ISL_17805996,2022-12-22,Peru,regional_context,,,,,SI,SI,SI,SI,SI,SI,SI,SI,am2.1,am1.2,ea1,ea1,am1.4.1,ea1,ea1,am1.1
EPI_ISL_17805997,2022-11-22,Peru,regional_context,,,,,SI,SI,SI,SI,SI,SI,SI,SI,am2.1,am1.2,ea1,ea1,am1.4.1,ea1,ea1,am1.1
EPI_ISL_17805998,2022-11-22,Peru,regional_context,,,,,SI,SI,SI,SI,SI,SI,SI,SI,am2.1,am1.2,ea1,ea1,am1.4.1,ea1,ea1,am1.1
EPI_ISL_17806000,2022-11-10,Peru,regional_context,,,,,SI,SI,SI,SI,SI,SI,SI,SI,am2.1,am1.2,ea1,ea1,am1.4.1,ea1,ea1,am1.1
EPI_ISL_17806001,2022-12-12,Peru,regional_context,,,,,SI,SI,SI,SI,SI,SI,SI,SI,am2.1,am1.2,ea1,ea1,am1.4.1,ea1,ea1,am1.1
EPI_ISL_17806002,2022-11-16,Peru,regional_context,,,,,SI,SI,SI,SI,SI,SI,SI,SI,am2.1,am1.2,ea1,ea1,am1.4.1,ea1,ea1,am1.1
EPI_ISL_17806003,2022-11-22,Peru,regional_context,,,,,SI,SI,SI,SI,SI,SI,SI,SI,am2.1,am1.2,ea1,ea1,am1.4.1,ea1,ea1,am1.1
EPI_ISL_17885849,2023-03-06,Maule,regional_context,,,,,SI,SI,SI,SI,SI,SI,SI,SI,am2.1,am1.2,ea1,ea1,am1.4.1,ea1,ea1,am1.1
EPI_ISL_17885869,2023-02-28,Araucania,regional_context,,,,,SI,SI,SI,SI,SI,SI,SI,SI,am2.1,am1.2,ea1,ea1,am1.4.1,ea1,ea1,am1.1
EPI_ISL_17885870,2023-03-12,Ohiggins,regional_context,,,,,SI,SI,SI,SI,SI,SI,SI,SI,am2.1,am1.2,ea1,ea1,am1.4.1,ea1,ea1,am1.1
EPI_ISL_17885871,2023-03-12,Ohiggins,regional_context,,,,,SI,SI,SI,SI,SI,SI,SI,SI,am2.1,am1.2,ea1,ea1,am1.4.1,ea1,ea1,am1.1
EPI_ISL_17885872,2023-03-12,Ohiggins,regional_context,,,,,SI,SI,SI,SI,SI,SI,SI,SI,am2.1,am1.2,ea1,ea1,am1.4.1,ea1,ea1,am1.1
EPI_ISL_17885873,2023-03-10,Nuble,regional_context,,,,,SI,SI,SI,SI,SI,SI,SI,SI,am2.1,am1.2,ea1,ea1,am1.4.1,ea1,ea1,am1.1
EPI_ISL_17885874,2023-03-10,Nuble,regional_context,,,,,SI,SI,SI,SI,SI,SI,SI,SI,am2.1,am1.2,ea1,ea1,am1.4.1,ea1,ea1,am1.1
EPI_ISL_17885876,2023-03-08,Nuble,regional_context,,,,,SI,SI,SI,SI,SI,SI,SI,SI,am2.1,am1.2,ea1,ea1,am1.4.1,ea1,ea1,am1.1
EPI_ISL_17885877,2023-03-06,Nuble,regional_context,,,,,SI,SI,SI,SI,SI,SI,SI,SI,am2.1,am1.2,ea1,ea1,am1.4.1,ea1,ea1,am1.1
EPI_ISL_17885878,2023-02-27,Nuble,regional_context,,,,,SI,SI,SI,SI,SI,SI,SI,SI,am2.1,am1.2,ea1,ea1,am1.4.1,ea1,ea1,am1.1
EPI_ISL_17885912,2023-01-24,Ohiggins,regional_context,,,,,SI,SI,SI,SI,SI,SI,SI,SI,am2.1,am1.2,ea1,,am1.4.1,ea1,ea1,am1.1
EPI_ISL_17885915,2023-01-24,Ohiggins,regional_context,,,,,SI,SI,SI,SI,SI,SI,SI,SI,am2.1,am1.2,ea1,ea1,am1.4.1,ea1,ea1,am1.1
EPI_ISL_17885918,2023-01-26,Nuble,regional_context,,,,,SI,SI,SI,SI,SI,SI,SI,SI,am2.1,am1.2,ea1,,am1.4.1,ea1,ea1,am1.1
EPI_ISL_17885924,2022-12-30,Atacama,regional_context,,,,,SI,SI,SI,SI,SI,SI,SI,SI,am2.1,am1.2,ea1,ea1,am1.4.1,ea1,ea1,am1.1
EPI_ISL_17885926,2022-12-26,Atacama,regional_context,,,,,SI,SI,SI,SI,SI,SI,SI,SI,am2.1,am1.2,ea1,ea1,am1.4.1,ea1,ea1,am1.1
EPI_ISL_17885927,2022-12-22,Atacama,regional_context,,,,,SI,SI,SI,SI,SI,SI,SI,SI,am2.1,am1.2,ea1,ea1,am1.4.1,ea1,ea1,am1.1
EPI_ISL_17885928,2022-12-16,Antofagasta,regional_context,,,,,SI,SI,SI,SI,SI,SI,SI,SI,am2.1,am1.2,ea1,ea1,am1.4.1,ea1,ea1,am1.1
EPI_ISL_17885930,2023-01-20,Valparaiso,regional_context,,,,,SI,SI,SI,SI,SI,SI,SI,SI,am2.1,am1.2,ea1,ea1,am1.4.1,ea1,ea1,am1.1
EPI_ISL_17885931,2022-12-15,Antofagasta,regional_context,,,,,SI,SI,SI,SI,SI,SI,SI,SI,am2.1,am1.2,ea1,ea1,am1.4.1,ea1,ea1,am1.1
EPI_ISL_17885932,2023-01-20,Valparaiso,regional_context,,,,,SI,SI,SI,SI,SI,SI,SI,SI,am2.1,am1.2,ea1,ea1,am1.4.1,ea1,ea1,am1.1
EPI_ISL_17885934,2022-12-15,Antofagasta,regional_context,,,,,SI,SI,SI,SI,SI,SI,SI,SI,am2.1,am1.2,ea1,ea1,am1.4.1,ea1,ea1,am1.1
EPI_ISL_17885942,2022-12-09,Tarapaca,regional_context,,,,,SI,SI,SI,SI,SI,SI,SI,SI,am2.1,am1.2,ea1,ea1,am1.4.1,ea1,ea1,am1.1
EPI_ISL_17885944,2022-12-16,Antofagasta,regional_context,,,,,SI,SI,SI,SI,SI,SI,SI,SI,am2.1,am1.2,ea1,ea1,am1.4.1,ea1,ea1,am1.1
EPI_ISL_17885945,2023-03-14,Araucania,regional_context,,,,,SI,SI,SI,SI,SI,SI,SI,SI,am2.1,am1.2,ea1,ea1,am1.4.1,ea1,ea1,am1.1
EPI_ISL_17885946,2023-03-14,Araucania,regional_context,,,,,SI,SI,SI,SI,SI,SI,SI,SI,am2.1,am1.2,ea1,ea1,am1.4.1,ea1,ea1,am1.1
EPI_ISL_17885948,2023-02-28,Coquimbo,regional_context,,,,,SI,SI,SI,SI,SI,SI,SI,SI,am2.1,,ea1,ea1,am1.4.1,ea1,ea1,am1.1
EPI_ISL_17885949,2023-03-07,Araucania,regional_context,,,,,SI,SI,SI,SI,SI,SI,SI,SI,am2.1,am1.2,ea1,ea1,am1.4.1,ea1,ea1,am1.1
EPI_ISL_17885950,2023-03-07,Araucania,regional_context,,,,,SI,SI,SI,SI,SI,SI,SI,SI,am2.1,am1.2,ea1,ea1,am1.4.1,ea1,ea1,am1.1
EPI_ISL_17885951,2023-01-18,Tarapaca,regional_context,,,,,SI,SI,SI,SI,SI,SI,SI,SI,am2.1,am1.2,ea1,ea1,am1.4.1,ea1,ea1,am1.1
EPI_ISL_17885952,2023-03-02,Araucania,regional_context,,,,,SI,SI,SI,SI,SI,SI,SI,SI,am2.1,am1.2,ea1,ea1,am1.4.1,ea1,ea1,am1.1
EPI_ISL_17885954,2023-03-02,Araucania,regional_context,,,,,SI,SI,SI,SI,SI,SI,SI,SI,am2.1,am1.2,ea1,ea1,am1.4.1,ea1,ea1,am1.1
EPI_ISL_17885955,2022-12-24,AricaYParinacota,regional_context,,,,,SI,SI,SI,SI,SI,SI,SI,SI,am2.1,am1.2,ea1,ea1,am1.4.1,ea1,ea1,am1.1
EPI_ISL_17885956,2023-01-20,Valparaiso,regional_context,,,,,SI,SI,SI,SI,SI,SI,SI,SI,am2.1,am1.2,ea1,ea1,am1.4.1,ea1,ea1,am1.1
EPI_ISL_17885958,2023-02-28,Araucania,regional_context,,,,,SI,SI,SI,SI,SI,SI,SI,SI,am2.1,am1.2,ea1,ea1,am1.4.1,ea1,ea1,am1.1
EPI_ISL_17885962,2023-03-10,Nuble,regional_context,,,,,SI,SI,SI,SI,SI,SI,SI,SI,am2.1,am1.2,ea1,ea1,am1.4.1,ea1,ea1,am1.1
EPI_ISL_17885964,2023-03-07,Nuble,regional_context,,,,,SI,SI,SI,SI,SI,SI,SI,SI,am2.1,am1.2,ea1,ea1,am1.4.1,ea1,ea1,am1.1
EPI_ISL_17885965,2023-03-09,Ohiggins,regional_context,,,,,SI,SI,SI,SI,SI,SI,SI,SI,am2.1,am1.2,ea1,ea1,am1.4.1,ea1,ea1,am1.1
EPI_ISL_17885966,2023-03-14,Araucania,regional_context,,,,,SI,SI,SI,SI,SI,SI,SI,SI,am2.1,am1.2,ea1,ea1,am1.4.1,ea1,ea1,am1.1
EPI_ISL_17885967,2023-03-06,Ohiggins,regional_context,,,,,SI,SI,SI,SI,SI,SI,SI,SI,am2.1,am1.2,ea1,ea1,am1.4.1,ea1,ea1,am1.1
EPI_ISL_17885970,2022-12-17,Antofagasta,regional_context,,,,,SI,SI,SI,SI,SI,SI,SI,SI,am2.1,am1.2,ea1,ea1,am1.4.1,ea1,ea1,am1.1
EPI_ISL_17885972,2023-03-01,Maule,regional_context,,,,,SI,SI,SI,SI,SI,SI,SI,SI,am2.1,am1.2,ea1,ea1,am1.4.1,ea1,ea1,am1.1
EPI_ISL_17885973,2023-02-23,Maule,regional_context,,,,,SI,SI,SI,SI,SI,SI,SI,SI,am2.1,am1.2,ea1,ea1,am1.4.1,ea1,ea1,am1.1
EPI_ISL_17885978,2023-03-03,AricaYParinacota,regional_context,,,,,SI,SI,SI,SI,SI,SI,SI,SI,am2.1,am1.2,ea1,ea1,am1.4.1,ea1,ea1,am1.1
EPI_ISL_17885980,2022-12-30,AricaYParinacota,regional_context,,,,,SI,SI,SI,SI,SI,SI,SI,SI,am2.1,am1.2,ea1,ea1,am1.4.1,ea1,ea1,am1.1
EPI_ISL_17885982,2023-01-25,Valparaiso,regional_context,,,,,SI,SI,SI,SI,SI,SI,SI,SI,am2.1,am1.2,ea1,ea1,am1.4.1,ea1,ea1,am1.1
EPI_ISL_17885983,2023-01-23,Valparaiso,regional_context,,,,,SI,SI,SI,SI,SI,SI,SI,SI,am2.1,am1.2,ea1,ea1,am1.4.1,ea1,ea1,am1.1
EPI_ISL_18054500,2022-11-24,Peru,regional_context,,,,,SI,SI,SI,SI,SI,SI,SI,SI,am2.1,am1.2,ea1,ea1,am1.4.1,ea1,ea1,am1.1
EPI_ISL_18054501,2022-11-22,Peru,regional_context,,,,,SI,SI,SI,SI,SI,SI,SI,SI,am2.1,am1.2,ea1,ea1,am1.4.1,ea1,ea1,am1.1
EPI_ISL_18054504,2022-11-23,Peru,regional_context,,,,,SI,SI,SI,SI,SI,SI,SI,SI,am2.1,am1.2,ea1,ea1,am1.4.1,ea1,ea1,am1.1
EPI_ISL_18054506,2022-11-24,Peru,regional_context,,,,,SI,SI,SI,SI,SI,SI,SI,SI,am2.1,am1.2,ea1,ea1,am1.4.1,ea1,ea1,am1.1
EPI_ISL_18054507,2022-11-24,Peru,regional_context,,,,,SI,SI,SI,SI,SI,SI,SI,SI,am2.1,am1.2,ea1,ea1,am1.4.1,ea1,ea1,am1.1
EPI_ISL_18130597,2023-06-21,BrazilEs,regional_context,,,,,SI,SI,SI,SI,SI,SI,SI,SI,am2.1,am1.2,ea1,ea1,am1.4.1,ea1,ea1,am1.1
EPI_ISL_18130622,2023-06-21,BrazilEs,regional_context,,,,,SI,SI,SI,SI,SI,SI,SI,SI,am2.1,am1.2,ea1,ea1,am1.4.1,ea1,ea1,am1.1
EPI_ISL_18217104,2023-07-24,Peru,regional_context,,,,,SI,SI,SI,SI,SI,SI,SI,SI,,am1.2,ea1,ea1,am1.4.1,ea1,ea1,am1.1
EPI_ISL_18265432,2022-11-22,Peru,regional_context,,,,,SI,SI,SI,SI,SI,SI,SI,SI,am2.1,am1.2,ea1,ea1,am1.4.1,ea1,ea1,am1.1
EPI_ISL_18265433,2022-11-23,Peru,regional_context,,,,,SI,SI,SI,SI,SI,SI,SI,SI,am2.1,am1.2,ea1,ea1,am1.4.1,ea1,ea1,am1.1
EPI_ISL_18265434,2022-11-24,Peru,regional_context,,,,,SI,SI,SI,SI,SI,SI,SI,SI,am2.1,am1.2,ea1,ea1,am1.4.1,ea1,ea1,am1.1
EPI_ISL_18265435,2022-11-24,Peru,regional_context,,,,,SI,SI,SI,SI,SI,SI,SI,SI,am2.1,am1.2,ea1,ea1,am1.4.1,ea1,ea1,am1.1
EPI_ISL_18265436,2022-11-24,Peru,regional_context,,,,,SI,SI,SI,SI,SI,SI,SI,SI,am2.1,am1.2,ea1,ea1,am1.4.1,ea1,ea1,am1.1
EPI_ISL_18265437,2022-11-24,Peru,regional_context,,,,,SI,SI,SI,SI,SI,SI,SI,SI,am2.1,am1.2,ea1,,am1.4.1,ea1,ea1,am1.1
EPI_ISL_18310942,2023-03-03,Uruguay,regional_context,,,,,SI,SI,SI,SI,SI,SI,SI,SI,am2.1,am1.2,ea1,ea1,am1.4.1,ea1,ea1,am1.1
EPI_ISL_18310957,2023-03-15,Uruguay,regional_context,,,,,SI,SI,SI,SI,SI,SI,SI,SI,am2.1,am1.2,ea1,ea1,am1.4.1,ea1,ea1,am1.1
EPI_ISL_18310958,2023-02-18,Uruguay,regional_context,,,,,SI,SI,SI,SI,SI,SI,SI,SI,am2.1,am1.2,ea1,ea1,am1.4.1,ea1,ea1,am1.1
EPI_ISL_18310959,2023-04-16,Uruguay,regional_context,,,,,SI,SI,SI,SI,SI,SI,SI,SI,am2.1,am1.2,ea1,ea1,am1.4.1,ea1,ea1,am1.1
EPI_ISL_18310960,2023-04-16,Uruguay,regional_context,,,,,SI,SI,SI,SI,SI,SI,SI,SI,am2.1,am1.2,ea1,ea1,am1.4.1,ea1,ea1,am1.1
EPI_ISL_18310961,2023-05-03,Uruguay,regional_context,,,,,SI,SI,SI,SI,SI,SI,SI,SI,am2.1,am1.2,ea1,ea1,am1.4.1,ea1,ea1,am1.1
EPI_ISL_18310962,2023-04-17,Uruguay,regional_context,,,,,SI,SI,SI,SI,SI,SI,SI,SI,am2.1,am1.2,ea1,ea1,am1.4.1,ea1,ea1,am1.1
EPI_ISL_18310963,2023-04-17,Uruguay,regional_context,,,,,SI,SI,SI,SI,SI,SI,SI,SI,am2.1,am1.2,ea1,ea1,am1.4.1,ea1,ea1,am1.1
EPI_ISL_18310964,2023-04-16,Uruguay,regional_context,,,,,SI,SI,SI,SI,SI,SI,SI,SI,am2.1,am1.2,ea1,ea1,am1.4.1,ea1,ea1,am1.1
EPI_ISL_18310965,2023-03-06,Uruguay,regional_context,,,,,SI,SI,SI,SI,SI,SI,SI,SI,am2.1,am1.2,ea1,ea1,am1.4.1,ea1,ea1,am1.1
EPI_ISL_18310966,2023-03-06,Uruguay,regional_context,,,,,SI,SI,SI,SI,SI,SI,SI,SI,am2.1,am1.2,ea1,ea1,am1.4.1,ea1,ea1,am1.1
EPI_ISL_18310967,2023-03-03,Uruguay,regional_context,,,,,SI,SI,SI,SI,SI,SI,SI,SI,am2.1,am1.2,ea1,ea1,am1.4.1,ea1,ea1,am1.1
EPI_ISL_18371664,2022-12-01,Peru,regional_context,,,,,SI,SI,SI,SI,SI,SI,SI,SI,am2.1,am1.2,ea1,ea1,am1.4.1,ea1,ea1,am1.1
EPI_ISL_18371665,2022-12-01,Peru,regional_context,,,,,SI,SI,SI,SI,SI,SI,SI,SI,am2.1,am1.2,ea1,,am1.4.1,ea1,ea1,am1.1
EPI_ISL_18371666,2022-12-01,Peru,regional_context,,,,,SI,SI,SI,SI,SI,SI,SI,SI,am2.1,am1.2,ea1,ea1,am1.4.1,ea1,ea1,am1.1
EPI_ISL_18497946,2023-09-26,Peru,regional_context,,,,,SI,SI,SI,SI,SI,SI,SI,SI,am2.1,am1.2,ea1,ea1,am1.4.1,ea1,ea1,am1.1
EPI_ISL_18497950,2023-09-20,Peru,regional_context,,,,,SI,SI,SI,SI,SI,SI,SI,SI,am2.1,am1.2,ea1,,am1.4.1,ea2,ea1,am1.1
EPI_ISL_18522961,2023-10-30,FalklandIslands,regional_context,,,,,SI,SI,SI,SI,SI,SI,SI,SI,am2.1,am1.2,ea1,ea1,am1.4.1,ea1,ea1,am1.1
EPI_ISL_18698459,2023-02-11,Argentina,regional_context,,,,,SI,SI,SI,SI,SI,SI,SI,SI,am2.1,am1.2,ea1,ea1,am1.4.1,ea1,ea1,am1.1
EPI_ISL_18698460,2023-02-16,Argentina,regional_context,,,,,SI,SI,SI,SI,SI,SI,SI,SI,am2.1,am1.2,ea1,ea1,am1.4.1,ea1,ea1,am1.1
EPI_ISL_18698462,2023-02-18,Argentina,regional_context,,,,,SI,SI,SI,SI,SI,SI,SI,SI,am2.1,am1.2,ea1,ea1,am1.4.1,ea1,ea1,am1.1
EPI_ISL_18698464,2023-02-18,Argentina,regional_context,,,,,SI,SI,SI,SI,SI,SI,SI,SI,am2.1,am1.2,ea1,ea1,am1.4.1,ea1,ea1,am1.1
EPI_ISL_18698466,2023-02-19,Argentina,regional_context,,,,,SI,SI,SI,SI,SI,SI,SI,SI,am2.1,am1.2,ea1,ea1,am1.4.1,ea1,ea1,am1.1
EPI_ISL_18698469,2023-02-20,Argentina,regional_context,,,,,SI,SI,SI,SI,SI,SI,SI,SI,am2.1,am1.2,ea1,ea1,am1.4.1,ea1,ea1,am1.1
EPI_ISL_18698471,2023-02-20,Argentina,regional_context,,,,,SI,SI,SI,SI,SI,SI,SI,SI,am2.1,am1.2,ea1,ea1,am1.4.1,ea1,ea1,am1.1
EPI_ISL_18698474,2023-02-20,Argentina,regional_context,,,,,SI,SI,SI,SI,SI,SI,SI,SI,am2.1,am1.2,ea1,ea1,am1.4.1,ea1,ea1,am1.1
EPI_ISL_18698476,2023-02-21,Argentina,regional_context,,,,,SI,SI,SI,SI,SI,SI,SI,SI,am2.1,am1.2,ea1,ea1,am1.4.1,ea1,ea1,am1.1
EPI_ISL_18698478,2023-02-23,Argentina,regional_context,,,,,SI,SI,SI,SI,SI,SI,SI,SI,am2.1,am1.2,ea1,ea1,am1.4.1,ea1,ea1,am1.1
EPI_ISL_18698480,2023-02-22,Argentina,regional_context,,,,,SI,SI,SI,SI,SI,SI,SI,SI,am2.1,am1.2,ea1,ea1,am1.4.1,ea1,ea1,am1.1
EPI_ISL_18698482,2023-02-23,Argentina,regional_context,,,,,SI,SI,SI,SI,SI,SI,SI,SI,am2.1,am1.2,ea1,ea1,am1.4.1,ea1,ea1,am1.1
EPI_ISL_18698485,2023-02-24,Argentina,regional_context,,,,,SI,SI,SI,SI,SI,SI,SI,SI,am2.1,am1.2,ea1,ea1,am1.4.1,ea1,ea1,am1.1
EPI_ISL_18698487,2023-02-24,Argentina,regional_context,,,,,SI,SI,SI,SI,SI,SI,SI,SI,am2.1,am1.2,ea1,ea1,am1.4.1,ea1,ea1,am1.1
EPI_ISL_18698490,2023-02-24,Argentina,regional_context,,,,,SI,SI,SI,SI,SI,SI,SI,SI,am2.1,am1.2,ea1,ea1,am1.4.1,ea1,ea1,am1.1
EPI_ISL_18698492,2023-02-27,Argentina,regional_context,,,,,SI,SI,SI,SI,SI,SI,SI,SI,am2.1,am1.2,ea1,ea1,am1.4.1,ea1,ea1,am1.1
EPI_ISL_18698494,2023-03-03,Argentina,regional_context,,,,,SI,SI,SI,SI,SI,SI,SI,SI,am2.1,am1.2,ea1,ea1,am1.4.1,ea1,ea1,am1.1
EPI_ISL_18698497,2023-03-04,Argentina,regional_context,,,,,SI,SI,SI,SI,SI,SI,SI,SI,am2.1,am1.2,ea1,ea1,am1.4.1,ea1,ea1,am1.1
EPI_ISL_18698502,2023-03-13,Argentina,regional_context,,,,,SI,SI,SI,SI,SI,SI,SI,SI,am2.1,am1.2,ea1,ea1,am1.4.1,ea1,ea1,am1.1
EPI_ISL_18698504,2023-03-16,Argentina,regional_context,,,,,SI,SI,SI,SI,SI,SI,SI,SI,am2.1,am1.2,ea1,ea1,am1.4.1,ea1,ea1,am1.1
EPI_ISL_18698505,2023-03-21,Argentina,regional_context,,,,,SI,SI,SI,SI,SI,SI,SI,SI,am2.1,am1.2,ea1,ea1,am1.4.1,ea1,ea1,am1.1
EPI_ISL_18698506,2023-03-27,Argentina,regional_context,,,,,SI,SI,SI,SI,SI,SI,SI,SI,am2.1,am1.2,ea1,ea1,am1.4.1,ea1,ea1,am1.1
EPI_ISL_18698507,2023-03-31,Argentina,regional_context,,,,,SI,SI,SI,SI,SI,SI,SI,SI,am2.1,am1.2,ea1,ea1,am1.4.1,ea1,ea1,am1.1
EPI_ISL_18698508,2023-03-31,Argentina,regional_context,,,,,SI,SI,SI,SI,SI,SI,SI,SI,am2.1,am1.2,ea1,ea1,am1.4.1,ea1,ea1,am1.1
EPI_ISL_18698510,2023-04-03,Argentina,regional_context,,,,,SI,SI,SI,SI,SI,SI,SI,SI,am2.1,am1.2,ea1,ea1,am1.4.1,ea1,ea1,am1.1
EPI_ISL_18698511,2023-04-12,Argentina,regional_context,,,,,SI,SI,SI,SI,SI,SI,SI,SI,am2.1,am1.2,ea1,ea1,am1.4.1,ea1,ea1,am1.1
EPI_ISL_18698512,2023-04-19,Argentina,regional_context,,,,,SI,SI,SI,SI,SI,SI,SI,SI,am2.1,am1.2,ea1,ea1,am1.4.1,ea1,ea1,am1.1
EPI_ISL_18698513,2023-04-17,Argentina,regional_context,,,,,SI,SI,SI,SI,SI,SI,SI,SI,am2.1,am1.2,ea1,ea1,am1.4.1,ea1,ea1,am1.1
EPI_ISL_18698514,2023-04-19,Argentina,regional_context,,,,,SI,SI,SI,SI,SI,SI,SI,SI,am2.1,am1.2,ea1,ea1,am1.4.1,ea1,ea1,am1.1
EPI_ISL_18698515,2023-04-19,Argentina,regional_context,,,,,SI,SI,SI,SI,SI,SI,SI,SI,am2.1,am1.2,ea1,ea1,am1.4.1,ea1,ea1,am1.1
EPI_ISL_18698516,2023-04-21,Argentina,regional_context,,,,,SI,SI,SI,SI,SI,SI,SI,SI,am2.1,am1.2,ea1,ea1,am1.4.1,ea1,ea1,am1.1
EPI_ISL_18698517,2023-04-24,Argentina,regional_context,,,,,SI,SI,SI,SI,SI,SI,SI,SI,am2.1,am1.2,ea1,ea1,am1.4.1,ea1,ea1,am1.1
EPI_ISL_18698518,2023-05-01,Argentina,regional_context,,,,,SI,SI,SI,SI,SI,SI,SI,SI,am2.1,am1.2,ea1,ea1,am1.4.1,ea1,ea1,am1.1
EPI_ISL_18698519,2023-05-04,Argentina,regional_context,,,,,SI,SI,SI,SI,SI,SI,SI,SI,am2.1,am1.2,ea1,ea1,am1.4.1,ea1,ea1,am1.1
EPI_ISL_18698520,2023-05-05,Argentina,regional_context,,,,,SI,SI,SI,SI,SI,SI,SI,SI,am2.1,am1.2,ea1,ea1,am1.4.1,ea1,ea1,am1.1
EPI_ISL_18698521,2023-05-08,Argentina,regional_context,,,,,SI,SI,SI,SI,SI,SI,SI,SI,am2.1,am1.2,ea1,ea1,am1.4.1,ea1,ea1,am1.1
EPI_ISL_18698524,2023-05-18,Argentina,regional_context,,,,,SI,SI,SI,SI,SI,SI,SI,SI,am2.1,am1.2,ea1,ea1,am1.4.1,ea1,ea1,am1.1
EPI_ISL_18698525,2023-05-18,Argentina,regional_context,,,,,SI,SI,SI,SI,SI,SI,SI,SI,am2.1,am1.2,ea1,ea1,am1.4.1,ea1,ea1,am1.1
EPI_ISL_18698526,2023-05-29,Argentina,regional_context,,,,,SI,SI,SI,SI,SI,SI,SI,SI,am2.1,am1.2,ea1,ea1,am1.4.1,ea1,ea1,am1.1
EPI_ISL_18698527,2023-06-13,Argentina,regional_context,,,,,SI,SI,SI,SI,SI,SI,SI,SI,am2.1,am1.2,ea1,ea1,am1.4.1,ea1,ea1,am1.1
EPI_ISL_18698528,2023-07-06,Argentina,regional_context,,,,,SI,SI,SI,SI,SI,SI,SI,SI,am2.1,am1.2,ea1,ea1,am1.4.1,ea1,ea1,am1.1
EPI_ISL_18698529,2023-07-26,Argentina,regional_context,,,,,SI,SI,SI,SI,SI,SI,SI,SI,am2.1,am1.2,ea1,ea1,am1.4.1,ea1,ea1,am1.1
EPI_ISL_18698530,2023-07-27,Argentina,regional_context,,,,,SI,SI,SI,SI,SI,SI,SI,SI,am2.1,am1.2,ea1,ea1,am1.4.1,ea1,ea1,am1.1
EPI_ISL_18698730,2023-03-04,Argentina,regional_context,,,,,SI,SI,SI,SI,SI,SI,SI,SI,am2.1,am1.2,ea1,ea1,am1.4.1,ea1,ea1,am1.1
EPI_ISL_18698731,2023-03-09,Argentina,regional_context,,,,,SI,SI,SI,SI,SI,SI,SI,SI,am2.1,am1.2,ea1,ea1,am1.4.1,ea1,ea1,am1.1
EPI_ISL_18698732,2023-05-03,Argentina,regional_context,,,,,SI,SI,SI,SI,SI,SI,SI,SI,am2.1,am1.2,ea1,ea1,am1.4.1,ea1,ea1,am1.1
EPI_ISL_18755251,2023-06-03,RioDeJaneiro,regional_context,,,,,SI,SI,SI,SI,SI,SI,SI,SI,am2.1,am1.2,ea1,,am1.4.1,ea1,ea1,am1.1
EPI_ISL_18755338,2023-05-15,EspiritoSanto,regional_context,,,,,SI,SI,SI,SI,SI,SI,SI,SI,am2.1,am1.2,ea1,ea1,am1.4.1,ea1,ea1,am1.1
EPI_ISL_18760060,2023-03-20,Metropolitana,regional_context,,,,,SI,SI,SI,SI,SI,SI,SI,SI,am2.1,am1.2,ea1,,am1.4.1,ea1,ea1,am1.1
EPI_ISL_18760061,2023-02-13,BioBio,regional_context,,,,,SI,SI,SI,SI,SI,SI,SI,SI,am2.1,am1.2,ea1,,am1.4.1,ea1,ea1,am1.1
EPI_ISL_18760063,2023-03-29,Valparaiso,regional_context,,,,,SI,SI,SI,SI,SI,SI,SI,SI,am2.1,am1.2,ea1,,am1.4.1,ea1,ea1,am1.1
EPI_ISL_18760067,2023-03-17,Ohiggins,regional_context,,,,,SI,SI,SI,SI,SI,SI,SI,SI,am2.1,am1.2,ea1,,am1.4.1,ea1,ea1,am1.1
EPI_ISL_18760073,2023-03-25,Araucania,regional_context,,,,,SI,SI,SI,SI,SI,SI,SI,SI,am2.1,am1.2,ea1,,am1.4.1,ea1,ea1,am1.1
EPI_ISL_18760074,2023-02-04,Atacama,regional_context,,,,,SI,SI,SI,SI,SI,SI,SI,SI,am2.1,am1.2,ea1,,am1.4.1,ea1,ea1,am1.1
EPI_ISL_18909019,2022-12-07,Venezuela,regional_context,,,,,SI,SI,SI,SI,SI,SI,SI,SI,am1.2,ea1,ea1,ea1,am1.1,ea1,ea1,am1.2
EPI_ISL_18914308,2022-04-22,Unknown,regional_context,,,,,SI,SI,SI,SI,SI,SI,SI,SI,am1.1,am1.1,am1,ea1,am1.2,ea1,ea1,ea1
EPI_ISL_18918640,2023-11-14,FalklandIslands,regional_context,,,,,SI,SI,SI,SI,SI,SI,SI,SI,am2.1,am1.2,ea1,ea1,am1.4.1,ea1,ea1,am1.1
EPI_ISL_18931268,2022-12-15,Venezuela,regional_context,,,,,SI,SI,SI,SI,SI,SI,SI,SI,am1.2,ea1,ea1,ea1,am1.1,ea1,ea1,am1.2
EPI_ISL_18931271,2022-12-20,Venezuela,regional_context,,,,,SI,SI,SI,SI,SI,SI,SI,SI,am1.2,ea1,ea1,ea1,am1.1,ea1,ea1,am1.2
EPI_ISL_18931272,2022-12-23,Venezuela,regional_context,,,,,SI,SI,SI,SI,SI,SI,SI,SI,am1.2,ea1,ea1,ea1,am1.1,ea1,ea1,am1.2
EPI_ISL_18931274,2023-01-11,Venezuela,regional_context,,,,,SI,SI,SI,SI,SI,SI,SI,SI,am1.2,ea1,ea1,ea1,am1.1,ea1,ea1,am1.2
EPI_ISL_18931276,2023-01-27,Venezuela,regional_context,,,,,SI,SI,SI,SI,SI,SI,SI,SI,am1.2,ea1,ea1,ea1,am1.1,ea1,ea1,am1.2
EPI_ISL_18939722,2023-02-12,Ohiggins,regional_context,,,,,SI,SI,SI,SI,SI,SI,SI,SI,am2.1,am1.2,ea1,,am1.4.1,ea1,ea1,am1.1
EPI_ISL_18945315,2023-08-26,Argentina,regional_context,,,,,SI,SI,SI,SI,SI,SI,SI,SI,am2.1,am1.2,ea1,ea1,am1.4.1,ea1,ea1,am1.1
EPI_ISL_18975372,2023-07-25,BrazilPr,regional_context,,,,,SI,SI,SI,SI,SI,SI,SI,SI,am2.1,am1.2,ea1,,am1.4.1,ea1,ea1,am1.1
EPI_ISL_19070288,2023-04-20,Lima,regional_context,,,,,SI,SI,SI,SI,SI,SI,SI,SI,am2.1,am1.2,ea1,ea1,am1.4.1,ea1,ea1,am1.1
EPI_ISL_19131156,2023-02-22,Antofagasta,regional_context,,,,,SI,SI,SI,SI,SI,SI,SI,SI,am2.1,am1.2,ea1,ea1,am1.4.1,ea1,ea1,am1.1
EPI_ISL_19131159,2022-12-12,AricaYParinacota,regional_context,,,,,SI,SI,SI,SI,SI,SI,SI,SI,am2.1,am1.2,ea1,ea1,am1.4.1,ea1,ea1,am1.1
EPI_ISL_19131162,2023-03-01,Coquimbo,regional_context,,,,,SI,SI,SI,SI,SI,SI,SI,SI,am2.1,am1.2,ea1,ea1,am1.4.1,ea1,ea1,am1.1
EPI_ISL_19131163,2023-02-24,Valparaiso,regional_context,,,,,SI,SI,SI,SI,SI,SI,SI,SI,am2.1,am1.2,ea1,ea1,am1.4.1,ea1,ea1,am1.1
EPI_ISL_19131164,2023-01-03,Atacama,regional_context,,,,,SI,SI,SI,SI,SI,SI,SI,SI,am2.1,am1.2,ea1,ea1,am1.4.1,ea1,ea1,am1.1
EPI_ISL_19131166,2022-12-19,Antofagasta,regional_context,,,,,SI,SI,SI,SI,SI,SI,SI,SI,am2.1,am1.2,ea1,ea1,am1.4.1,ea1,ea1,am1.1
EPI_ISL_19131168,2023-01-11,AricaYParinacota,regional_context,,,,,SI,SI,SI,SI,SI,SI,SI,SI,am2.1,am1.2,,ea1,am1.4.1,ea1,ea1,am1.1
EPI_ISL_19131196,2023-01-09,Atacama,regional_context,,,,,SI,SI,SI,SI,SI,SI,SI,SI,am2.1,am1.2,ea1,ea1,am1.4.1,ea1,ea1,am1.1
EPI_ISL_19137653,2023-04-17,Sarmiento,regional_context,,,,,SI,SI,SI,SI,SI,SI,SI,SI,am2.1,am1.2,ea1,ea1,am1.4.1,ea1,ea1,am1.1
EPI_ISL_19139974,2023-01-03,Atacama,regional_context,,,,,SI,SI,SI,SI,SI,SI,SI,SI,am2.1,am1.2,ea1,ea1,am1.4.1,ea1,ea1,am1.1
EPI_ISL_19151400,2023-02-05,Atacama,regional_context,,,,,SI,SI,SI,SI,SI,SI,SI,SI,am2.1,am1.2,ea1,,am1.4.1,ea1,ea1,am1.1
EPI_ISL_19162729,2023-02-12,Ohiggins,regional_context,,,,,SI,SI,SI,SI,SI,SI,SI,SI,am2.1,am1.2,ea1,,am1.4.1,ea1,ea1,am1.1
EPI_ISL_19162731,2023-01-09,Atacama,regional_context,,,,,SI,SI,SI,SI,SI,SI,SI,SI,am2.1,am1.2,ea1,ea1,am1.4.1,ea1,ea1,am1.1
EPI_ISL_19174531,2023-10-20,Madryn,regional_context,,,,,SI,SI,SI,SI,SI,SI,SI,SI,am2.1,am1.2,ea1,ea1,am1.4.1,ea1,ea1,am1.1
EPI_ISL_19215175,2023-06-07,EspiritoSanto,regional_context,,,,,SI,SI,SI,SI,SI,SI,SI,SI,am2.1,am1.2,ea1,ea1,am1.4.1,ea1,ea1,am1.1
EPI_ISL_19215176,2023-09-22,MatoGrossoDoSul,regional_context,,,,,SI,SI,SI,SI,SI,SI,SI,SI,am2.1,am1.2,ea1,ea1,am1.4.1,ea1,ea1,am1.1
EPI_ISL_19215177,2023-05-26,EspiritoSanto,regional_context,,,,,SI,SI,SI,SI,SI,SI,SI,SI,am2.1,am1.2,ea1,ea1,am1.4.1,ea1,ea1,am1.1
EPI_ISL_19215178,2023-09-15,SantaCatarina,regional_context,,,,,SI,SI,SI,SI,SI,SI,SI,SI,am2.1,am1.2,ea1,ea1,am1.4.1,ea1,ea1,am1.1
EPI_ISL_19215181,2023-11-08,SaoPaulo,regional_context,,,,,SI,SI,SI,SI,SI,SI,SI,SI,am2.1,am1.2,ea1,,am1.4.1,ea1,ea1,am1.1
EPI_ISL_19215182,2023-11-09,SaoPaulo,regional_context,,,,,SI,SI,SI,SI,SI,SI,SI,SI,am2.1,am1.2,ea1,ea1,am1.4.1,ea1,ea1,am1.1
EPI_ISL_19215183,2023-05-27,EspiritoSanto,regional_context,,,,,SI,SI,SI,SI,SI,SI,SI,SI,am2.1,am1.2,ea1,,am1.4.1,ea1,ea1,am1.1
EPI_ISL_19215184,2023-11-09,SantaCatarina,regional_context,,,,,SI,SI,SI,SI,SI,SI,SI,SI,am2.1,am1.2,ea1,ea1,am1.4.1,ea1,ea1,am1.1
EPI_ISL_19215185,2023-09-27,SaoFranciscoDoSul,regional_context,,,,,SI,SI,SI,SI,SI,SI,SI,SI,am2.1,am1.2,ea1,ea1,am1.4.1,ea1,ea1,am1.1
EPI_ISL_19215186,2023-06-23,Parana,regional_context,,,,,SI,SI,SI,SI,SI,SI,SI,SI,am2.1,am1.2,ea1,ea1,am1.4.1,ea1,ea1,am1.1
EPI_ISL_19215187,2023-09-25,SantaCatarina,regional_context,,,,,SI,SI,SI,SI,SI,SI,SI,SI,am2.1,am1.2,ea1,,am1.4.1,ea1,ea1,am1.1
EPI_ISL_19215188,2023-10-13,RioGrandeDoSul,regional_context,,,,,SI,SI,SI,SI,SI,SI,SI,SI,am2.1,am1.2,ea1,,am1.4.1,ea1,ea1,am1.1
EPI_ISL_19215189,2023-06-05,SaoPaulo,regional_context,,,,,SI,SI,SI,SI,SI,SI,SI,SI,am2.1,am1.2,ea1,,am1.4.1,ea1,ea1,am1.1
EPI_ISL_19215190,2023-11-10,SaoPaulo,regional_context,,,,,SI,SI,SI,SI,SI,SI,SI,SI,am2.1,am1.2,ea1,ea1,am1.4.1,ea1,ea1,am1.1
EPI_ISL_19215191,2024-03-09,RioDeJaneiro,regional_context,,,,,SI,SI,SI,SI,SI,SI,SI,SI,am2.1,am1.2,ea1,,am1.4.1,ea1,ea1,am1.1
EPI_ISL_19215192,2024-02-02,EspiritoSanto,regional_context,,,,,SI,SI,SI,SI,SI,SI,SI,SI,am2.1,am1.2,ea1,,am1.4.1,ea1,ea1,am1.1
EPI_ISL_19215193,2024-02-09,RioDeJaneiro,regional_context,,,,,SI,SI,SI,SI,SI,SI,SI,SI,am2.1,am1.2,ea1,,am1.4.1,ea1,ea1,am1.1
EPI_ISL_19215194,2024-03-02,EspiritoSanto,regional_context,,,,,SI,SI,SI,SI,SI,SI,SI,SI,am2.1,am1.2,ea1,ea1,am1.4.1,ea1,ea1,am1.1
EPI_ISL_19215195,2024-03-15,RioDeJaneiro,regional_context,,,,,SI,SI,SI,SI,SI,SI,SI,SI,am2.1,am1.2,ea1,,am1.4.1,ea1,ea1,am1.1
EPI_ISL_19215196,2024-03-02,RioDeJaneiro,regional_context,,,,,SI,SI,SI,SI,SI,SI,SI,SI,am2.1,am1.2,ea1,,am1.4.1,ea1,ea1,am1.1
EPI_ISL_19215197,2024-02-22,SaoPaulo,regional_context,,,,,SI,SI,SI,SI,SI,SI,SI,SI,am2.1,am1.2,ea1,,am1.4.1,ea1,ea1,am1.1
EPI_ISL_19215198,2023-11-06,SaoPaulo,regional_context,,,,,SI,SI,SI,SI,SI,SI,SI,SI,am2.1,am1.2,ea1,ea1,am1.4.1,ea1,ea1,am1.1
EPI_ISL_19215199,2023-11-14,Parana,regional_context,,,,,SI,SI,SI,SI,SI,SI,SI,SI,am2.1,am1.2,ea1,,am1.4.1,ea1,ea1,am1.1
EPI_ISL_19215200,2023-12-13,SaoPaulo,regional_context,,,,,SI,SI,SI,SI,SI,SI,SI,SI,am2.1,am1.2,ea1,,am1.4.1,ea1,ea1,am1.1
EPI_ISL_19391460,2023-03-01,Chile,regional_context,,,,,SI,SI,SI,SI,SI,SI,SI,SI,am2.1,am1.2,ea1,,am1.4.1,ea1,ea1,am1.1
EPI_ISL_19391461,2022-12-22,Chile,regional_context,,,,,SI,SI,SI,SI,SI,SI,SI,SI,am2.1,am1.2,ea1,,am1.4.1,ea1,ea1,am1.1
EPI_ISL_19404902,2023-04-13,Valparaiso,regional_context,,,,,SI,SI,SI,SI,SI,SI,SI,SI,am2.1,am1.2,ea1,,am1.4.1,ea1,ea1,am1.1
EPI_ISL_19404916,2023-04-19,Aysen,regional_context,,,,,SI,SI,SI,SI,SI,SI,SI,SI,am2.1,am1.2,ea1,,am1.4.1,ea1,ea1,am1.1
EPI_ISL_19404931,2023-03-17,Chile,regional_context,,,,,SI,SI,SI,SI,SI,SI,SI,SI,am2.1,am1.2,ea1,,am1.4.1,ea1,ea1,am1.1
EPI_ISL_19410261,2024-03-03,Antarctica,regional_context,,,,,SI,SI,SI,SI,SI,SI,SI,SI,am2.1,am1.2,,,am1.4.1,ea1,ea1,am1.1
EPI_ISL_19410262,2024-03-03,Antarctica,regional_context,,,,,SI,SI,SI,SI,SI,SI,SI,SI,am2.1,am1.2,,,am1.4.1,ea1,ea1,am1.1
EPI_ISL_19410263,2024-03-03,Antarctica,regional_context,,,,,SI,SI,SI,SI,SI,SI,SI,SI,am2.1,am1.2,,,am1.4.1,ea1,ea1,am1.1
EPI_ISL_19410264,2024-03-03,Antarctica,regional_context,,,,,SI,SI,SI,SI,SI,SI,SI,SI,am2.1,am1.2,,,am1.4.1,ea1,ea1,am1.1
EPI_ISL_19410265,2024-03-03,Antarctica,regional_context,,,,,SI,SI,SI,SI,SI,SI,SI,SI,am2.1,am1.2,,,am1.4.1,ea1,ea1,am1.1
EPI_ISL_19410266,2024-03-03,Antarctica,regional_context,,,,,SI,SI,SI,SI,SI,SI,SI,SI,am2.1,am1.2,,,am1.4.1,ea1,ea1,am1.1
EPI_ISL_19410267,2023-01-26,Cochabamba,regional_context,,,,,SI,SI,SI,SI,SI,SI,SI,SI,am2.1,am1.2,ea1,,am1.4.1,ea1,ea1,am1.1
EPI_ISL_19410268,2023-02-01,Cochabamba,regional_context,,,,,SI,SI,SI,SI,SI,SI,SI,SI,am2.1,am1.2,ea1,,am1.4.1,ea1,ea1,am1.1
EPI_ISL_19410269,2023-02-07,Cochabamba,regional_context,,,,,SI,SI,SI,SI,SI,SI,SI,SI,am2.1,am1.2,ea1,,am1.4.1,ea1,ea1,am1.1
EPI_ISL_19410271,2023-02-18,Cochabamba,regional_context,,,,,SI,SI,SI,SI,SI,SI,SI,SI,am2.1,am1.2,ea1,,am1.4.1,ea1,ea1,am1.1
EPI_ISL_19410272,2023-03-01,Cochabamba,regional_context,,,,,SI,SI,SI,SI,SI,SI,SI,SI,am2.1,am1.2,,,am1.4.1,ea1,ea1,am1.1
EPI_ISL_19410277,2023-03-15,Coquimbo,regional_context,,,,,SI,SI,SI,SI,SI,SI,SI,SI,am2.1,am1.2,ea1,,am1.4.1,ea1,ea1,am1.1
EPI_ISL_19410280,2023-04-07,Maule,regional_context,,,,,SI,SI,SI,SI,SI,SI,SI,SI,am2.1,am1.2,ea1,,am1.4.1,ea1,ea1,am1.1
EPI_ISL_19410281,2023-02-23,Arica,regional_context,,,,,SI,SI,SI,SI,SI,SI,SI,SI,am2.1,am1.2,ea1,,am1.4.1,ea1,ea1,am1.1
EPI_ISL_19410283,2023-02-03,Antofagasta,regional_context,,,,,SI,SI,SI,SI,SI,SI,SI,SI,am2.1,am1.2,ea1,,am1.4.1,ea1,ea1,am1.1
EPI_ISL_19410284,2023-03-30,Valparaiso,regional_context,,,,,SI,SI,SI,SI,SI,SI,SI,SI,am2.1,am1.2,ea1,,am1.4.1,ea1,ea1,am1.1
EPI_ISL_19410285,2023-03-30,Valparaiso,regional_context,,,,,SI,SI,SI,SI,SI,SI,SI,SI,am2.1,am1.2,ea1,,am1.4.1,ea1,ea1,am1.1
EPI_ISL_19410286,2023-03-30,Valparaiso,regional_context,,,,,SI,SI,SI,SI,SI,SI,SI,SI,am2.1,am1.2,ea1,,am1.4.1,ea1,ea1,am1.1
EPI_ISL_19410299,2023-06-06,Potosi,regional_context,,,,,SI,SI,SI,SI,SI,SI,SI,SI,am2.1,am1.2,ea1,,am1.4.1,ea1,ea1,am1.1
EPI_ISL_19410300,2023-02-15,Biobio,regional_context,,,,,SI,SI,SI,SI,SI,SI,SI,SI,am2.1,am1.2,ea1,ea1,am1.4.1,ea1,ea1,am1.1
EPI_ISL_19418487,2023-03-03,Cochabamba,regional_context,,,,,SI,SI,SI,SI,SI,SI,SI,SI,am2.1,am1.2,ea1,,am1.4.1,ea1,ea1,am1.1
EPI_ISL_19418491,2023-04-07,BioBio,regional_context,,,,,SI,SI,SI,SI,SI,SI,SI,SI,am2.1,am1.2,ea1,,am1.4.1,ea1,ea1,am1.1
EPI_ISL_19466158,2023-10-10,Argentina,regional_context,,,,,SI,SI,SI,SI,SI,SI,SI,SI,am2.1,am1.2,ea1,ea1,am1.4.1,ea1,ea1,am1.1
EPI_ISL_19466181,2023-10-10,Argentina,regional_context,,,,,SI,SI,SI,SI,SI,SI,SI,SI,am2.1,am1.2,ea1,ea1,am1.4.1,ea1,ea1,am1.1
EPI_ISL_19466210,2023-10-10,Argentina,regional_context,,,,,SI,SI,SI,SI,SI,SI,SI,SI,am2.1,am1.2,ea1,ea1,am1.4.1,ea1,ea1,am1.1
EPI_ISL_19660948,2022-04-22,Unknown,regional_context,,,,,SI,SI,SI,SI,SI,SI,SI,SI,am1.1,am1.1,am1,ea1,am1.2,ea1,ea1,ea1
EPI_ISL_19752381,2025-02-06,Chaco,regional_context,,,,,SI,SI,SI,SI,SI,SI,SI,SI,,,,ea1,am1.1,ea1,ea1,
EPI_ISL_19765465,2023-05-04,Uruguay,regional_context,,,,,SI,SI,SI,SI,SI,SI,SI,SI,am2.1,am1.2,ea1,ea1,am1.4.1,ea1,ea1,am1.1
EPI_ISL_19765475,2023-05-04,Uruguay,regional_context,,,,,SI,SI,SI,SI,SI,SI,SI,SI,am2.1,am1.2,ea1,ea1,am1.4.1,ea1,ea1,am1.1
EPI_ISL_19765485,2023-05-05,Uruguay,regional_context,,,,,SI,SI,SI,SI,SI,SI,SI,SI,am2.1,am1.2,ea1,ea1,am1.4.1,ea1,ea1,am1.1
EPI_ISL_19781426,2023-02-10,Peru,regional_context,,,,,SI,SI,SI,SI,SI,SI,SI,SI,am2.1,am1.2,ea1,ea1,am1.4.1,ea1,ea1,am1.1
EPI_ISL_19823064,2025-02-25,Argentina,regional_context,,,,,SI,SI,SI,SI,SI,SI,SI,SI,,,,ea1,am1.1,ea1,ea1,
EPI_ISL_19823065,2023-12-24,Argentina,regional_context,,,,,SI,SI,SI,SI,SI,SI,SI,SI,am2.1,am1.2,ea1,ea1,am1.4.1,ea1,ea1,am1.1
EPI_ISL_19823067,2025-02-25,Argentina,regional_context,,,,,SI,SI,SI,SI,SI,SI,SI,SI,,,,ea1,am1.1,ea1,ea1,
EPI_ISL_19836182,2023-03-22,Neuquen,regional_context,,,,,SI,SI,SI,SI,SI,SI,SI,SI,am2.1,am1.2,ea1,ea1,am1.4.1,ea1,ea1,am1.1
EPI_ISL_20078350,2025-07-03,Barueri,regional_context,,,,,SI,SI,SI,SI,SI,SI,SI,SI,,,ea1,ea1,,ea1,ea1,am1.1
EPI_ISL_20267521,2025-06-13,SantoAntonioDaBarra,regional_context,,,,,SI,SI,SI,SI,SI,SI,SI,SI,,,ea1,ea1,,ea1,ea1,am1.1
EPI_ISL_20267522,2025-07-11,SaoPaulo,regional_context,,,,,SI,SI,SI,SI,SI,SI,SI,SI,,,ea1,ea1,,ea1,ea1,am1.1
EPI_ISL_20267523,2025-07-22,RioDeJaneiro,regional_context,,,,,SI,SI,SI,SI,SI,SI,SI,SI,,,ea1,ea1,,ea1,ea1,am1.1
EPI_ISL_20299633,2024-04-05,Saofranciscoitabapoanabr,regional_context,,,,,SI,SI,SI,SI,SI,SI,SI,SI,am2.1,am1.2,ea1,,am1.4.1,ea1,ea1,am1.1
EPI_ISL_20300014,2025-01-08,Antartic,regional_context,,,,,SI,SI,SI,SI,SI,SI,SI,SI,am2.1,am1.2,ea1,,am1.4.1,ea1,ea1,am1.1
EPI_ISL_20300015,2025-01-09,Antartic,regional_context,,,,,SI,SI,SI,SI,SI,SI,SI,SI,am2.1,am1.2,ea1,,am1.4.1,ea1,ea1,am1.1
EPI_ISL_20300016,2025-01-09,Antartic,regional_context,,,,,SI,SI,SI,SI,SI,SI,SI,SI,am2.1,am1.2,ea1,,am1.4.1,ea1,ea1,am1.1
EPI_ISL_20300017,2025-01-09,Antartic,regional_context,,,,,SI,SI,SI,SI,SI,SI,SI,SI,am2.1,am1.2,ea1,,am1.4.1,ea1,ea1,am1.1
EPI_ISL_20300018,2025-01-09,Antartic,regional_context,,,,,SI,SI,SI,SI,SI,SI,SI,SI,am2.1,am1.2,ea1,,am1.4.1,ea1,ea1,am1.1
EPI_ISL_20300019,2025-01-13,Antartic,regional_context,,,,,SI,SI,SI,SI,SI,SI,SI,SI,am2.1,am1.2,ea1,,am1.4.1,ea1,ea1,am1.1
EPI_ISL_20359491,2023-02-20,Ica,regional_context,,,,,SI,SI,SI,SI,SI,SI,SI,SI,am2.1,am1.2,ea1,ea1,am1.4.1,ea1,ea1,am1.1
EPI_ISL_20359497,2023-02-20,Ica,regional_context,,,,,SI,SI,SI,SI,SI,SI,SI,SI,am2.1,am1.2,ea1,ea1,am1.4.1,ea1,ea1,am1.1
EPI_ISL_20359498,2023-02-20,Ica,regional_context,,,,,SI,SI,SI,SI,SI,SI,SI,SI,am2.1,am1.2,ea1,ea1,am1.4.1,ea1,ea1,am1.1
EPI_ISL_20359517,2022-12-11,Ica,regional_context,,,,,SI,SI,SI,SI,SI,SI,SI,SI,am2.1,am1.2,ea1,ea1,am1.4.1,ea1,ea1,am1.1
EPI_ISL_20359535,2022-12-16,Ica,regional_context,,,,,SI,SI,SI,SI,SI,SI,SI,SI,am2.1,am1.2,ea1,ea1,am1.4.1,ea1,ea1,am1.1
EPI_ISL_20359554,2023-04-14,Ica,regional_context,,,,,SI,SI,SI,SI,SI,SI,SI,SI,am2.1,am1.2,ea1,ea1,am1.4.1,ea1,ea1,am1.1
EPI_ISL_20369803,2025-05-15,Sapucaiasulbr,regional_context,,,,,SI,SI,SI,SI,SI,SI,SI,SI,,,,,am1.1,ea1,ea1,
EPI_ISL_20369892,2025-05-15,Sapucaiasulbr,regional_context,,,,,SI,SI,SI,SI,SI,SI,SI,SI,,,,,am1.1,ea1,ea1,
EPI_ISL_20369893,2025-05-15,Montenegrobr,regional_context,,,,,SI,SI,SI,SI,SI,SI,SI,SI,,,,,am1.1,ea1,ea1,
EPI_ISL_20369940,2025-05-25,Mateuslemebr,regional_context,,,,,SI,SI,SI,SI,SI,SI,SI,SI,,,,ea1,am1.1,ea1,ea1,
EPI_ISL_20369963,2025-05-25,Mateuslemebr,regional_context,,,,,SI,SI,SI,SI,SI,SI,SI,SI,,,ea1,ea1,,ea1,ea1,am1.1
EPI_ISL_20370011,2025-05-28,Montenegrobr,regional_context,,,,,SI,SI,SI,SI,SI,SI,SI,SI,,,,,am1.1,ea1,ea1,
EPI_ISL_20370172,2025-06-07,Campinapolisbr,regional_context,,,,,SI,SI,SI,SI,SI,SI,SI,SI,,,ea1,ea1,,ea1,ea1,am1.1
EPI_ISL_20370708,2025-06-03,Brasiliabr,regional_context,,,,,SI,SI,SI,SI,SI,SI,SI,SI,,,ea1,ea1,,ea1,ea1,am1.1
EPI_ISL_20370723,2025-06-14,Brasiliabr,regional_context,,,,,SI,SI,SI,SI,SI,SI,SI,SI,,,ea1,ea1,,ea1,ea1,am1.1
EPI_ISL_20370746,2025-06-13,Santoantoniodabarrabr,regional_context,,,,,SI,SI,SI,SI,SI,SI,SI,SI,,,ea1,ea1,,ea1,ea1,am1.1
EPI_ISL_20370752,2025-07-11,Saopaulobr,regional_context,,,,,SI,SI,SI,SI,SI,SI,SI,SI,,,ea1,ea1,,ea1,ea1,am1.1
EPI_ISL_20370756,2025-06-27,Saomateusbr,regional_context,,,,,SI,SI,SI,SI,SI,SI,SI,SI,,,ea1,ea1,,ea1,ea1,am1.1
EPI_ISL_20370791,2025-07-17,Quixeramobimbr,regional_context,,,,,SI,SI,SI,SI,SI,SI,SI,SI,,,ea1,ea1,,ea1,ea1,am1.1
EPI_ISL_20370822,2025-07-22,Riodejaneirobr,regional_context,,,,,SI,SI,SI,SI,SI,SI,SI,SI,,,ea1,ea1,,ea1,ea1,am1.1
EPI_ISL_20370823,2025-07-23,Monteazulpaulistabr,regional_context,,,,,SI,SI,SI,SI,SI,SI,SI,SI,,,ea1,ea1,,ea1,ea1,am1.1
EPI_ISL_20386295,2025-07-14,Argentina,regional_context,,,,,SI,SI,SI,SI,SI,SI,SI,SI,,,,,am1.1,ea1,ea1,
EPI_ISL_20386296,2025-07-14,Argentina,regional_context,,,,,SI,SI,SI,SI,SI,SI,SI,SI,,,,ea1,am1.1,ea1,ea1,
EPI_ISL_20386297,2025-07-31,Argentina,regional_context,,,,,SI,SI,SI,SI,SI,SI,SI,SI,,,,ea1,am1.1,ea1,ea1,
EPI_ISL_20386298,2025-07-31,Argentina,regional_context,,,,,SI,SI,SI,SI,SI,SI,SI,SI,,,,ea1,am1.1,ea1,ea1,
EPI_ISL_20386299,2025-07-31,Argentina,regional_context,,,,,SI,SI,SI,SI,SI,SI,SI,SI,,,,ea1,am1.1,,ea1,
EPI_ISL_20386300,2025-07-31,Argentina,regional_context,,,,,SI,SI,SI,SI,SI,SI,SI,SI,,,,ea1,,,ea1,
EPI_ISL_20386302,2025-07-31,Argentina,regional_context,,,,,SI,SI,SI,SI,SI,SI,SI,SI,,,,,am1.1,,ea1,
EPI_ISL_20386303,2025-08-12,Argentina,regional_context,,,,,SI,SI,SI,SI,SI,SI,SI,SI,,,,,am1.1,,ea1,
EPI_ISL_20386305,2025-08-18,Argentina,regional_context,,,,,SI,SI,SI,SI,SI,SI,SI,SI,,,,,am1.1,,ea1,
EPI_ISL_20386306,2025-08-18,Argentina,regional_context,,,,,SI,SI,SI,SI,SI,SI,SI,SI,,,,ea1,am1.1,ea1,ea1,
EPI_ISL_20386307,2025-08-18,Argentina,regional_context,,,,,SI,SI,SI,SI,SI,SI,SI,SI,,,,ea1,am1.1,ea1,ea1,
EPI_ISL_20386309,2025-08-30,Argentina,regional_context,,,,,SI,SI,SI,SI,SI,SI,SI,SI,,,,ea1,,ea1,ea1,
EPI_ISL_20386310,2025-08-30,Argentina,regional_context,,,,,SI,SI,SI,SI,SI,SI,SI,SI,,,,ea1,,ea1,ea1,
EPI_ISL_20386311,2025-10-06,Argentina,regional_context,,,,,SI,SI,SI,SI,SI,SI,SI,SI,,,,,,,ea1,
EPI_ISL_20386312,2025-10-06,Argentina,regional_context,,,,,SI,SI,SI,SI,SI,SI,SI,SI,,,,,,,ea1,
EPI_ISL_20386313,2025-10-06,Argentina,regional_context,,,,,SI,SI,SI,SI,SI,SI,SI,SI,,,,,,,ea1,
EPI_ISL_20386314,2025-10-06,Argentina,regional_context,,,,,SI,SI,SI,SI,SI,SI,SI,SI,,,,,,,ea1,
EPI_ISL_20444434,2023-05-06,Chile,regional_context,,,,,SI,SI,SI,SI,SI,SI,SI,SI,am2.1,am1.2,ea1,,am1.4.1,ea1,ea1,am1.1
EPI_ISL_20444435,2023-04-24,Chile,regional_context,,,,,SI,SI,SI,SI,SI,SI,SI,SI,am2.1,am1.2,ea1,,am1.4.1,ea1,ea1,am1.1
EPI_ISL_20444438,2023-03-30,Chile,regional_context,,,,,SI,SI,SI,SI,SI,SI,SI,SI,am2.1,am1.2,ea1,,am1.4.1,ea1,ea1,am1.1
EPI_ISL_20444439,2023-04-05,Chile,regional_context,,,,,SI,SI,SI,SI,SI,SI,SI,SI,am2.1,am1.2,ea1,ea1,am1.4.1,ea1,ea1,am1.1
EPI_ISL_20444440,2023-04-07,Chile,regional_context,,,,,SI,SI,SI,SI,SI,SI,SI,SI,am2.1,am1.2,ea1,,am1.4.1,ea1,ea1,am1.1
EPI_ISL_20444441,2023-04-07,Chile,regional_context,,,,,SI,SI,SI,SI,SI,SI,SI,SI,am2.1,am1.2,ea1,,am1.4.1,ea1,ea1,am1.1
EPI_ISL_20444443,2023-04-07,Chile,regional_context,,,,,SI,SI,SI,SI,SI,SI,SI,SI,am2.1,am1.2,ea1,ea1,am1.4.1,ea1,ea1,am1.1
EPI_ISL_20444444,2023-04-12,Chile,regional_context,,,,,SI,SI,SI,SI,SI,SI,SI,SI,am2.1,am1.2,ea1,,am1.4.1,ea1,ea1,am1.1
EPI_ISL_20444445,2023-04-12,Chile,regional_context,,,,,SI,SI,SI,SI,SI,SI,SI,SI,am2.1,am1.2,ea1,,am1.4.1,ea1,ea1,am1.1
EPI_ISL_20444446,2023-04-12,Chile,regional_context,,,,,SI,SI,SI,SI,SI,SI,SI,SI,am2.1,am1.2,ea1,,am1.4.1,ea1,ea1,am1.1
EPI_ISL_20444447,2023-04-12,Chile,regional_context,,,,,SI,SI,SI,SI,SI,SI,SI,SI,am2.1,am1.2,ea1,,am1.4.1,ea1,ea1,am1.1
EPI_ISL_20444448,2023-04-19,Chile,regional_context,,,,,SI,SI,SI,SI,SI,SI,SI,SI,am2.1,am1.2,ea1,,am1.4.1,ea1,ea1,am1.1
EPI_ISL_20444449,2023-05-09,Chile,regional_context,,,,,SI,SI,SI,SI,SI,SI,SI,SI,am2.1,am1.2,ea1,,am1.4.1,ea1,ea1,am1.1
EPI_ISL_20444450,2023-06-03,Chile,regional_context,,,,,SI,SI,SI,SI,SI,SI,SI,SI,am2.1,am1.2,ea1,,am1.4.1,ea1,ea1,am1.1
EPI_ISL_20444451,2023-06-03,Chile,regional_context,,,,,SI,SI,SI,SI,SI,SI,SI,SI,am2.1,am1.2,ea1,,am1.4.1,ea1,ea1,am1.1
EPI_ISL_20444452,2023-06-03,Chile,regional_context,,,,,SI,SI,SI,SI,SI,SI,SI,SI,am2.1,am1.2,ea1,,am1.4.1,ea1,ea1,am1.1
EPI_ISL_20444453,2023-06-03,Chile,regional_context,,,,,SI,SI,SI,SI,SI,SI,SI,SI,am2.1,am1.2,ea1,,am1.4.1,ea1,ea1,am1.1
EPI_ISL_20444454,2023-03-22,Chile,regional_context,,,,,SI,SI,SI,SI,SI,SI,SI,SI,am2.1,am1.2,ea1,ea1,am1.4.1,ea1,ea1,am1.1
EPI_ISL_20444455,2023-03-22,Chile,regional_context,,,,,SI,SI,SI,SI,SI,SI,SI,SI,am2.1,am1.2,ea1,ea1,am1.4.1,ea1,ea1,am1.1
EPI_ISL_20444456,2023-03-18,Chile,regional_context,,,,,SI,SI,SI,SI,SI,SI,SI,SI,am2.1,am1.2,ea1,,am1.4.1,ea1,ea1,am1.1
EPI_ISL_20444457,2023-03-18,Chile,regional_context,,,,,SI,SI,SI,SI,SI,SI,SI,SI,am2.1,am1.2,ea1,ea1,am1.4.1,ea1,ea1,am1.1
EPI_ISL_20444458,2023-04-11,Chile,regional_context,,,,,SI,SI,SI,SI,SI,SI,SI,SI,am2.1,am1.2,ea1,,am1.4.1,ea1,ea1,am1.1
EPI_ISL_20444459,2023-06-06,Chile,regional_context,,,,,SI,SI,SI,SI,SI,SI,SI,SI,am2.1,am1.2,ea1,,am1.4.1,ea1,ea1,am1.1
EPI_ISL_20444461,2023-09-20,Chile,regional_context,,,,,SI,SI,SI,SI,SI,SI,SI,SI,am2.1,,ea1,,am1.4.1,ea1,ea1,am1.1
EPI_ISL_20444463,2023-03-07,Chile,regional_context,,,,,SI,SI,SI,SI,SI,SI,SI,SI,am2.1,am1.2,ea1,,am1.4.1,ea1,ea1,am1.1
EPI_ISL_20444466,2023-05-09,Chile,regional_context,,,,,SI,SI,SI,SI,SI,SI,SI,SI,am2.1,am1.2,ea1,,am1.4.1,ea1,ea1,am1.1
EPI_ISL_20444467,2023-09-25,Chile,regional_context,,,,,SI,SI,SI,SI,SI,SI,SI,SI,am2.1,am1.2,ea1,,am1.4.1,ea1,ea1,am1.1
EPI_ISL_20444468,2023-09-14,Chile,regional_context,,,,,SI,SI,SI,SI,SI,SI,SI,SI,am2.1,am1.2,ea1,,am1.4.1,ea1,ea1,am1.1
EPI_ISL_20444470,2023-04-21,Chile,regional_context,,,,,SI,SI,SI,SI,SI,SI,SI,SI,am2.1,am1.2,ea1,,am1.4.1,ea1,ea1,am1.1
EPI_ISL_20444471,2023-03-21,Chile,regional_context,,,,,SI,SI,SI,SI,SI,SI,SI,SI,am2.1,am1.2,ea1,,am1.4.1,ea1,ea1,am1.1
EPI_ISL_20444473,2023-04-01,Chile,regional_context,,,,,SI,SI,SI,SI,SI,SI,SI,SI,am2.1,am1.2,ea1,ea1,am1.4.1,ea1,ea1,am1.1
EPI_ISL_20444474,2023-04-03,Chile,regional_context,,,,,SI,SI,SI,SI,SI,SI,SI,SI,am2.1,am1.2,ea1,,am1.4.1,ea1,ea1,am1.1
EPI_ISL_20444475,2023-09-21,Chile,regional_context,,,,,SI,SI,SI,SI,SI,SI,SI,SI,am2.1,am1.2,ea1,,am1.4.1,ea1,ea1,am1.1
EPI_ISL_20444476,2023-09-25,Chile,regional_context,,,,,SI,SI,SI,SI,SI,SI,SI,SI,am2.1,am1.2,ea1,,am1.4.1,ea1,ea1,am1.1
EPI_ISL_20444477,2023-09-26,Chile,regional_context,,,,,SI,SI,SI,SI,SI,SI,SI,SI,am2.1,am1.2,ea1,,am1.4.1,ea1,ea1,am1.1
EPI_ISL_20444478,2023-09-27,Chile,regional_context,,,,,SI,SI,SI,SI,SI,SI,SI,SI,am2.1,am1.2,ea1,,am1.4.1,ea1,ea1,am1.1
EPI_ISL_20444479,2023-09-29,Chile,regional_context,,,,,SI,SI,SI,SI,SI,SI,SI,SI,am2.1,am1.2,ea1,,am1.4.1,ea1,ea1,am1.1
EPI_ISL_20444481,2023-10-02,Chile,regional_context,,,,,SI,SI,SI,SI,SI,SI,SI,SI,am2.1,am1.2,ea1,,am1.4.1,ea1,ea1,am1.1
EPI_ISL_20444482,2023-10-06,Chile,regional_context,,,,,SI,SI,SI,SI,SI,SI,SI,SI,am2.1,am1.2,ea1,,am1.4.1,ea1,ea1,am1.1
EPI_ISL_20444484,2023-10-11,Chile,regional_context,,,,,SI,SI,SI,SI,SI,SI,SI,SI,am2.1,am1.2,ea1,,am1.4.1,ea1,ea1,am1.1
EPI_ISL_20444485,2023-10-20,Chile,regional_context,,,,,SI,SI,SI,SI,SI,SI,SI,SI,am2.1,am1.2,ea1,ea1,am1.4.1,ea1,ea1,am1.1
EPI_ISL_20444486,2023-10-06,Chile,regional_context,,,,,SI,SI,SI,SI,SI,SI,SI,SI,am2.1,am1.2,ea1,,am1.4.1,ea1,ea1,am1.1
EPI_ISL_20444487,2023-11-28,Chile,regional_context,,,,,SI,SI,SI,SI,SI,SI,SI,SI,am2.1,am1.2,ea1,,am1.4.1,ea1,ea1,am1.1
EPI_ISL_20444488,2023-12-02,Chile,regional_context,,,,,SI,SI,SI,SI,SI,SI,SI,SI,am2.1,am1.2,ea1,,am1.4.1,ea1,ea1,am1.1
EPI_ISL_20444491,2023-03-18,Chile,regional_context,,,,,SI,SI,SI,SI,SI,SI,SI,SI,am2.1,am1.2,ea1,ea1,am1.4.1,ea1,ea1,am1.1
EPI_ISL_20444492,2023-03-16,Chile,regional_context,,,,,SI,SI,SI,SI,SI,SI,SI,SI,am2.1,am1.2,ea1,,am1.4.1,ea1,ea1,am1.1
EPI_ISL_20444494,2023-03-15,Chile,regional_context,,,,,SI,SI,SI,SI,SI,SI,SI,SI,am2.1,am1.2,ea1,,am1.4.1,ea1,ea1,am1.1
EPI_ISL_20444495,2023-03-10,Chile,regional_context,,,,,SI,SI,SI,SI,SI,SI,SI,SI,am2.1,am1.2,ea1,ea1,am1.4.1,ea1,ea1,am1.1
EPI_ISL_20444496,2023-03-10,Chile,regional_context,,,,,SI,SI,SI,SI,SI,SI,SI,SI,am2.1,am1.2,ea1,ea1,am1.4.1,ea1,ea1,am1.1
EPI_ISL_20444497,2023-09-13,Chile,regional_context,,,,,SI,SI,SI,SI,SI,SI,SI,SI,am2.1,am1.2,ea1,,am1.4.1,ea1,ea1,am1.1
EPI_ISL_20444498,2023-03-10,Chile,regional_context,,,,,SI,SI,SI,SI,SI,SI,SI,SI,am2.1,am1.2,ea1,ea1,am1.4.1,ea1,ea1,am1.1
EPI_ISL_20444499,2023-03-13,Chile,regional_context,,,,,SI,SI,SI,SI,SI,SI,SI,SI,am2.1,am1.2,ea1,,am1.4.1,ea1,ea1,am1.1
EPI_ISL_20444500,2023-03-12,Chile,regional_context,,,,,SI,SI,SI,SI,SI,SI,SI,SI,am2.1,am1.2,ea1,,am1.4.1,ea1,ea1,am1.1
EPI_ISL_20444501,2023-03-12,Chile,regional_context,,,,,SI,SI,SI,SI,SI,SI,SI,SI,am2.1,am1.2,ea1,,am1.4.1,ea1,ea1,am1.1
EPI_ISL_20444502,2023-03-12,Chile,regional_context,,,,,SI,SI,SI,SI,SI,SI,SI,SI,am2.1,am1.2,ea1,,am1.4.1,ea1,ea1,am1.1
EPI_ISL_20444503,2023-03-07,Chile,regional_context,,,,,SI,SI,SI,SI,SI,SI,SI,SI,am2.1,am1.2,ea1,ea1,am1.4.1,ea1,ea1,am1.1
EPI_ISL_20444505,2023-03-10,Chile,regional_context,,,,,SI,SI,SI,SI,SI,SI,SI,SI,am2.1,am1.2,ea1,ea1,am1.4.1,ea1,ea1,am1.1
EPI_ISL_20444506,2023-09-06,Chile,regional_context,,,,,SI,SI,SI,SI,SI,SI,SI,SI,am2.1,am1.2,ea1,,am1.4.1,ea1,ea1,am1.1
EPI_ISL_20444507,2023-08-31,Chile,regional_context,,,,,SI,SI,SI,SI,SI,SI,SI,SI,am2.1,am1.2,ea1,,am1.4.1,ea1,ea1,am1.1
EPI_ISL_20444508,2023-09-01,Chile,regional_context,,,,,SI,SI,SI,SI,SI,SI,SI,SI,am2.1,am1.2,ea1,,am1.4.1,ea1,ea1,am1.1
EPI_ISL_20444510,2023-04-19,Chile,regional_context,,,,,SI,SI,SI,SI,SI,SI,SI,SI,am2.1,am1.2,ea1,,am1.4.1,ea1,ea1,am1.1
EPI_ISL_20444511,2023-04-19,Chile,regional_context,,,,,SI,SI,SI,SI,SI,SI,SI,SI,am2.1,am1.2,ea1,,am1.4.1,ea1,ea1,am1.1
EPI_ISL_20444519,2023-04-17,Chile,regional_context,,,,,SI,SI,SI,SI,SI,SI,SI,SI,am2.1,am1.2,ea1,,am1.4.1,ea1,ea1,am1.1
EPI_ISL_20444520,2023-04-13,Chile,regional_context,,,,,SI,SI,SI,SI,SI,SI,SI,SI,am2.1,am1.2,ea1,,am1.4.1,ea1,ea1,am1.1
EPI_ISL_20444521,2023-03-29,Chile,regional_context,,,,,SI,SI,SI,SI,SI,SI,SI,SI,am2.1,am1.2,ea1,,am1.4.1,ea1,ea1,am1.1
EPI_ISL_20444522,2023-03-29,Chile,regional_context,,,,,SI,SI,SI,SI,SI,SI,SI,SI,am2.1,am1.2,ea1,,am1.4.1,ea1,ea1,am1.1
EPI_ISL_20444523,2023-03-29,Chile,regional_context,,,,,SI,SI,SI,SI,SI,SI,SI,SI,am2.1,am1.2,ea1,,am1.4.1,ea1,ea1,am1.1
EPI_ISL_20444524,2023-03-18,Chile,regional_context,,,,,SI,SI,SI,SI,SI,SI,SI,SI,am2.1,am1.2,ea1,,am1.4.1,ea1,ea1,am1.1
EPI_ISL_20444525,2023-03-07,Chile,regional_context,,,,,SI,SI,SI,SI,SI,SI,SI,SI,am2.1,am1.2,ea1,,am1.4.1,ea1,ea1,am1.1
EPI_ISL_20444527,2023-04-11,Chile,regional_context,,,,,SI,SI,SI,SI,SI,SI,SI,SI,am2.1,am1.2,ea1,,am1.4.1,ea1,ea1,am1.1
EPI_ISL_20444528,2023-04-05,Chile,regional_context,,,,,SI,SI,SI,SI,SI,SI,SI,SI,am2.1,am1.2,ea1,ea1,am1.4.1,ea1,ea1,am1.1
EPI_ISL_20444529,2023-03-29,Chile,regional_context,,,,,SI,SI,SI,SI,SI,SI,SI,SI,am2.1,am1.2,ea1,,am1.4.1,ea1,ea1,am1.1
EPI_ISL_20444531,2023-08-30,Chile,regional_context,,,,,SI,SI,SI,SI,SI,SI,SI,SI,am2.1,am1.2,ea1,,am1.4.1,ea1,ea1,am1.1
EPI_ISL_20444532,2023-08-24,Chile,regional_context,,,,,SI,SI,SI,SI,SI,SI,SI,SI,am2.1,am1.2,ea1,ea1,am1.4.1,ea1,ea1,am1.1
EPI_ISL_20444533,2023-08-25,Chile,regional_context,,,,,SI,SI,SI,SI,SI,SI,SI,SI,am2.1,am1.2,ea1,,am1.4.1,ea1,ea1,am1.1
EPI_ISL_20444534,2023-08-22,Chile,regional_context,,,,,SI,SI,SI,SI,SI,SI,SI,SI,am2.1,am1.2,ea1,,am1.4.1,ea1,ea1,am1.1
EPI_ISL_20444535,2023-08-18,Chile,regional_context,,,,,SI,SI,SI,SI,SI,SI,SI,SI,am2.1,am1.2,ea1,,am1.4.1,ea1,ea1,am1.1
EPI_ISL_20444538,2023-08-16,Chile,regional_context,,,,,SI,SI,SI,SI,SI,SI,SI,SI,am2.1,am1.2,ea1,,am1.4.1,ea1,ea1,am1.1
EPI_ISL_20444539,2023-08-01,Chile,regional_context,,,,,SI,SI,SI,SI,SI,SI,SI,SI,am2.1,am1.2,ea1,,am1.4.1,ea1,ea1,am1.1
EPI_ISL_20444540,2023-06-03,Chile,regional_context,,,,,SI,SI,SI,SI,SI,SI,SI,SI,am2.1,am1.2,ea1,,am1.4.1,ea1,ea1,am1.1
EPI_ISL_20444541,2023-06-01,Chile,regional_context,,,,,SI,SI,SI,SI,SI,SI,SI,SI,am2.1,am1.2,ea1,,am1.4.1,ea1,ea1,am1.1
EPI_ISL_20444542,2023-03-06,Chile,regional_context,,,,,SI,SI,SI,SI,SI,SI,SI,SI,am2.1,am1.2,ea1,,am1.4.1,ea1,ea1,am1.1
